PRODUTO;DESCRICAO;LOTE MINIMO;PRECO (R$);%ICMS;%IPI;IPI (R$)
S3054;ACOP BRASIKON 2P+T 16A 100/130V 4H AM IP44;1;R$ 45,39;7;9,75;R$ 4,42
S3056;ACOP BRASIKON 2P+T 16A 200/250V 6H AZ IP44;1;R$ 45,37;7;9,75;R$ 4,42
SN3056;ACOP BRASIKON 2P+T 16A 200/250V AZ NEG;1;R$ 127,07;7;9,75;R$ 12,38
S3059;ACOP BRASIKON 2P+T 16A 380/440V 9H VM IP44;1;R$ 45,39;7;9,75;R$ 4,42
S3055;ACOP BRASIKON 2P+T 16A 600/690V 5H PT IP44;1;R$ 83,32;7;9,75;R$ 8,12
SN3859;ACOP BRASIKON 2P+T 200A 380/440V 9H VM NEG;1;R$ 7.395,03;7;9,75;R$ 721,01
S3254;ACOP BRASIKON 2P+T 32A 100/130V 4H AM IP44;1;R$ 64,51;7;9,75;R$ 6,28
S3256;ACOP BRASIKON 2P+T 32A 200/250V 6H AZ IP44;1;R$ 64,51;7;9,75;R$ 6,28
S3252;ACOP BRASIKON 2P+T 32A 24V 2H LI IP44;1;R$ 135,49;7;9,75;R$ 13,21
S3259;ACOP BRASIKON 2P+T 32A 380/440V 9H VM IP44;1;R$ 64,51;7;9,75;R$ 6,28
S283;ACOP BRASIKON 2P+T 42VCA 16A 12H BR;1;R$ 123,59;4;9,75;R$ 12,05
S3556;ACOP BRASIKON 2P+T 63A 200/250V 6H AZ IP67;1;R$ 237,68;7;9,75;R$ 23,17
S3559;ACOP BRASIKON 2P+T 63A 380/440V 9H VM IP67;1;R$ 237,68;7;9,75;R$ 23,17
S5656;ACOP BRASIKON 3P+N+T 125A 380/440V 6H VM IP67;1;R$ 2.186,19;7;9,75;R$ 213,15
S5059;ACOP BRASIKON 3P+N+T 16A 200/250V 9H AZ IP44;1;R$ 56,52;7;9,75;R$ 5,51
SN5059;ACOP BRASIKON 3P+N+T 16A 200/250V 9H AZ NG;1;R$ 158,23;7;9,75;R$ 15,42
S5056;ACOP BRASIKON 3P+N+T 16A 380/440V 6H VM IP44;1;R$ 56,52;7;9,75;R$ 5,51
S5259;ACOP BRASIKON 3P+N+T 32A 200/250V 9H AZ IP44;1;R$ 86,57;7;9,75;R$ 8,44
SN5259;ACOP BRASIKON 3P+N+T 32A 200/250V 9H AZ NEG;1;R$ 242,42;7;9,75;R$ 23,63
S5256;ACOP BRASIKON 3P+N+T 32A 380/440V 6H VM IP44;1;R$ 86,57;7;9,75;R$ 8,44
S5559;ACOP BRASIKON 3P+N+T 63A 200/250V 9H AZ IP67;1;R$ 519,28;7;9,75;R$ 50,62
S5556;ACOP BRASIKON 3P+N+T 63A 380/440V 6H VM IP67;1;R$ 519,28;7;9,75;R$ 50,62
S5555;ACOP BRASIKON 3P+N+T 63A 600/690V 5H PT IP67;1;R$ 1.090,47;7;9,75;R$ 106,32
S4659;ACOP BRASIKON 3P+T 125A 200/250V 9H AZ IP67;1;R$ 481,87;7;9,75;R$ 46,98
S4656;ACOP BRASIKON 3P+T 125A 380/440V 6H VM IP67;1;R$ 481,87;7;9,75;R$ 46,98
S4059;ACOP BRASIKON 3P+T 16A 200/250V 9H AZ IP44;1;R$ 39,29;7;9,75;R$ 3,83
S4056BM;ACOP BRASIKON 3P+T 16A 380/440V 6H VM;1;R$ 162,15;7;9,75;R$ 15,80
S4056;ACOP BRASIKON 3P+T 16A 380/440V 6H VM IP44;1;R$ 39,29;7;9,75;R$ 3,83
SN4056;ACOP BRASIKON 3P+T 16A 380/440V 6H VM NEG;1;R$ 145,12;7;9,75;R$ 14,14
S4856;ACOP BRASIKON 3P+T 200A 380/440V 6H VM;1;R$ 2.934,53;7;9,75;R$ 286,11
S4254;ACOP BRASIKON 3P+T 32A 100/130V 4H AM IP44;1;R$ 46,75;7;9,75;R$ 4,55
S4259;ACOP BRASIKON 3P+T 32A 200/250V 9H AZ IP44;1;R$ 46,75;7;9,75;R$ 4,55
S4256BM;ACOP BRASIKON 3P+T 32A 380/440V 6H VM;1;R$ 281,64;7;9,75;R$ 27,45
S4256;ACOP BRASIKON 3P+T 32A 380/440V 6H VM IP44;1;R$ 46,75;7;9,75;R$ 4,55
S4255;ACOP BRASIKON 3P+T 32A 600/690V 5H PT IP44;1;R$ 60,79;7;9,75;R$ 5,92
S4554;ACOP BRASIKON 3P+T 63A 100/130V 4H AM IP67;1;R$ 237,68;7;9,75;R$ 23,17
S4559;ACOP BRASIKON 3P+T 63A 200/250V 9H AZ IP67;1;R$ 237,68;7;9,75;R$ 23,17
SN4559;ACOP BRASIKON 3P+T 63A 200/250V 9H AZ NEG;1;R$ 665,48;7;9,75;R$ 64,88
S4556;ACOP BRASIKON 3P+T 63A 380/440V 6H VM IP67;1;R$ 237,68;7;9,75;R$ 23,17
SN4556;ACOP BRASIKON 3P+T 63A 380/440V 6H VM NEG;1;R$ 665,48;7;9,75;R$ 64,88
S4556P;ACOP BRASIKON 3P+T 63A 380/440V 6H VM PILOTO;1;R$ 220,08;7;9,75;R$ 21,45
S4555;ACOP BRASIKON 3P+T 63A 600/690V 5H PT IP67;1;R$ 499,11;7;9,75;R$ 48,66
SN4656;ACOP BRASIKON 4P 125A 380/440V 6H VM NEG;1;R$ 819,33;7;9,75;R$ 79,88
SN5556;ACOP BRASIKON 5P 63A 380/440V 6H VM NEG;1;R$ 1.453,97;7;9,75;R$ 141,76
00125317M;BUCHA PILOTO 125A 200A 250A LATAO MONT BRASIKON;1;R$ 4,68;7;9,75;R$ 0,45
S328;BUCHA PILOTO 63A MT BRASIKON;1;R$ 6,73;7;9,75;R$ 0,65
328;BUCHA PILOTO 63A MT BRASIKON;1;R$ 5,62;7;9,75;R$ 0,54
S4506KT3;KIT TAMPA MOLA E PINO TRAVA 63A VM SURELOCK;240;R$ 16,07;7;9,75;R$ 1,56
SP3006;MODU TOM EMB BRASIKON 2P+T 16A 200/250V 6H AZ;1;R$ 139,81;7;9,75;R$ 13,63
SP3009;MODU TOM EMB BRASIKON 2P+T 16A 380/440V 9H VM;1;R$ 139,81;7;9,75;R$ 13,63
SP3204;MODU TOM EMB BRASIKON 2P+T 32A 100/130V 4H AM;1;R$ 181,74;7;9,75;R$ 17,71
SP3209;MODU TOM EMB BRASIKON 2P+T 32A 380/440V 9H VM;1;R$ 181,74;7;9,75;R$ 17,71
SP5004;MODU TOM EMB BRASIKON 3P+N+T 16A 100/130V 4H AM;1;R$ 160,77;7;9,75;R$ 15,67
SP5009;MODU TOM EMB BRASIKON 3P+N+T 16A 200/250V 9H AZ;1;R$ 160,77;7;9,75;R$ 15,67
SP5006;MODU TOM EMB BRASIKON 3P+N+T 16A 380/440V 6H VM;1;R$ 160,77;7;9,75;R$ 15,67
SP5005;MODU TOM EMB BRASIKON 3P+N+T 16A 600/690V 5H PT;1;R$ 450,16;7;9,75;R$ 43,89
SP5204;MODU TOM EMB BRASIKON 3P+N+T 32A 100/130V 4H AM;1;R$ 172,53;7;9,75;R$ 16,82
SP5209;MODU TOM EMB BRASIKON 3P+N+T 32A 200/250V 9H AZ;1;R$ 172,53;7;9,75;R$ 16,82
SP5206;MODU TOM EMB BRASIKON 3P+N+T 32A 380/440V 6H VM;1;R$ 172,53;7;9,75;R$ 16,82
SP4006;MODU TOM EMB BRASIKON 3P+T 16A 380/440V 6H VM;1;R$ 122,22;7;9,75;R$ 11,91
SP4005;MODU TOM EMB BRASIKON 3P+T 16A 600/690V 5H PT;1;R$ 402,58;7;9,75;R$ 39,25
SP4209;MODU TOM EMB BRASIKON 3P+T 32A 200/250V 9H AZ;1;R$ 136,58;7;15;R$ 20,48
SP4206;MODU TOM EMB BRASIKON 3P+T 32A 380/440V 6H VM;1;R$ 143,77;7;9,75;R$ 14,01
125309;PINO PILOTO 125A 4P (R) BRASIKON;1;R$ 2,52;7;9,75;R$ 0,24
S329;PINO PILOTO 63A MT BRASIKON;1;R$ 7,30;7;9,75;R$ 0,71
329;PINO PILOTO 63A MT BRASIKON;1;R$ 5,62;7;9,75;R$ 0,54
S3676;PLUG BRASIKON 2P+T 125A 200/250V 6H AZ IP67;1;R$ 1.240,03;7;9,75;R$ 120,90
S3074;PLUG BRASIKON 2P+T 16A 100/130V 4H AM IP44;1;R$ 28,49;7;9,75;R$ 2,77
S3076;PLUG BRASIKON 2P+T 16A 200/250V 6H AZ IP44;1;R$ 28,49;7;9,75;R$ 2,77
S3072;PLUG BRASIKON 2P+T 16A 24V 2H LI IP44;1;R$ 79,77;7;9,75;R$ 7,77
S3073;PLUG BRASIKON 2P+T 16A 24V 3H LI;1;R$ 44,82;7;9,75;R$ 4,36
S3079;PLUG BRASIKON 2P+T 16A 380/440V 9H VM IP44;1;R$ 28,49;7;9,75;R$ 2,77
S3075;PLUG BRASIKON 2P+T 16A 600/690V 5H PT IP44;1;R$ 48,44;7;9,75;R$ 4,72
S3274;PLUG BRASIKON 2P+T 32A 100/130V 4H AM IP44;1;R$ 55,02;7;9,75;R$ 5,36
S3276;PLUG BRASIKON 2P+T 32A 200/250V 6H AZ IP44;1;R$ 55,02;7;9,75;R$ 5,36
S3279;PLUG BRASIKON 2P+T 32A 380/440V 9H VM IP44;1;R$ 55,02;7;9,75;R$ 5,36
S3574;PLUG BRASIKON 2P+T 63A 100/130V 4H AM IP67;1;R$ 399,71;7;9,75;R$ 38,97
S3576;PLUG BRASIKON 2P+T 63A 200/250V 6H AZ IP67;1;R$ 399,71;7;9,75;R$ 38,97
S3572;PLUG BRASIKON 2P+T 63A 24V 2H LI IP67;1;R$ 803,90;7;9,75;R$ 78,38
S3579;PLUG BRASIKON 2P+T 63A 380/440V 9H VM IP67;1;R$ 399,71;7;9,75;R$ 38,97
S083;PLUG BRASIKON 3P 42VCA 16A (12H)BR BAIXISSIMA TEN;1;R$ 151,93;7;9,75;R$ 14,81
S5679;PLUG BRASIKON 3P+N+T 125A 200/250V 9H AZ IP67;1;R$ 1.681,93;7;9,75;R$ 163,98
S5676;PLUG BRASIKON 3P+N+T 125A 380/440V 6H VM IP67;1;R$ 1.681,93;7;9,75;R$ 163,98
S5079;PLUG BRASIKON 3P+N+T 16A 200/250V 9H AZ IP44;1;R$ 37,80;7;9,75;R$ 3,68
S5076;PLUG BRASIKON 3P+N+T 16A 380/440V 6H VM IP44;1;R$ 37,80;7;9,75;R$ 3,68
S5274;PLUG BRASIKON 3P+N+T 32A 100/130V 4H AM IP44;1;R$ 44,42;7;9,75;R$ 4,33
S5279;PLUG BRASIKON 3P+N+T 32A 200/250V 9H AZ IP44;1;R$ 44,42;7;9,75;R$ 4,33
S5276;PLUG BRASIKON 3P+N+T 32A 380/440V 6H VM IP44;1;R$ 44,42;7;9,75;R$ 4,33
S5579;PLUG BRASIKON 3P+N+T 63A 200/250V 9H AZ IP67;1;R$ 205,95;7;9,75;R$ 20,08
PRODUTO;DESCRICAO;LOTE MINIMO;PRECO;%ICMS;%IPI;IPI
S5576;PLUG BRASIKON 3P+N+T 63A 380/440V 6H VM IP67;1;R$ 205,95;7;9,75;R$ 20,08
S5575;PLUG BRASIKON 3P+N+T BRASIKON 63A 600/690V 5H PT I;1;R$ 720,33;7;9,75;R$ 70,23
S4679;PLUG BRASIKON 3P+T 125A 200/250V 9H AZ IP67;1;R$ 344,92;7;9,75;R$ 33,62
S4676;PLUG BRASIKON 3P+T 125A 380/440V 6H VM IP67;1;R$ 344,92;7;9,75;R$ 33,62
S46711;PLUG BRASIKON 3P+T 125A 440/460V 11H VM;1;R$ 515,12;7;9,75;R$ 50,22
S4675;PLUG BRASIKON 3P+T 125A 600/690V 5H PT IP67;1;R$ 515,12;7;9,75;R$ 50,22
S4074;PLUG BRASIKON 3P+T 16A 100/130V 4H AM IP44;1;R$ 30,62;7;9,75;R$ 2,98
S4079;PLUG BRASIKON 3P+T 16A 200/250V 9H AZ IP44;1;R$ 30,62;7;9,75;R$ 2,98
S4072;PLUG BRASIKON 3P+T 16A 24V 2H LI IP44;1;R$ 64,53;7;9,75;R$ 6,29
S4076BM;PLUG BRASIKON 3P+T 16A 380/440V 6H VM;1;R$ 97,57;7;9,75;R$ 9,51
S4076;PLUG BRASIKON 3P+T 16A 380/440V 6H VM IP44;1;R$ 30,62;7;9,75;R$ 2,98
S4070;PLUG BRASIKON 3P+T 16A 500HZ 10H VD IP44;1;R$ 77,66;7;9,75;R$ 7,57
S4075;PLUG BRASIKON 3P+T 16A 600/690V 5H PT IP44;1;R$ 39,74;7;9,75;R$ 3,87
SN4879;PLUG BRASIKON 3P+T 200A 200/250V 9H AZ NEG;1;R$ 3.052,10;7;9,75;R$ 297,57
S4876;PLUG BRASIKON 3P+T 200A 380/440V 6H VM;1;R$ 1.327,01;7;9,75;R$ 129,38
SN4876;PLUG BRASIKON 3P+T 200A 380/440V 6H VM NEG;1;R$ 3.052,10;7;9,75;R$ 297,57
SN4875;PLUG BRASIKON 3P+T 200A 600/690V 5H PR NEG;1;R$ 3.082,94;7;9,75;R$ 300,58
S4875;PLUG BRASIKON 3P+T 200A 600/690V 5H PT;1;R$ 1.990,50;7;9,75;R$ 194,07
S4279BM1;PLUG BRASIKON 3P+T 32A 200/250V 9H AZ BM NOVA IP44;1;R$ 263,08;7;9,75;R$ 25,65
S4279;PLUG BRASIKON 3P+T 32A 200/250V 9H AZ IP44;1;R$ 40,56;7;9,75;R$ 3,95
S4276BM1;PLUG BRASIKON 3P+T 32A 380/440V 6H VM BM NOVA IP44;1;R$ 230,70;7;9,75;R$ 22,49
S4276;PLUG BRASIKON 3P+T 32A 380/440V 6H VM IP44;1;R$ 40,56;7;9,75;R$ 3,95
S4270;PLUG BRASIKON 3P+T 32A 500HZ 10H VD IP44;1;R$ 17,76;7;9,75;R$ 1,73
S4277;PLUG BRASIKON 3P+T 32A 500V 7H PT;1;R$ 52,70;7;9,75;R$ 5,13
S4275;PLUG BRASIKON 3P+T 32A 600/690V 5H PT IP44;1;R$ 52,70;7;9,75;R$ 5,13
S4574;PLUG BRASIKON 3P+T 63A 100/130V 4H AM IP67;1;R$ 127,72;7;9,75;R$ 12,45
S4579;PLUG BRASIKON 3P+T 63A 200/250V 9H AZ IP67;1;R$ 127,72;7;9,75;R$ 12,45
S4576;PLUG BRASIKON 3P+T 63A 380/440V 6H VM IP67;1;R$ 127,72;7;9,75;R$ 12,45
S45711;PLUG BRASIKON 3P+T 63A 440/460V 11H VM;1;R$ 285,27;7;9,75;R$ 27,81
S4575;PLUG BRASIKON 3P+T 63A 600/690V 5H PT IP67;1;R$ 205,87;7;9,75;R$ 20,07
S0076;PLUG BRASIKON 6P+T 16A 380/440V 6H VM IP44;1;R$ 226,21;7;9,75;R$ 22,05
S11633;PLUG BRASIKON 90 2P+T 16A 200/250V 6H AZ;1;R$ 42,10;4;9,75;R$ 4,10
S13238;PLUG BRASIKON 90 3P 32A 380/440V 9H VM;1;R$ 165,74;7;9,75;R$ 16,15
S11637;PLUG BRASIKON 90 3P+N+T 16A 380/440V 6H VM;1;R$ 87,70;4;9,75;R$ 8,55
S11636;PLUG BRASIKON 90 3P+T 16A 380/440V 6H VM;1;R$ 42,32;7;9,75;R$ 4,12
S11634;PLUG BRASIKON 90 4P 16A 200/250V 9H AZ;1;R$ 77,63;4;9,75;R$ 7,56
S13236;PLUG BRASIKON 90 4P 32A 380/440V 6H VM;1;R$ 86,58;4;9,75;R$ 8,44
S11632;PLUG BRASIKON 90 5P 16A 100/130V 4H AM;1;R$ 53,39;4;9,75;R$ 5,20
S77256;PLUG FIX SOB BRASIKON 32A 3P+N+T 6H 380/440V INV;1;R$ 242,06;4;9,75;R$ 23,60
SN3074;PLUG NEG BRASIKON 2P+T 16A 100/130V 4H AM IP44;1;R$ 51,29;7;9,75;R$ 5,00
SN3076;PLUG NEG BRASIKON 2P+T 16A 200/250V 6H AZ IP44;1;R$ 51,29;7;9,75;R$ 5,00
SN3072;PLUG NEG BRASIKON 2P+T 16A 24V 2H LI IP44;1;R$ 143,61;7;9,75;R$ 14,00
SN3079;PLUG NEG BRASIKON 2P+T 16A 380/440V 9H VM IP44;1;R$ 51,29;7;9,75;R$ 5,00
SN3274;PLUG NEG BRASIKON 2P+T 32A 100/130V 4H AM IP44;1;R$ 99,05;7;9,75;R$ 9,65
SN3276;PLUG NEG BRASIKON 2P+T 32A 200/250V 6H AZ IP44;1;R$ 99,05;7;9,75;R$ 9,65
SN3279;PLUG NEG BRASIKON 2P+T 32A 380/440V 9H VM IP44;1;R$ 99,05;7;9,75;R$ 9,65
SN3576;PLUG NEG BRASIKON 2P+T 63A 200/250V 6H AZ IP67;1;R$ 719,48;7;9,75;R$ 70,14
SN3572;PLUG NEG BRASIKON 2P+T 63A 24V 2H LI IP67;1;R$ 2.014,53;7;9,75;R$ 196,41
SN5679;PLUG NEG BRASIKON 3P+N+T 125A 200/250V 9H AZ IP67;1;R$ 3.027,47;7;9,75;R$ 295,17
SN5676;PLUG NEG BRASIKON 3P+N+T 125A 380/440V 6H VM IP67;1;R$ 3.027,47;7;9,75;R$ 295,17
SN5079;PLUG NEG BRASIKON 3P+N+T 16A 200/250V 9H AZ IP44;1;R$ 70,63;7;9,75;R$ 6,88
SN5076;PLUG NEG BRASIKON 3P+N+T 16A 380/440V 6H VM IP44;1;R$ 70,63;7;9,75;R$ 6,88
SN5279;PLUG NEG BRASIKON 3P+N+T 32A 200/250V 9H AZ IP44;1;R$ 81,93;7;9,75;R$ 7,98
SN5276;PLUG NEG BRASIKON 3P+N+T 32A 380/440V 6H VM IP44;1;R$ 81,93;7;9,75;R$ 7,98
SN5579;PLUG NEG BRASIKON 3P+N+T 63A 200/250V 9H AZ IP67;1;R$ 463,07;7;9,75;R$ 45,14
SN5576;PLUG NEG BRASIKON 3P+N+T 63A 380/440V 6H VM IP67;1;R$ 463,07;7;9,75;R$ 45,14
SN4679;PLUG NEG BRASIKON 3P+T 125A 200/250V 9H AZ IP67;1;R$ 331,16;7;9,75;R$ 32,28
SN4676;PLUG NEG BRASIKON 3P+T 125A 380/440V 6H VM IP67;1;R$ 331,16;7;9,75;R$ 32,28
SN4079;PLUG NEG BRASIKON 3P+T 16A 200/250V 9H AZ IP44;1;R$ 55,15;7;9,75;R$ 5,37
SN4072;PLUG NEG BRASIKON 3P+T 16A 24V 2H LI IP44;1;R$ 154,42;7;9,75;R$ 15,05
SN4076;PLUG NEG BRASIKON 3P+T 16A 380/440V 6H VM IP44;1;R$ 55,15;7;9,75;R$ 5,37
SN4274;PLUG NEG BRASIKON 3P+T 32A 100/130V 4H AM IP44;1;R$ 65,90;7;9,75;R$ 6,42
SN4279;PLUG NEG BRASIKON 3P+T 32A 200/250V 9H AZ IP44;1;R$ 65,90;7;9,75;R$ 6,42
SN4276;PLUG NEG BRASIKON 3P+T 32A 380/440V 6H VM IP44;1;R$ 65,90;7;9,75;R$ 6,42
SN4579;PLUG NEG BRASIKON 3P+T 63A 200/250V 9H AZ IP67;1;R$ 183,38;7;9,75;R$ 17,87
SN4576;PLUG NEG BRASIKON 3P+T 63A 380/440V 6H VM IP67;1;R$ 183,38;7;9,75;R$ 17,87
SN4575;PLUG NEG BRASIKON 3P+T 63A 600/690V 5H PT IP67;1;R$ 513,50;7;9,75;R$ 50,06
199;SUP BUCHA 4P 200A FV MT;1;R$ 408,94;7;9,75;R$ 39,87
SEU7.103.P;SUPORTE 4X2 PARA 3 MODULOS GL;1;R$ 21,16;7;3,25;R$ 0,68
S3044;TOM EMB BRASIKON 2P+T 16A 100/130V 4H AM IP44;1;R$ 32,79;7;9,75;R$ 3,19
S3046;TOM EMB BRASIKON 2P+T 16A 200/250V 6H AZ IP44;1;R$ 32,79;7;9,75;R$ 3,19
S3042;TOM EMB BRASIKON 2P+T 16A 24V 2H LI IP44;1;R$ 89,44;7;9,75;R$ 8,72
S3049;TOM EMB BRASIKON 2P+T 16A 380/440V 9H VM IP44;1;R$ 32,79;7;9,75;R$ 3,19
S3244;TOM EMB BRASIKON 2P+T 32A 100/130V 4H AM IP44;1;R$ 54,53;7;9,75;R$ 5,31
S3246;TOM EMB BRASIKON 2P+T 32A 200/250V 6H AZ IP44;1;R$ 54,53;7;9,75;R$ 5,31
S3242;TOM EMB BRASIKON 2P+T 32A 24V 2H LI IP44;1;R$ 98,14;7;9,75;R$ 9,56
S3249;TOM EMB BRASIKON 2P+T 32A 380/440V 9H VM IP44;1;R$ 54,53;7;9,75;R$ 5,31
S3546;TOM EMB BRASIKON 2P+T 63A 200/250V 6H AZ IP67;1;R$ 413,60;7;9,75;R$ 40,32
S3542;TOM EMB BRASIKON 2P+T 63A 24V 2H LI IP67;1;R$ 837,24;7;9,75;R$ 81,63
S3549;TOM EMB BRASIKON 2P+T 63A 380/440V 9H VM IP67;1;R$ 413,60;7;9,75;R$ 40,32
S3846;TOM EMB BRASIKON 2P+T+PIL 200A 200/250V 6H AZ IP67;1;R$ 1.810,76;7;9,75;R$ 176,54
S5646;TOM EMB BRASIKON 3P+N+T 125A 380/440V 6H VM IP67;1;R$ 349,09;7;9,75;R$ 34,03
S5044;TOM EMB BRASIKON 3P+N+T 16A 100/130V 4H AM IP44;1;R$ 42,24;7;9,75;R$ 4,11
S5049;TOM EMB BRASIKON 3P+N+T 16A 200/250V 9H AZ IP44;1;R$ 42,24;7;9,75;R$ 4,11
S5046;TOM EMB BRASIKON 3P+N+T 16A 380/440V 6H VM IP44;1;R$ 42,24;7;9,75;R$ 4,11
S5244;TOM EMB BRASIKON 3P+N+T 32A 100/130V 4H AM IP44;1;R$ 53,35;7;9,75;R$ 5,20
S5249;TOM EMB BRASIKON 3P+N+T 32A 200/250V 9H AZ IP44;1;R$ 53,35;7;9,75;R$ 5,20
S5246;TOM EMB BRASIKON 3P+N+T 32A 380/440V 6H VM IP44;1;R$ 53,35;7;9,75;R$ 5,20
S5549;TOM EMB BRASIKON 3P+N+T 63A 200/250V 9H AZ IP67;1;R$ 238,77;7;9,75;R$ 23,28
PRODUTO;DESCRICAO;LOTE MINIMO;PRECO;%ICMS;%IPI;IPI
S5546;TOM EMB BRASIKON 3P+N+T 63A 380/440V 6H VM IP67;1;R$ 238,77;7;9,75;R$ 23,28
S5545;TOM EMB BRASIKON 3P+N+T 63A 600/690V 5H PT IP67;1;R$ 668,58;7;9,75;R$ 65,18
S4649;TOM EMB BRASIKON 3P+T 125A 200/250V 9H AZ IP67;1;R$ 317,35;7;9,75;R$ 30,94
S4646;TOM EMB BRASIKON 3P+T 125A 380/440V 6H VM IP67;1;R$ 317,35;7;9,75;R$ 30,94
S4044;TOM EMB BRASIKON 3P+T 16A 100/130V 4H AM IP44;1;R$ 34,37;7;9,75;R$ 3,35
S4049;TOM EMB BRASIKON 3P+T 16A 200/250V 9H AZ IP44;1;R$ 34,37;7;9,75;R$ 3,35
S4046;TOM EMB BRASIKON 3P+T 16A 380/440V 6H VM IP44;1;R$ 34,37;7;9,75;R$ 3,35
S4045;TOM EMB BRASIKON 3P+T 16A 600/690V 5H PT IP44;1;R$ 51,59;7;9,75;R$ 5,03
S4845MT;TOM EMB BRASIKON 3P+T 200A 600/690V 5H PT FV;1;R$ 2.218,46;7;9,75;R$ 216,29
S4249;TOM EMB BRASIKON 3P+T 32A 200/250V 9H AZ IP44;1;R$ 37,44;7;9,75;R$ 3,65
S4246;TOM EMB BRASIKON 3P+T 32A 380/440V 6H VM IP44;1;R$ 37,44;7;9,75;R$ 3,65
S4245;TOM EMB BRASIKON 3P+T 32A 600/690V 5H PT IP44;1;R$ 48,67;7;9,75;R$ 4,74
S4544;TOM EMB BRASIKON 3P+T 63A 100/130V 4H AM IP67;1;R$ 131,68;7;9,75;R$ 12,83
S4549;TOM EMB BRASIKON 3P+T 63A 200/250V 9H AZ IP67;1;R$ 131,68;7;9,75;R$ 12,83
S4546;TOM EMB BRASIKON 3P+T 63A 380/440V 6H VM IP67;1;R$ 131,68;7;9,75;R$ 12,83
S4545;TOM EMB BRASIKON 3P+T 63A 600/690V 5H PT IP67;1;R$ 171,21;7;9,75;R$ 16,69
S5649;TOM EMB BRASIKON 3P+T+N 125A 200/250V 9H AZ IP67;1;R$ 1.696,62;7;9,75;R$ 165,42
S4846;TOM EMB BRASIKON 3P+T+PIL 200A 380/440V 6H VM IP67;1;R$ 1.285,89;7;9,75;R$ 125,37
S1046;TOM EMB BRASIKON 6P+T 16A 380/440V 6H VM IP44;1;R$ 1.362,45;4;9,75;R$ 132,83
SN3044;TOM EMB NEG BRASIKON 2P+T 16A 100/130V 4H AM IP44;1;R$ 64,44;7;9,75;R$ 6,28
SN3046;TOM EMB NEG BRASIKON 2P+T 16A 200/250V 6H AZ IP44;1;R$ 64,44;7;9,75;R$ 6,28
SN3042;TOM EMB NEG BRASIKON 2P+T 16A 24V 2H LI IP44;1;R$ 180,42;7;9,75;R$ 17,59
SN3049;TOM EMB NEG BRASIKON 2P+T 16A 380/440V 9H VM IP44;1;R$ 64,44;7;9,75;R$ 6,28
SN3244;TOM EMB NEG BRASIKON 2P+T 32A 100/130V 4H AM IP44;1;R$ 125,28;7;9,75;R$ 12,21
SN3246;TOM EMB NEG BRASIKON 2P+T 32A 200/250V 6H AZ IP44;1;R$ 125,28;7;9,75;R$ 12,21
SN3242;TOM EMB NEG BRASIKON 2P+T 32A 24V 2H LI IP44;1;R$ 384,94;7;15;R$ 57,74
SN3249;TOM EMB NEG BRASIKON 2P+T 32A 380/440V 9H VM IP44;1;R$ 125,28;7;9,75;R$ 12,21
SN3546;TOM EMB NEG BRASIKON 2P+T 63A 200/250V 6H AZ IP67;1;R$ 1.116,30;7;9,75;R$ 108,83
SN5646;TOM EMB NEG BRASIKON 3P+N+T 125A 380/440V 6H VM;1;R$ 592,08;7;9,75;R$ 57,72
SN5049;TOM EMB NEG BRASIKON 3P+N+T 16A 200/250V 9H AZ;1;R$ 85,71;7;9,75;R$ 8,35
SN5046;TOM EMB NEG BRASIKON 3P+N+T 16A 380/440V 6H VM;1;R$ 85,71;7;9,75;R$ 8,35
SN5249;TOM EMB NEG BRASIKON 3P+N+T 32A 200/250V 9H AZ;1;R$ 101,68;7;9,75;R$ 9,91
SN5246;TOM EMB NEG BRASIKON 3P+N+T 32A 380/440V 6H VM;1;R$ 101,68;7;9,75;R$ 9,91
SN5549;TOM EMB NEG BRASIKON 3P+N+T 63A 200/250V 9H AZ;1;R$ 298,48;7;9,75;R$ 29,10
SN5546;TOM EMB NEG BRASIKON 3P+N+T 63A 380/440V 6H VM;1;R$ 298,48;7;9,75;R$ 29,10
SN4649;TOM EMB NEG BRASIKON 3P+T 125A 200/250V 9H AZ IP67;1;R$ 455,45;7;9,75;R$ 44,40
SN4646;TOM EMB NEG BRASIKON 3P+T 125A 380/440V 6H VM IP67;1;R$ 455,45;7;9,75;R$ 44,40
SN4049;TOM EMB NEG BRASIKON 3P+T 16A 200/250V 9H AZ IP44;1;R$ 78,85;7;9,75;R$ 7,68
SN4046;TOM EMB NEG BRASIKON 3P+T 16A 380/440V 6H VM IP44;1;R$ 78,85;7;9,75;R$ 7,68
SN4249;TOM EMB NEG BRASIKON 3P+T 32A 200/250V 9H AZ IP44;1;R$ 89,18;7;9,75;R$ 8,69
SN4246;TOM EMB NEG BRASIKON 3P+T 32A 380/440V 6H VM IP44;1;R$ 89,18;7;9,75;R$ 8,69
SN4245;TOM EMB NEG BRASIKON 3P+T 32A 600/690V 5H PT IP44;1;R$ 249,72;7;9,75;R$ 24,34
SN4549;TOM EMB NEG BRASIKON 3P+T 63A 200/250V 9H AZ IP67;1;R$ 243,93;7;9,75;R$ 23,78
SN4546;TOM EMB NEG BRASIKON 3P+T 63A 380/440V 6H VM IP67;1;R$ 243,93;7;9,75;R$ 23,78
SN4846;TOM EMB NEG BRASIKON 3P+T+PIL 200A 380/440V 6H VM;1;R$ 2.119,15;7;9,75;R$ 206,61
S3004;TOM SOB BRASIKON 2P+T 16A 100/130V 4H AM IP44;1;R$ 36,68;7;9,75;R$ 3,57
S3006;TOM SOB BRASIKON 2P+T 16A 200/250V 6H AZ IP44;1;R$ 36,68;7;9,75;R$ 3,57
S3002;TOM SOB BRASIKON 2P+T 16A 24V 2H LI IP44;1;R$ 85,18;7;9,75;R$ 8,30
S3009;TOM SOB BRASIKON 2P+T 16A 380/440V 9H VM IP44;1;R$ 36,68;7;9,75;R$ 3,57
S3204;TOM SOB BRASIKON 2P+T 32A 100/130V 4H AM IP44;1;R$ 62,39;7;9,75;R$ 6,08
S3206;TOM SOB BRASIKON 2P+T 32A 200/250V 6H AZ IP44;1;R$ 62,39;7;9,75;R$ 6,08
S3209;TOM SOB BRASIKON 2P+T 32A 380/440V 9H VM IP44;1;R$ 62,39;7;9,75;R$ 6,08
S3504;TOM SOB BRASIKON 2P+T 63A 100/130V 4H AM IP67;1;R$ 468,60;7;9,75;R$ 45,68
S3506;TOM SOB BRASIKON 2P+T 63A 200/250V 6H AZ IP67;1;R$ 468,60;7;9,75;R$ 45,68
S3509;TOM SOB BRASIKON 2P+T 63A 380/440V 9H VM IP67;1;R$ 468,60;7;9,75;R$ 45,68
S5606;TOM SOB BRASIKON 3P+N+T 125A 380/440V 6H VM IP67;1;R$ 1.840,17;7;9,75;R$ 179,41
S5009;TOM SOB BRASIKON 3P+N+T 16A 200/250V 9H AZ IP44;1;R$ 52,19;7;9,75;R$ 5,08
S5006;TOM SOB BRASIKON 3P+N+T 16A 380/440V 6H VM IP44;1;R$ 52,19;7;9,75;R$ 5,08
S5005;TOM SOB BRASIKON 3P+N+T 16A 600/690V 5H PT IP44;1;R$ 88,76;7;9,75;R$ 8,65
S5209;TOM SOB BRASIKON 3P+N+T 32A 200/250V 9H AZ IP44;1;R$ 67,09;7;9,75;R$ 6,54
S5206;TOM SOB BRASIKON 3P+N+T 32A 380/440V 6H VM IP44;1;R$ 67,09;7;9,75;R$ 6,54
S5205;TOM SOB BRASIKON 3P+N+T 32A 600/690V 5H PT IP44;1;R$ 114,04;7;9,75;R$ 11,11
S5509;TOM SOB BRASIKON 3P+N+T 63A 200/250V 9H AZ IP67;1;R$ 301,49;7;9,75;R$ 29,39
S5506;TOM SOB BRASIKON 3P+N+T 63A 380/440V 6H VM IP67;1;R$ 301,49;7;9,75;R$ 29,39
S5505;TOM SOB BRASIKON 3P+N+T 63A 600/690V 5H PT IP67;1;R$ 633,15;7;9,75;R$ 61,73
S4609;TOM SOB BRASIKON 3P+T 125A 200/250V 9H AZ IP67;1;R$ 323,10;7;9,75;R$ 31,50
S4606;TOM SOB BRASIKON 3P+T 125A 380/440V 6H VM IP67;1;R$ 323,10;7;9,75;R$ 31,50
S4605;TOM SOB BRASIKON 3P+T 125A 600/690V 5H PT IP67;1;R$ 574,25;7;9,75;R$ 55,98
S4004;TOM SOB BRASIKON 3P+T 16A 100/130V 4H AM IP44;1;R$ 43,14;7;9,75;R$ 4,20
S4009;TOM SOB BRASIKON 3P+T 16A 200/250V 9H AZ IP44;1;R$ 43,14;7;9,75;R$ 4,20
S4006BM;TOM SOB BRASIKON 3P+T 16A 380/440V 6H VM;1;R$ 137,77;7;9,75;R$ 13,43
S4006;TOM SOB BRASIKON 3P+T 16A 380/440V 6H VM IP44;1;R$ 43,14;7;9,75;R$ 4,20
S4000;TOM SOB BRASIKON 3P+T 16A 500HZ 10H VD IP44;1;R$ 109,46;7;9,75;R$ 10,67
S4005;TOM SOB BRASIKON 3P+T 16A 600/690V 5H PT IP44;1;R$ 64,70;7;9,75;R$ 6,30
S4204;TOM SOB BRASIKON 3P+T 32A 100/130V 4H AM IP44;1;R$ 43,67;7;9,75;R$ 4,25
S4209;TOM SOB BRASIKON 3P+T 32A 200/250V 9H AZ IP44;1;R$ 43,67;7;9,75;R$ 4,25
S4206BM;TOM SOB BRASIKON 3P+T 32A 380/440V 6H VM IP44;1;R$ 202,16;7;9,75;R$ 19,71
S4206;TOM SOB BRASIKON 3P+T 32A 380/440V 6H VM IP44;1;R$ 43,67;7;9,75;R$ 4,25
S4207;TOM SOB BRASIKON 3P+T 32A 500V 7H PT;1;R$ 56,79;7;9,75;R$ 5,53
S4205;TOM SOB BRASIKON 3P+T 32A 600/690V 5H PT IP44;1;R$ 56,79;7;9,75;R$ 5,53
S4504;TOM SOB BRASIKON 3P+T 63A 100/130V 4H AM IP67;1;R$ 150,04;7;9,75;R$ 14,62
S4509;TOM SOB BRASIKON 3P+T 63A 200/250V 9H AZ IP67;1;R$ 150,04;7;9,75;R$ 14,62
S4506;TOM SOB BRASIKON 3P+T 63A 380/440V 6H VM IP67;1;R$ 150,04;7;9,75;R$ 14,62
S45011;TOM SOB BRASIKON 3P+T 63A 440/460V 11H VM;1;R$ 195,04;7;9,75;R$ 19,01
S4505;TOM SOB BRASIKON 3P+T 63A 600/690V 5H PT IP67;1;R$ 195,04;7;9,75;R$ 19,01
S4806;TOM SOB BRASIKON 3P+T+PIL 200A 380/440V 6H VM IP67;1;R$ 2.118,15;7;9,75;R$ 206,51
S1006;TOM SOB BRASIKON 6P+T 16A 380/440V6H VM IP44;1;R$ 260,82;7;9,75;R$ 25,42
SN3004;TOM SOB NEG BRASIKON 2P+T 16A 100/130V 4H AM IP44;1;R$ 88,03;7;9,75;R$ 8,58
SN3006;TOM SOB NEG BRASIKON 2P+T 16A 200/250V 6H AZ IP44;1;R$ 88,03;7;9,75;R$ 8,58
PRODUTO;DESCRICAO;LOTE MINIMO;PRECO;%ICMS;%IPI;IPI
SN3002;TOM SOB NEG BRASIKON 2P+T 16A 24V 2H LI IP44;1;R$ 246,51;7;9,75;R$ 24,03
SN3009;TOM SOB NEG BRASIKON 2P+T 16A 380/440V 9H VM IP44;1;R$ 88,03;7;9,75;R$ 8,58
SN3204;TOM SOB NEG BRASIKON 2P+T 32A 100/130V 4H AM IP44;1;R$ 131,14;7;9,75;R$ 12,78
SN3206;TOM SOB NEG BRASIKON 2P+T 32A 200/250V 6H AZ IP44;1;R$ 131,14;7;9,75;R$ 12,78
SN3209;TOM SOB NEG BRASIKON 2P+T 32A 380/440V 9H VM IP44;1;R$ 131,14;7;9,75;R$ 12,78
SN3506;TOM SOB NEG BRASIKON 2P+T 63A 200/250V 6H AZ IP67;1;R$ 937,20;7;9,75;R$ 91,37
SN5606;TOM SOB NEG BRASIKON 3P+N+T 125A 380/440V 6H VM;1;R$ 2.392,20;7;9,75;R$ 233,23
SN5009;TOM SOB NEG BRASIKON 3P+N+T 16A 200/250V 9H AZ;1;R$ 118,25;7;9,75;R$ 11,52
SN5006;TOM SOB NEG BRASIKON 3P+N+T 16A 380/440V 6H VM;1;R$ 118,25;7;9,75;R$ 11,52
SN5209;TOM SOB NEG BRASIKON 3P+N+T 32A 200/250V 9H AZ IP4;1;R$ 151,74;7;9,75;R$ 14,79
SN5206;TOM SOB NEG BRASIKON 3P+N+T 32A 380/440V 6H VM IP4;1;R$ 151,74;7;9,75;R$ 14,79
SN5509;TOM SOB NEG BRASIKON 3P+N+T 63A 200/250V 9H AZ;1;R$ 376,91;7;9,75;R$ 36,74
SN5506;TOM SOB NEG BRASIKON 3P+N+T 63A 380/440V 6H VM;1;R$ 376,91;7;9,75;R$ 36,74
SN5505;TOM SOB NEG BRASIKON 3P+N+T 63A 600/690V 5H PT;1;R$ 791,52;7;9,75;R$ 77,17
SN4609;TOM SOB NEG BRASIKON 3P+T 125A 200/250V 9H AZ IP67;1;R$ 710,81;7;9,75;R$ 69,30
SN4606;TOM SOB NEG BRASIKON 3P+T 125A 380/440V 6H VM IP67;1;R$ 710,81;7;9,75;R$ 69,30
SN4009;TOM SOB NEG BRASIKON 3P+T 16A 200/250V 9H AZ IP44;1;R$ 62,32;7;9,75;R$ 6,07
SN4006;TOM SOB NEG BRASIKON 3P+T 16A 380/440V 6H VM IP44;1;R$ 62,32;7;9,75;R$ 6,07
SN4209;TOM SOB NEG BRASIKON 3P+T 32A 200/250V 9H AZ IP44;1;R$ 124,54;7;9,75;R$ 12,14
SN4206;TOM SOB NEG BRASIKON 3P+T 32A 380/440V 6H VM IP44;1;R$ 124,54;7;9,75;R$ 12,14
SN4509;TOM SOB NEG BRASIKON 3P+T 63A 200/250V 9H AZ IP67;1;R$ 305,40;7;9,75;R$ 29,77
SN4506;TOM SOB NEG BRASIKON 3P+T 63A 380/440V 6H VM IP67;1;R$ 305,40;7;9,75;R$ 29,77
SN4505;TOM SOB NEG BRASIKON 3P+T 63A 600/690V 5H PT IP67;1;R$ 641,35;7;9,75;R$ 62,53
SN4806;TOM SOB NEG BRASIKON 3P+T+PIL 200A 380/440V 6H VM;1;R$ 3.309,09;7;9,75;R$ 322,63
A5059;ACOP ALBANY 3P+N+T 16A 200/250V 9H AZ IP44;1;R$ 23,48;7;9,75;R$ 2,28
A5259;ACOP ALBANY 3P+N+T 32A 200/250V 9H AZ IP44;1;R$ 42,94;7;9,75;R$ 4,18
A5559;ACOP ALBANY 3P+N+T 63A 200/250V 9H AZ IP67;1;R$ 167,23;7;9,75;R$ 16,30
A5556;ACOP ALBANY 3P+N+T 63A 380/440V 6H VM IP67;1;R$ 167,23;7;9,75;R$ 16,30
A4659;ACOP ALBANY 3P+T 125A 200/250V 9H AZ IP67;1;R$ 488,30;7;9,75;R$ 47,60
A4656;ACOP ALBANY 3P+T 125A 380/440V 6H VM IP67;1;R$ 488,30;7;9,75;R$ 47,60
A4559;ACOP ALBANY 3P+T 63A 200/250V 9H AZ IP67;1;R$ 146,23;7;9,75;R$ 14,25
A4556;ACOP ALBANY 3P+T 63A 380/440V 6H VM IP67;1;R$ 146,23;7;9,75;R$ 14,25
A4679;PLUG ALBANY 3P+T 125A 200/250V 9H AZ IP67;1;R$ 177,72;7;9,75;R$ 17,32
A4676;PLUG ALBANY 3P+T 125A 380/440V 6H VM IP67;1;R$ 177,72;7;9,75;R$ 17,32
A5549;TOM EMB ALBANY 3P+N+T 63A 200/250V 9H AZ IP67;1;R$ 156,48;7;9,75;R$ 15,25
A5546;TOM EMB ALBANY 3P+N+T 63A 380/440V 6H VM IP67;1;R$ 156,48;7;9,75;R$ 15,25
A4649;TOM EMB ALBANY 3P+T 125A 200/250V 9H AZ IP67;1;R$ 212,48;7;9,75;R$ 20,71
A4646;TOM EMB ALBANY 3P+T 125A 380/440V 6H VM IP67;1;R$ 212,48;7;9,75;R$ 20,71
A5509;TOM SOB ALBANY 3P+N+T 63A 200/250V 9H AZ IP67;1;R$ 210,25;7;9,75;R$ 20,49
A5506;TOM SOB ALBANY 3P+N+T 63A 380/440V 6H VM IP67;1;R$ 210,25;7;9,75;R$ 20,49
A4609;TOM SOB ALBANY 3P+T 125A 200/250V 9H AZ IP67;1;R$ 223,13;7;9,75;R$ 21,75
A4606;TOM SOB ALBANY 3P+T 125A 380/440 6H VM IP67;1;R$ 223,13;7;9,75;R$ 21,75
N3054;ACOP NEWKON 2P+T 16A 100/130V 4H AM IP44;1;R$ 20,02;7;9,75;R$ 1,95
N3056;ACOP NEWKON 2P+T 16A 200/250V 6H AZ IP44;1;R$ 20,02;7;9,75;R$ 1,95
N3052;ACOP NEWKON 2P+T 16A 24V 2H LI IP44;1;R$ 34,01;7;9,75;R$ 3,31
N3059;ACOP NEWKON 2P+T 16A 380/440V 9H VM IP44;1;R$ 20,02;7;9,75;R$ 1,95
N3254;ACOP NEWKON 2P+T 32A 100/130V 4H AM IP44;1;R$ 25,17;7;9,75;R$ 2,45
N3256;ACOP NEWKON 2P+T 32A 200/250V 6H AZ IP44;1;R$ 25,17;7;9,75;R$ 2,45
N3259;ACOP NEWKON 2P+T 32A 380/440V 9H VM IP44;1;R$ 25,17;7;9,75;R$ 2,45
N4054;ACOP NEWKON 3P+T 16A 100/130V 4H AM IP44;1;R$ 23,33;7;9,75;R$ 2,27
N4059;ACOP NEWKON 3P+T 16A 200/250V 9H AZ IP44;1;R$ 23,33;7;9,75;R$ 2,27
N4052;ACOP NEWKON 3P+T 16A 24V 2H LI IP44;1;R$ 39,67;7;9,75;R$ 3,86
N4056;ACOP NEWKON 3P+T 16A 380/440V 6H VM IP44;1;R$ 23,33;7;9,75;R$ 2,27
N4254;ACOP NEWKON 3P+T 32A 100/130V 4H AM IP44;1;R$ 27,76;7;9,75;R$ 2,70
N4259;ACOP NEWKON 3P+T 32A 200/250V 9H AZ IP44;1;R$ 27,76;7;9,75;R$ 2,70
N4252;ACOP NEWKON 3P+T 32A 24V 2H IP44;1;R$ 47,20;7;9,75;R$ 4,60
N4256;ACOP NEWKON 3P+T 32A 380/440V 6H VM IP44;1;R$ 27,76;7;9,75;R$ 2,70
S00PG16KT;BASE SOBREPOR NEWKON 16A 3/4P ENTRADA PG16;1;R$ 13,66;7;9,75;R$ 1,33
S00PG21KT;BASE SOBREPOR NEWKON 16A 5P E 32A 3/4/5P ENTR PG21;1;R$ 15,35;7;9,75;R$ 1,49
5100PG16;CARC TOM SOB UNIV PG-16 C/TAMPAO M910;1;R$ 135,84;7;9,75;R$ 13,24
5100PG21;CARC TOM SOB UNIV PG-21 C/TAMPAO M910;1;R$ 74,94;7;9,75;R$ 7,30
N4576KIT;KIT ARRUELA TRAVA PLUG NEWKON 3P+T 63A VERMELHO;1;R$ 5,51;7;9,75;R$ 0,53
N3046KIT;KIT TAMPA. MOLA E PINO TRAVA NEWKON N3046KIT;50;R$ 7,53;7;9,75;R$ 0,73
NN3044;PLUG FIX EMB NEWKON 2P+T 16A 100/130V 4H AM IP44;1;R$ 50,30;7;9,75;R$ 4,90
NN3046;PLUG FIX EMB NEWKON 2P+T 16A 200/250V 6H AZ IP44;1;R$ 50,30;7;9,75;R$ 4,90
NN3049;PLUG FIX EMB NEWKON 2P+T 16A 380/440V 9H VM IP44;1;R$ 50,30;7;9,75;R$ 4,90
NN3246;PLUG FIX EMB NEWKON 2P+T 32A 200/250V 6H AZ IP44;1;R$ 62,77;7;9,75;R$ 6,12
NN4049;PLUG FIX EMB NEWKON 3P+T 16A 200/250V 9H AZ IP44;1;R$ 53,35;7;9,75;R$ 5,20
NN4046;PLUG FIX EMB NEWKON 3P+T 16A 380/440V 6H VM IP44;1;R$ 53,35;7;9,75;R$ 5,20
NN4249;PLUG FIX EMB NEWKON 3P+T 32A 200/250V 9H AZ IP44;1;R$ 64,06;7;9,75;R$ 6,24
NN4246;PLUG FIX EMB NEWKON 3P+T 32A 380/440V 6H VM IP44;1;R$ 64,06;7;9,75;R$ 6,24
NN3006;PLUG FIX SOB NEWKON 2P+T 16A 200/250V 6H AZ IP44;1;R$ 29,99;7;9,75;R$ 2,92
NN3009;PLUG FIX SOB NEWKON 2P+T 16A 380/440V 9H VM IP44;1;R$ 29,41;7;9,75;R$ 2,86
NN3206;PLUG FIX SOB NEWKON 2P+T 32A 200/250V 6H AZ IP44;1;R$ 39,65;7;9,75;R$ 3,86
NN3209;PLUG FIX SOB NEWKON 2P+T 32A 380/440V 9H VM IP44;1;R$ 33,67;7;9,75;R$ 3,28
NN5009;PLUG FIX SOB NEWKON 3P+N+T 16A 200/250V 9H AZ IP44;1;R$ 17,07;7;9,75;R$ 1,66
NN5206;PLUG FIX SOB NEWKON 3P+N+T 32A 380/440V 6H VM IP44;1;R$ 66,49;7;9,75;R$ 6,48
NN4009;PLUG FIX SOB NEWKON 3P+T 16A 200/250V 9H AZ IP44;1;R$ 35,14;7;9,75;R$ 3,42
NN4006;PLUG FIX SOB NEWKON 3P+T 16A 380/440V 6H VM IP44;1;R$ 17,07;7;9,75;R$ 1,66
NN4209;PLUG FIX SOB NEWKON 3P+T 32A 200/250V 9H AZ IP44;1;R$ 48,33;7;9,75;R$ 4,71
NN4206;PLUG FIX SOB NEWKON 3P+T 32A 380/440V 6H VM IP44;1;R$ 48,03;7;9,75;R$ 4,68
N3074;PLUG NEWKON 2P+T 16A 100/130V 4H AM IP44;1;R$ 15,13;7;9,75;R$ 1,47
N3076;PLUG NEWKON 2P+T 16A 200/250V 6H AZ IP44;1;R$ 15,13;7;9,75;R$ 1,47
N3072;PLUG NEWKON 2P+T 16A 24V 2H LI IP44;1;R$ 25,73;7;9,75;R$ 2,50
N3079;PLUG NEWKON 2P+T 16A 380/440V 9H VM IP44;1;R$ 15,13;7;9,75;R$ 1,47
N3075;PLUG NEWKON 2P+T 16A 600/690V 5H PT IP44;1;R$ 25,73;7;9,75;R$ 2,50
N3274;PLUG NEWKON 2P+T 32A 100/130V 4H AM IP44;1;R$ 20,36;7;9,75;R$ 1,98
N3276;PLUG NEWKON 2P+T 32A 200/250V 6H AZ IP44;1;R$ 20,36;7;9,75;R$ 1,98
N3272;PLUG NEWKON 2P+T 32A 24V 2H LI IP44;1;R$ 34,61;7;9,75;R$ 3,37
PRODUTO;DESCRICAO;LOTE MINIMO;PRECO;%ICMS;%IPI;IPI
N3279;PLUG NEWKON 2P+T 32A 380/440V 9H VM IP44;1;R$ 20,36;7;9,75;R$ 1,98
N3275;PLUG NEWKON 2P+T 32A 600/690V 5H PT IP44;1;R$ 34,61;7;9,75;R$ 3,37
N3574;PLUG NEWKON 2P+T 63A 100/130V 4H AM IP67;1;R$ 346,01;7;9,75;R$ 33,73
N3576;PLUG NEWKON 2P+T 63A 200/250V 6H AZ IP67;1;R$ 346,01;7;9,75;R$ 33,73
N3579;PLUG NEWKON 2P+T 63A 380/440V 9H VM IP67;1;R$ 346,01;7;9,75;R$ 33,73
N5074;PLUG NEWKON 3P+N+T 16A 100/130V 4H AM IP44;1;R$ 22,44;7;9,75;R$ 2,18
N5079;PLUG NEWKON 3P+N+T 16A 200/250V 9H AZ IP44;1;R$ 22,44;7;9,75;R$ 2,18
N5076;PLUG NEWKON 3P+N+T 16A 380/440V 6H VM IP44;1;R$ 22,44;7;9,75;R$ 2,18
N5274;PLUG NEWKON 3P+N+T 32A 100/130V 4H AM IP44;1;R$ 26,37;7;9,75;R$ 2,57
N5279;PLUG NEWKON 3P+N+T 32A 200/250V 9H AZ IP44;1;R$ 26,37;7;9,75;R$ 2,57
N5276;PLUG NEWKON 3P+N+T 32A 380/440V 6H VM IP44;1;R$ 26,37;7;9,75;R$ 2,57
N5275;PLUG NEWKON 3P+N+T 32A 600/690V 5H PT IP44;1;R$ 44,84;7;9,75;R$ 4,37
N5579;PLUG NEWKON 3P+N+T 63A 200/250V 9H AZ IP67;1;R$ 122,28;7;9,75;R$ 11,92
N5576;PLUG NEWKON 3P+N+T 63A 380/440V 6H VM IP67;1;R$ 122,28;7;9,75;R$ 11,92
N4074;PLUG NEWKON 3P+T 16A 100/130V 4H AM IP44;1;R$ 18,16;7;9,75;R$ 1,77
N4079;PLUG NEWKON 3P+T 16A 200/250V 9H AZ IP44;1;R$ 18,16;7;9,75;R$ 1,77
N4072;PLUG NEWKON 3P+T 16A 24V 2H LI IP44;1;R$ 24,11;7;9,75;R$ 2,35
N4076;PLUG NEWKON 3P+T 16A 380/440V 6H VM IP44;1;R$ 18,16;7;9,75;R$ 1,77
N4075;PLUG NEWKON 3P+T 16A 600/690V 5H PT IP44;1;R$ 30,87;7;9,75;R$ 3,00
N4274;PLUG NEWKON 3P+T 32A 100/130V 4H AM IP44;1;R$ 24,08;7;9,75;R$ 2,34
N4279;PLUG NEWKON 3P+T 32A 200/250V 9H AZ IP44;1;R$ 24,08;7;9,75;R$ 2,34
N4276;PLUG NEWKON 3P+T 32A 380/440V 6H VM IP44;1;R$ 24,08;7;9,75;R$ 2,34
N4275;PLUG NEWKON 3P+T 32A 600/690V 5H PT IP44;1;R$ 40,94;7;9,75;R$ 3,99
N4579;PLUG NEWKON 3P+T 63A 200/250V 9H AZ IP67;1;R$ 75,83;7;9,75;R$ 7,39
N4576;PLUG NEWKON 3P+T 63A 380/440V 6H VM IP67;1;R$ 75,83;7;9,75;R$ 7,39
N4575;PLUG NEWKON 3P+T 63A 600/690V 5H PT IP67;1;R$ 122,24;7;9,75;R$ 11,91
TMPN3006;TAMPA+MOLA+PINO TOM SOB NEWKON 2P+T 16A 220V 6H AZ;1;R$ 13,59;7;9,75;R$ 1,32
N3044;TOM EMB NEWKON 2P+T 16A 100/130V 4H AM IP44;1;R$ 15,38;7;9,75;R$ 1,49
N3046;TOM EMB NEWKON 2P+T 16A 200/250V 6H AZ IP44;1;R$ 15,38;7;9,75;R$ 1,49
N3042;TOM EMB NEWKON 2P+T 16A 24V 2H LI IP44;1;R$ 26,14;7;9,75;R$ 2,54
N3049;TOM EMB NEWKON 2P+T 16A 380/440V 9H VM IP44;1;R$ 15,38;7;9,75;R$ 1,49
N3244;TOM EMB NEWKON 2P+T 32A 100/130V 4H AM IP44;1;R$ 21,61;7;9,75;R$ 2,10
N3246;TOM EMB NEWKON 2P+T 32A 200/250V 6H AZ IP44;1;R$ 21,61;7;9,75;R$ 2,10
N3242;TOM EMB NEWKON 2P+T 32A 24V 2H LI IP44;1;R$ 36,75;7;9,75;R$ 3,58
N3249;TOM EMB NEWKON 2P+T 32A 380/440V 9H VM IP44;1;R$ 21,61;7;9,75;R$ 2,10
N5049;TOM EMB NEWKON 3P+N+T 16A 200/250V 9H AZ IP44;1;R$ 25,08;7;9,75;R$ 2,44
N5046;TOM EMB NEWKON 3P+N+T 16A 380/440V 6H VM IP44;1;R$ 25,08;7;9,75;R$ 2,44
N5045;TOM EMB NEWKON 3P+N+T 16A 600/690V 5H PT IP44;1;R$ 42,64;7;9,75;R$ 4,15
N5249;TOM EMB NEWKON 3P+N+T 32A 200/250V 9H AZ IP44;1;R$ 31,68;7;9,75;R$ 3,08
N5246;TOM EMB NEWKON 3P+N+T 32A 380/440V 6H VM IP44;1;R$ 31,68;7;9,75;R$ 3,08
N4044;TOM EMB NEWKON 3P+T 16A 100/130V 4H AM IP44;1;R$ 20,41;7;9,75;R$ 1,98
N4049;TOM EMB NEWKON 3P+T 16A 200/250V 9H AZ IP44;1;R$ 20,41;7;9,75;R$ 1,98
N4042;TOM EMB NEWKON 3P+T 16A 24V 2H LI IP44;1;R$ 34,69;7;9,75;R$ 3,38
N4046;TOM EMB NEWKON 3P+T 16A 380/440V 6H VM IP44;1;R$ 20,41;7;9,75;R$ 1,98
N4045;TOM EMB NEWKON 3P+T 16A 600/690V 5H PT IP44;1;R$ 34,69;7;9,75;R$ 3,38
N4244;TOM EMB NEWKON 3P+T 32A 100/130V 4H AM IP44;1;R$ 22,23;7;9,75;R$ 2,16
N4249;TOM EMB NEWKON 3P+T 32A 200/250V 9H AZ IP44;1;R$ 22,23;7;9,75;R$ 2,16
N4242;TOM EMB NEWKON 3P+T 32A 24V 2H LI IP44;1;R$ 37,79;7;9,75;R$ 3,68
N4246;TOM EMB NEWKON 3P+T 32A 380/440V 6H VM IP44;1;R$ 22,23;7;9,75;R$ 2,16
N4245;TOM EMB NEWKON 3P+T 32A 600/690V 5H PT IP44;1;R$ 37,79;7;9,75;R$ 3,68
N4549;TOM EMB NEWKON 3P+T 63A 200/250V 9H AZ IP67;1;R$ 78,19;7;9,75;R$ 7,62
N4546;TOM EMB NEWKON 3P+T 63A 380/440V 6H VM IP67;1;R$ 78,19;7;9,75;R$ 7,62
N4545;TOM EMB NEWKON 3P+T 63A 600/690V 5H PT IP67;1;R$ 117,29;7;9,75;R$ 11,43
N3004;TOM SOB NEWKON 2P+T 16A 100/130V 4H AM IP44;1;R$ 19,78;7;9,75;R$ 1,92
N3006;TOM SOB NEWKON 2P+T 16A 200/250V 6H AZ IP44;1;R$ 19,78;7;9,75;R$ 1,92
N3002;TOM SOB NEWKON 2P+T 16A 24V 2H LI IP44;1;R$ 33,63;7;9,75;R$ 3,27
N3009;TOM SOB NEWKON 2P+T 16A 380/440V 9H VM IP44;1;R$ 19,78;7;9,75;R$ 1,92
N3204;TOM SOB NEWKON 2P+T 32A 100/130V 4H AM IP44;1;R$ 25,79;7;9,75;R$ 2,51
N3206;TOM SOB NEWKON 2P+T 32A 200/250V 6H AZ IP44;1;R$ 25,79;7;9,75;R$ 2,51
N3202;TOM SOB NEWKON 2P+T 32A 24V 2H LI IP44;1;R$ 44,12;7;9,75;R$ 4,30
N3209;TOM SOB NEWKON 2P+T 32A 380/440V 9H VM IP44;1;R$ 25,79;7;9,75;R$ 2,51
N3205;TOM SOB NEWKON 2P+T 32A 600/690V 5H PT IP44;1;R$ 44,12;7;9,75;R$ 4,30
N5009;TOM SOB NEWKON 3P+N+T 16A 200/250V 9H AZ IP44;1;R$ 31,00;7;9,75;R$ 3,02
N5006;TOM SOB NEWKON 3P+N+T 16A 380/440V 6H VM IP44;1;R$ 31,00;7;9,75;R$ 3,02
N5005;TOM SOB NEWKON 3P+N+T 16A 600/690V 5H PT IP44;1;R$ 52,67;7;9,75;R$ 5,13
N5204;TOM SOB NEWKON 3P+N+T 32A 100/130V 4H AM IP44;1;R$ 39,84;7;9,75;R$ 3,88
N5209;TOM SOB NEWKON 3P+N+T 32A 200/250V 9H AZ IP44;1;R$ 39,84;7;9,75;R$ 3,88
N5206;TOM SOB NEWKON 3P+N+T 32A 380/440V 6H VM IP44;1;R$ 39,84;7;9,75;R$ 3,88
N5205;TOM SOB NEWKON 3P+N+T 32A 600/690V 5H PT IP44;1;R$ 67,72;7;9,75;R$ 6,60
N4002;TOM SOB NEWKON 3P+T 016A 024V 02H LI;1;R$ 43,55;7;9,75;R$ 4,24
N4004;TOM SOB NEWKON 3P+T 16A 100/130V 4H AM IP44;1;R$ 25,61;7;9,75;R$ 2,49
N4009;TOM SOB NEWKON 3P+T 16A 200/250V 9H AZ IP44;1;R$ 25,61;7;9,75;R$ 2,49
N4006;TOM SOB NEWKON 3P+T 16A 380/440V 6H VM IP44;1;R$ 25,61;7;9,75;R$ 2,49
N4204;TOM SOB NEWKON 3P+T 32A 100/130V 4H AM IP44;1;R$ 25,93;7;9,75;R$ 2,52
N4209;TOM SOB NEWKON 3P+T 32A 200/250V 9H AZ IP44;1;R$ 25,93;7;9,75;R$ 2,52
N4206;TOM SOB NEWKON 3P+T 32A 380/440V 6H VM IP44;1;R$ 25,93;7;9,75;R$ 2,52
N4504;TOM SOB NEWKON 3P+T 63A 100/130V 4H AM IP67;1;R$ 89,09;7;9,75;R$ 8,68
N4509;TOM SOB NEWKON 3P+T 63A 200/250V 9H AZ IP67;1;R$ 89,09;7;9,75;R$ 8,68
N4506;TOM SOB NEWKON 3P+T 63A 380/440V 6H VM IP67;1;R$ 89,09;7;9,75;R$ 8,68
N4505;TOM SOB NEWKON 3P+T 63A 600/690V 5H PT IP67;1;R$ 133,62;7;9,75;R$ 13,02
S3054WNQ;ACOP SHOCK TITE 2P+T 016A 100/130V 4H AM NQ;1;R$ 150,01;7;9,75;R$ 14,62
S3056WNQ;ACOP SHOCK TITE 2P+T 016A 200/250 6H AZ NIQUELADO;1;R$ 150,01;7;9,75;R$ 14,62
S3656W;ACOP SHOCK TITE 2P+T 125A 200/250V 6H AZ IP67;1;R$ 1.064,60;7;9,75;R$ 103,79
S3054W;ACOP SHOCK TITE 2P+T 16A 100/130V 4H AM IP67;1;R$ 73,68;7;9,75;R$ 7,18
S3056W;ACOP SHOCK TITE 2P+T 16A 200/250V 6H AZ IP67;1;R$ 73,68;7;9,75;R$ 7,18
S3052W;ACOP SHOCK TITE 2P+T 16A 24V 2H LI IP67;1;R$ 125,25;7;9,75;R$ 12,21
S3059W;ACOP SHOCK TITE 2P+T 16A 380/440V 9H VM IP67;1;R$ 73,68;7;9,75;R$ 7,18
S3254W;ACOP SHOCK TITE 2P+T 32A 100/130V 4H AM IP67;1;R$ 121,62;7;9,75;R$ 11,85
S3256W;ACOP SHOCK TITE 2P+T 32A 200/250V 6H AZ IP67;1;R$ 121,62;7;9,75;R$ 11,85
PRODUTO;DESCRICAO;LOTE MINIMO;PRECO;%ICMS;%IPI;IPI
S3256WNQ;ACOP SHOCK TITE 2P+T 32A 200/250V 6H AZ NQ;1;R$ 231,51;7;9,75;R$ 22,57
S3259W;ACOP SHOCK TITE 2P+T 32A 380/440V 9H VM IP67;1;R$ 121,62;7;9,75;R$ 11,85
S3554W;ACOP SHOCK TITE 2P+T 63A 100/130V 4H AM IP67;1;R$ 393,11;7;9,75;R$ 38,32
S3556W;ACOP SHOCK TITE 2P+T 63A 200/250V 6H AZ IP67;1;R$ 393,11;7;9,75;R$ 38,32
S3559W;ACOP SHOCK TITE 2P+T 63A 380/440V 9H VM IP67;1;R$ 393,11;7;9,75;R$ 38,32
S5256WNQ;ACOP SHOCK TITE 3P+N+T 032A 380/440V 6H VM NQ;1;R$ 392,89;7;9,75;R$ 38,30
S5659W;ACOP SHOCK TITE 3P+N+T 125A 200/250V 9H AZ IP67;1;R$ 2.405,15;7;9,75;R$ 234,50
S5656W;ACOP SHOCK TITE 3P+N+T 125A 380/440V 6H VM IP67;1;R$ 2.405,15;7;9,75;R$ 234,50
S5054W;ACOP SHOCK TITE 3P+N+T 16A 100/130V 4H AM IP67;1;R$ 109,84;7;9,75;R$ 10,70
S5059W;ACOP SHOCK TITE 3P+N+T 16A 200/250V 9H AZ IP67;1;R$ 109,84;7;9,75;R$ 10,70
S5056W;ACOP SHOCK TITE 3P+N+T 16A 380/440V 6H VM IP67;1;R$ 109,84;7;9,75;R$ 10,70
S5056WNQ;ACOP SHOCK TITE 3P+N+T 16A 380/440V 6H VM IP67 NIQ;1;R$ 209,98;7;9,75;R$ 20,47
S5259W;ACOP SHOCK TITE 3P+N+T 32A 200/250V 9H AZ IP67;1;R$ 216,31;7;9,75;R$ 21,09
S5256W;ACOP SHOCK TITE 3P+N+T 32A 380/440V 6H VM IP67;1;R$ 216,31;7;9,75;R$ 21,09
S5559W;ACOP SHOCK TITE 3P+N+T 63A 200/250V 9H AZ IP67;1;R$ 565,86;7;9,75;R$ 55,17
S5556W;ACOP SHOCK TITE 3P+N+T 63A 380/440V 6H VM IP67;1;R$ 565,86;7;9,75;R$ 55,17
S5555W;ACOP SHOCK TITE 3P+N+T 63A 600/690V 5H PT IP67;1;R$ 848,27;7;9,75;R$ 82,70
S4059WNQ;ACOP SHOCK TITE 3P+T 016A 200/250V 9H AZ NIQUELADO;1;R$ 152,03;7;9,75;R$ 14,82
S4056WNQ;ACOP SHOCK TITE 3P+T 016A 380/440V 6H VM NIQUELADO;1;R$ 152,03;7;9,75;R$ 14,82
S4253W;ACOP SHOCK TITE 3P+T 032A 380/440V 3H VM;1;R$ 152,72;7;9,75;R$ 14,89
S4556WNQ;ACOP SHOCK TITE 3P+T 063A 380/440V 6H VM NQ;1;R$ 740,51;7;9,75;R$ 72,19
S4659W;ACOP SHOCK TITE 3P+T 125A 200/250V 9H AZ IP67;1;R$ 626,44;7;9,75;R$ 61,07
S4656W;ACOP SHOCK TITE 3P+T 125A 380/440V 6H VM IP67;1;R$ 626,44;7;9,75;R$ 61,07
S4655W;ACOP SHOCK TITE 3P+T 125A 600/690V 5H PT IP67;1;R$ 684,80;7;9,75;R$ 66,76
S4059W;ACOP SHOCK TITE 3P+T 16A 200/250V 9H AZ IP67;1;R$ 74,87;7;9,75;R$ 7,29
S4052W;ACOP SHOCK TITE 3P+T 16A 24V 2H LI IP67;1;R$ 127,26;7;9,75;R$ 12,40
S4056W;ACOP SHOCK TITE 3P+T 16A 380/440V 6H VM IP67;1;R$ 74,87;7;9,75;R$ 7,29
S4055W;ACOP SHOCK TITE 3P+T 16A 600/690V 5H PT IP67;1;R$ 127,26;7;9,75;R$ 12,40
S4259W;ACOP SHOCK TITE 3P+T 32A 200/250V 9H AZ IP67;1;R$ 89,79;7;9,75;R$ 8,75
S4256W;ACOP SHOCK TITE 3P+T 32A 380/440V 6H VM IP67;1;R$ 89,79;7;9,75;R$ 8,75
S4256WNQ;ACOP SHOCK TITE 3P+T 32A 380/440V 6H VM NQ;1;R$ 177,47;7;9,75;R$ 17,30
S4255W;ACOP SHOCK TITE 3P+T 32A 600/690V 5H PT IP67;1;R$ 152,72;7;9,75;R$ 14,89
S4559W;ACOP SHOCK TITE 3P+T 63A 200/250V 9H AZ IP67;1;R$ 457,37;7;9,75;R$ 44,59
S4556W;ACOP SHOCK TITE 3P+T 63A 380/440V 6H VM IP67;1;R$ 457,37;7;9,75;R$ 44,59
S4555W;ACOP SHOCK TITE 3P+T 63A 600/690V 5H PT IP67;1;R$ 715,76;7;9,75;R$ 69,78
S4859W;ACOP SHOCK TITE 3P+T+PIL 200A 200/250V 9H AZ IP67;1;R$ 2.717,16;7;9,75;R$ 264,92
S4856W;ACOP SHOCK TITE 3P+T+PIL 200A 380/440V 6H VM IP67;1;R$ 2.717,16;7;9,75;R$ 264,92
S4855W;ACOP SHOCK TITE 3P+T+PIL 200A 600/690V 5H PT IP67;1;R$ 3.194,21;7;9,75;R$ 311,43
S4951W;ACOP SHOCK TITE 3P+T+PIL 250A 600/690V 1H PT IP67;1;R$ 5.699,69;7;9,75;R$ 555,71
S5859W;ACOP SHOCK TITE 4P+T+PIL 200A 200/250V 9H AZ IP67;1;R$ 3.532,31;7;9,75;R$ 344,40
S5856W;ACOP SHOCK TITE 4P+T+PIL 200A 380/440V 6H VM IP67;1;R$ 3.532,31;7;9,75;R$ 344,40
S43086W;MULT TOM SHOCK TITE 3S 3P 16A 200/250V 6H AZ IP67;1;R$ 147,87;4;9,75;R$ 14,41
S3636W;PLUG FIX EMB SHOCK TITE 2P+T 125A 200/250V 6H AZ;1;R$ 1.188,47;7;9,75;R$ 115,87
S3034W;PLUG FIX EMB SHOCK TITE 2P+T 16A 100/130V 4H AM;1;R$ 145,46;7;9,75;R$ 14,18
S3036W;PLUG FIX EMB SHOCK TITE 2P+T 16A 200/250V 6H AZ;1;R$ 145,46;7;9,75;R$ 14,18
S3032W;PLUG FIX EMB SHOCK TITE 2P+T 16A 24V 2H LI IP67;1;R$ 177,37;7;9,75;R$ 17,29
S3234W;PLUG FIX EMB SHOCK TITE 2P+T 32A 100/130V 4H AM;1;R$ 219,65;7;9,75;R$ 21,41
S3236W;PLUG FIX EMB SHOCK TITE 2P+T 32A 200/250V 6H AZ;1;R$ 219,65;7;9,75;R$ 21,41
S3536W;PLUG FIX EMB SHOCK TITE 2P+T 63A 200/250V 6H AZ;1;R$ 982,58;7;9,75;R$ 95,80
S3539W;PLUG FIX EMB SHOCK TITE 2P+T 63A 380/440V 9H VM;1;R$ 982,58;7;9,75;R$ 95,80
S5639W;PLUG FIX EMB SHOCK TITE 3P+N+T 125A 200/250V 9H AZ;1;R$ 3.684,00;7;9,75;R$ 359,19
S5636W;PLUG FIX EMB SHOCK TITE 3P+N+T 125A 380/440V 6H VM;1;R$ 3.684,00;7;9,75;R$ 359,19
S5039W;PLUG FIX EMB SHOCK TITE 3P+N+T 16A 200/250V 9H AZ;1;R$ 204,66;7;9,75;R$ 19,95
S5036W;PLUG FIX EMB SHOCK TITE 3P+N+T 16A 380/440V 6H VM;1;R$ 204,66;7;9,75;R$ 19,95
S5239W;PLUG FIX EMB SHOCK TITE 3P+N+T 32A 200/250V 9H AZ;1;R$ 265,03;7;9,75;R$ 25,84
S5236W;PLUG FIX EMB SHOCK TITE 3P+N+T 32A 380/440V 6H VM;1;R$ 265,03;7;9,75;R$ 25,84
S5539W;PLUG FIX EMB SHOCK TITE 3P+N+T 63A 200/250V 9H AZ;1;R$ 716,67;7;9,75;R$ 69,87
S5536W;PLUG FIX EMB SHOCK TITE 3P+N+T 63A 380/440V 6H VM;1;R$ 716,67;7;9,75;R$ 69,87
S3836W;PLUG FIX EMB SHOCK TITE 3P+PIL 200A 200/250V 6H AZ;1;R$ 2.860,45;7;9,75;R$ 278,89
S4639W;PLUG FIX EMB SHOCK TITE 3P+T 125A 200/250V 9H AZ;1;R$ 1.099,90;7;9,75;R$ 107,24
S4636W;PLUG FIX EMB SHOCK TITE 3P+T 125A 380/440V 6H VM;1;R$ 1.099,90;7;9,75;R$ 107,24
S4635W;PLUG FIX EMB SHOCK TITE 3P+T 125A 600/690V 5H PT;1;R$ 1.416,25;7;9,75;R$ 138,08
S4039W;PLUG FIX EMB SHOCK TITE 3P+T 16A 200/250V 9H AZ;1;R$ 149,79;7;9,75;R$ 14,60
S4036W;PLUG FIX EMB SHOCK TITE 3P+T 16A 380/440V 6H VM;1;R$ 149,79;7;9,75;R$ 14,60
S4035W;PLUG FIX EMB SHOCK TITE 3P+T 16A 600/690V 5H PT;1;R$ 254,78;7;9,75;R$ 24,84
S4239W;PLUG FIX EMB SHOCK TITE 3P+T 32A 200/250V 9H AZ;1;R$ 180,24;7;9,75;R$ 17,57
S4233W;PLUG FIX EMB SHOCK TITE 3P+T 32A 380/440V 3H VM;1;R$ 180,24;7;9,75;R$ 17,57
S4236W;PLUG FIX EMB SHOCK TITE 3P+T 32A 380/440V 6H VM;1;R$ 180,24;7;9,75;R$ 17,57
S4235W;PLUG FIX EMB SHOCK TITE 3P+T 32A 600/690V 5H PT;1;R$ 306,40;7;9,75;R$ 29,87
S4539W;PLUG FIX EMB SHOCK TITE 3P+T 63A 200/250V 9H AZ;1;R$ 573,37;7;9,75;R$ 55,90
S4536W;PLUG FIX EMB SHOCK TITE 3P+T 63A 380/440V 6H VM;1;R$ 573,37;7;9,75;R$ 55,90
S4535W;PLUG FIX EMB SHOCK TITE 3P+T 63A 600/690V 5H PT;1;R$ 858,67;7;9,75;R$ 83,72
S4839W;PLUG FIX EMB SHOCK TITE 4P+PIL 200A 200/250V 9H AZ;1;R$ 4.157,42;7;9,75;R$ 405,34
S4836W;PLUG FIX EMB SHOCK TITE 4P+PIL 200A 380/440V 6H VM;1;R$ 4.157,42;7;9,75;R$ 405,34
S4835W;PLUG FIX EMB SHOCK TITE 4P+PIL 200A 600/690V 5H PT;1;R$ 4.699,72;7;9,75;R$ 458,22
S4931W;PLUG FIX EMB SHOCK TITE 4P+PIL 250A 600/690V 1H PT;1;R$ 4.157,42;7;9,75;R$ 405,34
S5839W;PLUG FIX EMB SHOCK TITE 5P+PIL 200A 200/250V 9H AZ;1;R$ 4.699,72;7;9,75;R$ 458,22
S5836W;PLUG FIX EMB SHOCK TITE 5P+PIL 200A 380/440V 6H VM;1;R$ 4.699,72;7;9,75;R$ 458,22
SN3879W;PLUG NEG SHOCK TITE 2P+T 200A 380/440V 9H VM IP67;1;R$ 3.389,09;7;9,75;R$ 330,43
SN5579W;PLUG NEG SHOCK TITE 3P+N+T 63A 200/250V 9H AZ;1;R$ 703,97;7;9,75;R$ 68,63
SN4879W;PLUG NEG SHOCK TITE 3P+T+PIL 200A 200/250V 9H AZ;1;R$ 2.755,84;7;9,75;R$ 268,69
S4075W;PLUG SCHOCK TITE 3P+T 16A 600/690V 5H PT IP67;1;R$ 93,96;7;9,75;R$ 9,16
S4076WNQ;PLUG SHOCK TITE 16A 3P+T 380/440V 6H NQ;1;R$ 118,70;7;9,75;R$ 11,57
S3674W;PLUG SHOCK TITE 2P+T 125A 100/130V 4H AM IP67;1;R$ 870,77;7;9,75;R$ 84,90
S3676W;PLUG SHOCK TITE 2P+T 125A 200/250V 6H AZ IP67;1;R$ 870,77;7;9,75;R$ 84,90
S3679W;PLUG SHOCK TITE 2P+T 125A 380/440V 9H VM IP67;1;R$ 870,77;7;9,75;R$ 84,90
S3074W;PLUG SHOCK TITE 2P+T 16A 100/130V 4H AM IP67;1;R$ 56,68;7;9,75;R$ 5,52
S3074WNQ;PLUG SHOCK TITE 2P+T 16A 100/130V 4H AM NQ;1;R$ 121,10;7;9,75;R$ 11,80
S3076W;PLUG SHOCK TITE 2P+T 16A 200/250V 6H AZ IP67;1;R$ 56,68;7;9,75;R$ 5,52
PRODUTO;DESCRICAO;LOTE MINIMO;PRECO;%ICMS;%IPI;IPI
SN3076W;PLUG SHOCK TITE 2P+T 16A 200/250V 6H AZ NEG;1;R$ 158,71;7;9,75;R$ 15,47
S3072W;PLUG SHOCK TITE 2P+T 16A 24V 2H LI IP67;1;R$ 96,36;7;9,75;R$ 9,39
S3079W;PLUG SHOCK TITE 2P+T 16A 380/440V 9H VM IP67;1;R$ 56,68;7;9,75;R$ 5,52
S3274W;PLUG SHOCK TITE 2P+T 32A 100/130V 4H AM IP67;1;R$ 86,71;7;9,75;R$ 8,45
S3276W;PLUG SHOCK TITE 2P+T 32A 200/250V 6H AZ IP67;1;R$ 86,71;7;9,75;R$ 8,45
SN3276W;PLUG SHOCK TITE 2P+T 32A 200/250V 6H AZ NEG;1;R$ 242,78;7;9,75;R$ 23,67
S3276WNQ;PLUG SHOCK TITE 2P+T 32A 200/250V 6H AZ NQ;1;R$ 172,17;7;9,75;R$ 16,78
S3279W;PLUG SHOCK TITE 2P+T 32A 380/440V 9H VM IP67;1;R$ 86,71;7;9,75;R$ 8,45
S3574W;PLUG SHOCK TITE 2P+T 63A 100/130V 4H AM IP67;1;R$ 400,15;7;9,75;R$ 39,01
S3576W;PLUG SHOCK TITE 2P+T 63A 200/250V 6H AZ IP67;1;R$ 400,15;7;9,75;R$ 39,01
SN3576W;PLUG SHOCK TITE 2P+T 63A 200/250V 6H AZ NEG;1;R$ 1.120,41;7;9,75;R$ 109,23
S3579W;PLUG SHOCK TITE 2P+T 63A 380/440V 9H VM IP67;1;R$ 400,15;7;9,75;R$ 39,01
S3876W;PLUG SHOCK TITE 2P+T+PIL 200A 200/250V 6H AZ IP67;1;R$ 2.084,99;7;9,75;R$ 203,28
S3076WNQ;PLUG SHOCK TITE 3P 016A 200/250V 6H AZ NIQUELADO;1;R$ 121,10;7;9,75;R$ 11,80
S3079WNQ;PLUG SHOCK TITE 3P 016A 380/440V 9H VM NIQUELADO;1;R$ 121,10;7;9,75;R$ 11,80
S5679W;PLUG SHOCK TITE 3P+N+T 125A 200/250V 9H AZ IP67;1;R$ 1.850,12;7;9,75;R$ 180,38
S5676W;PLUG SHOCK TITE 3P+N+T 125A 380/440V 6H VM IP67;1;R$ 1.850,12;7;9,75;R$ 180,38
S5074W;PLUG SHOCK TITE 3P+N+T 16A 100/130V 4H AM IP67;1;R$ 76,29;7;9,75;R$ 7,43
S5079W;PLUG SHOCK TITE 3P+N+T 16A 200/250V 9H AZ IP67;1;R$ 76,29;7;9,75;R$ 7,43
S5076WNQ;PLUG SHOCK TITE 3P+N+T 16A 380/440V 6H VM (N);1;R$ 154,46;7;9,75;R$ 15,05
S5076W;PLUG SHOCK TITE 3P+N+T 16A 380/440V 6H VM IP67;1;R$ 76,29;7;9,75;R$ 7,43
SN5076W;PLUG SHOCK TITE 3P+N+T 16A 380/440V 6H VM NEG;1;R$ 213,63;7;9,75;R$ 20,82
S5075W;PLUG SHOCK TITE 3P+N+T 16A 600/690V 5H PT IP67;1;R$ 129,69;7;9,75;R$ 12,64
S5274W;PLUG SHOCK TITE 3P+N+T 32A 100/130V 4H AM IP67;1;R$ 114,39;7;9,75;R$ 11,15
S5279W;PLUG SHOCK TITE 3P+N+T 32A 200/250V 9H AZ IP67;1;R$ 114,39;7;9,75;R$ 11,15
S5276W;PLUG SHOCK TITE 3P+N+T 32A 380/440V 6H VM IP67;1;R$ 114,39;7;9,75;R$ 11,15
S5276WNQ;PLUG SHOCK TITE 3P+N+T 32A 380/440V 6H VM NQ;1;R$ 219,22;7;9,75;R$ 21,37
S5277W;PLUG SHOCK TITE 3P+N+T 32A 480/500V 7H PT IP67;1;R$ 140,40;7;9,75;R$ 13,68
S5579W;PLUG SHOCK TITE 3P+N+T 63A 200/250V 9H AZ IP67;1;R$ 380,75;7;9,75;R$ 37,12
S5576W;PLUG SHOCK TITE 3P+N+T 63A 380/440V 6H VM IP67;1;R$ 380,75;7;9,75;R$ 37,12
S4679W;PLUG SHOCK TITE 3P+T 125A 200/250V 9H AZ IP67;1;R$ 474,67;7;9,75;R$ 46,28
S4672W;PLUG SHOCK TITE 3P+T 125A 24V 2H LI IP67;1;R$ 672,07;7;9,75;R$ 65,52
S4676W;PLUG SHOCK TITE 3P+T 125A 380/440V 6H VM IP67;1;R$ 474,67;7;9,75;R$ 46,28
SN4676W;PLUG SHOCK TITE 3P+T 125A 380/440V 6H VM NEG;1;R$ 1.329,05;7;9,75;R$ 129,58
S4676WNQ;PLUG SHOCK TITE 3P+T 125A 380/440V 6H VM NQ;1;R$ 696,84;7;9,75;R$ 67,94
S4675W;PLUG SHOCK TITE 3P+T 125A 600/690V 5H PT IP67;1;R$ 672,07;7;9,75;R$ 65,52
S4074W;PLUG SHOCK TITE 3P+T 16A 100/130V 4H AM IP67;1;R$ 55,45;7;9,75;R$ 5,40
S4079WNQ;PLUG SHOCK TITE 3P+T 16A 200/250V 9H AZ;1;R$ 118,70;7;9,75;R$ 11,57
S4079W;PLUG SHOCK TITE 3P+T 16A 200/250V 9H AZ IP67;1;R$ 55,45;7;9,75;R$ 5,40
S4072W;PLUG SHOCK TITE 3P+T 16A 24V 2H LI IP67;1;R$ 93,96;7;9,75;R$ 9,16
SN4076W;PLUG SHOCK TITE 3P+T 16A 380/440V 6H VM NEG;1;R$ 155,24;7;9,75;R$ 15,13
S4876WMT;PLUG SHOCK TITE 3P+T 200A 380/440V 6H VM;1;R$ 1.832,89;7;9,75;R$ 178,70
SN4876W;PLUG SHOCK TITE 3P+T 200A 380/440V 6H VM NEG;1;R$ 2.209,13;7;9,75;R$ 215,39
S4875WMT;PLUG SHOCK TITE 3P+T 200A 600/690V 5H PR;1;R$ 2.200,76;7;9,75;R$ 214,57
S4876WAGA;PLUG SHOCK TITE 3P+T 250A 380/440V 6H VM IP67;1;R$ 1.755,80;7;9,75;R$ 171,19
S4875WAGA;PLUG SHOCK TITE 3P+T 250A 600/690V 5H PT IP67;1;R$ 8.810,17;7;9,75;R$ 858,99
S4279W;PLUG SHOCK TITE 3P+T 32A 200/250V 9H AZ IP67;1;R$ 78,07;7;9,75;R$ 7,61
SN4279W;PLUG SHOCK TITE 3P+T 32A 200/250V 9H AZ NEG;1;R$ 218,59;7;9,75;R$ 21,31
S4273W;PLUG SHOCK TITE 3P+T 32A 380/440V 3H VM;1;R$ 132,72;7;9,75;R$ 12,94
S4276WNQ;PLUG SHOCK TITE 3P+T 32A 380/440V 6H VM;1;R$ 157,47;7;9,75;R$ 15,35
S4276W;PLUG SHOCK TITE 3P+T 32A 380/440V 6H VM IP67;1;R$ 78,07;7;9,75;R$ 7,61
SN4276W;PLUG SHOCK TITE 3P+T 32A 380/440V 6H VM NEG;1;R$ 218,59;7;9,75;R$ 21,31
S42711W;PLUG SHOCK TITE 3P+T 32A 440/460V 11H VM;1;R$ 132,72;7;9,75;R$ 12,94
S4277W;PLUG SHOCK TITE 3P+T 32A 480/500V 7H PT;1;R$ 132,72;7;9,75;R$ 12,94
S4275W;PLUG SHOCK TITE 3P+T 32A 600/690V 5H PT IP67;1;R$ 132,72;7;9,75;R$ 12,94
S4579W;PLUG SHOCK TITE 3P+T 63A 200/250V 9H AZ IP67;1;R$ 259,70;7;9,75;R$ 25,32
S4579WNQ;PLUG SHOCK TITE 3P+T 63A 200/250V 9H AZ NQ;1;R$ 414,31;7;9,75;R$ 40,39
S4576WNQ;PLUG SHOCK TITE 3P+T 63A 380/440V 6H VM;1;R$ 414,31;7;9,75;R$ 40,39
S4576W;PLUG SHOCK TITE 3P+T 63A 380/440V 6H VM IP67;1;R$ 259,70;7;9,75;R$ 25,32
SN4576W;PLUG SHOCK TITE 3P+T 63A 380/440V 6H VM NEG;1;R$ 671,06;7;9,75;R$ 65,42
S45711W;PLUG SHOCK TITE 3P+T 63A 440/460V 11H VM IP67;1;R$ 389,55;7;9,75;R$ 37,98
S4577W;PLUG SHOCK TITE 3P+T 63A 480/500V 7H PT IP67;1;R$ 389,55;7;9,75;R$ 37,98
S4575W;PLUG SHOCK TITE 3P+T 63A 600/690V 5H PT IP67;1;R$ 389,55;7;9,75;R$ 37,98
S4879W;PLUG SHOCK TITE 3P+T+PIL 200A 200/250V 9H AZ IP67;1;R$ 1.623,74;7;9,75;R$ 158,31
S4876W;PLUG SHOCK TITE 3P+T+PIL 200A 380/440V 6H VM IP67;1;R$ 1.623,74;7;9,75;R$ 158,31
S4875W;PLUG SHOCK TITE 3P+T+PIL 200A 600/690V 5H PT IP67;1;R$ 2.200,76;7;9,75;R$ 214,57
S4976W;PLUG SHOCK TITE 3P+T+PIL 250A 380/440V 6H VM IP67;1;R$ 2.533,40;7;9,75;R$ 247,00
S4971W;PLUG SHOCK TITE 3P+T+PIL 250A 600/690V 1H PT IP67;1;R$ 4.546,43;7;9,75;R$ 443,27
S5879W;PLUG SHOCK TITE 4P+T+PIL 200A 200/250V 9H AZ IP67;1;R$ 2.093,85;7;9,75;R$ 204,15
S5876W;PLUG SHOCK TITE 4P+T+PIL 200A 380/440V 6H VM IP67;1;R$ 2.093,85;7;9,75;R$ 204,15
S5875W;PLUG SHOCK TITE 4P+T+PIL 200A 600/690V 5H PT IP67;1;R$ 2.757,67;7;9,75;R$ 268,87
SN5276W;PLUG SHOCK TITE 5P 032A 380/440V 6H VM NEG;1;R$ 320,31;7;9,75;R$ 31,23
S48711W;PLUG SHOCKTITE 3P+T+PIL 200A 440/460V 11H VM;1;R$ 2.200,76;7;9,75;R$ 214,57
S4076W;PLUGUE SHOCK TITE 3P+T 16A 380/440V 6H VM IP67;1;R$ 55,45;7;9,75;R$ 5,40
S4876SUP;SUP PINO 4P 250A PARA PLUGUE;1;R$ 1.192,35;7;9,75;R$ 116,25
S67350;TAMPA PROT SHOCK TITE CZ PLUG 125/200A 3P/4P/5P;1;R$ 177,80;7;9,75;R$ 17,33
S61330;TAMPA PROT SHOCK TITE CZ PLUG 16A 3P;1;R$ 52,91;7;9,75;R$ 5,15
S61340;TAMPA PROT SHOCK TITE CZ PLUG 16A 4P;1;R$ 64,63;4;9,75;R$ 6,30
S63340;TAMPA PROT SHOCK TITE CZ PLUG 32A 3P/4P;1;R$ 79,34;7;9,75;R$ 7,73
S63350;TAMPA PROT SHOCK TITE CZ PLUG 32A 5P;1;R$ 78,06;4;9,75;R$ 7,61
S66350;TAMPA PROT SHOCK TITE CZ PLUG 63A 3P/4P/5P;1;R$ 148,16;7;9,75;R$ 14,44
SN4846W;TOM EMB NEG SHOCK TITE 3P+T+P 200A 380/440V 6H VM;1;R$ 2.299,68;7;9,75;R$ 224,21
SN4849W;TOM EMB NEG SHOCKTITE 3P+T+PIL 200A 200/250V 9H AZ;1;R$ 2.299,68;7;9,75;R$ 224,21
S4941W;TOM EMB SHOCK TITE 250A 3P+T+PIL 600/690V 1H PT;1;R$ 2.449,08;7;9,75;R$ 238,78
S3644W;TOM EMB SHOCK TITE 2P+T 125A 100/130V 4H AM IP67;1;R$ 491,10;7;9,75;R$ 47,88
S3646W;TOM EMB SHOCK TITE 2P+T 125A 200/250V 6H AZ IP67;1;R$ 491,10;7;9,75;R$ 47,88
S3649W;TOM EMB SHOCK TITE 2P+T 125A 380/440V 9H VM IP67;1;R$ 491,10;7;9,75;R$ 47,88
S3044WNQ;TOM EMB SHOCK TITE 2P+T 16A 100/130V 4H AM;1;R$ 141,99;7;9,75;R$ 13,84
S3044W;TOM EMB SHOCK TITE 2P+T 16A 100/130V 4H AM IP67;1;R$ 68,56;7;9,75;R$ 6,68
PRODUTO;DESCRICAO;LOTE MINIMO;PRECO;%ICMS;%IPI;IPI
S3046WNQ;TOM EMB SHOCK TITE 2P+T 16A 200/250V 6H AZ;1;R$ 141,99;7;9,75;R$ 13,84
S3046W;TOM EMB SHOCK TITE 2P+T 16A 200/250V 6H AZ IP67;1;R$ 68,56;7;9,75;R$ 6,68
S3042W;TOM EMB SHOCK TITE 2P+T 16A 24V 2H LI IP67;1;R$ 117,23;7;9,75;R$ 11,42
S3049W;TOM EMB SHOCK TITE 2P+T 16A 380/440V 9H VM IP67;1;R$ 68,56;7;9,75;R$ 6,68
S3045W;TOM EMB SHOCK TITE 2P+T 16A 600/690V 5H PT IP67;1;R$ 117,23;7;9,75;R$ 11,42
S3244W;TOM EMB SHOCK TITE 2P+T 32A 100/130V 4H AM IP67;1;R$ 103,54;7;9,75;R$ 10,09
S3246WNQ;TOM EMB SHOCK TITE 2P+T 32A 200/250V 6H AZ;1;R$ 200,80;7;9,75;R$ 19,57
S3246W;TOM EMB SHOCK TITE 2P+T 32A 200/250V 6H AZ IP67;1;R$ 103,54;7;9,75;R$ 10,09
SN3246W;TOM EMB SHOCK TITE 2P+T 32A 200/250V 6H AZ NEG;1;R$ 289,95;7;9,75;R$ 28,27
S3249W;TOM EMB SHOCK TITE 2P+T 32A 380/440V 9H VM IP67;1;R$ 103,54;7;9,75;R$ 10,09
S3544W;TOM EMB SHOCK TITE 2P+T 63A 100/130V 4H AM IP67;1;R$ 243,22;7;9,75;R$ 23,71
S3546W;TOM EMB SHOCK TITE 2P+T 63A 200/250V 6H AZ IP67;1;R$ 243,22;7;9,75;R$ 23,71
SN3546W;TOM EMB SHOCK TITE 2P+T 63A 200/250V6H AZ NEG;1;R$ 681,00;7;9,75;R$ 66,39
S3549W;TOM EMB SHOCK TITE 2P+T 63A 380/440V 9H VM IP67;1;R$ 243,22;7;9,75;R$ 23,71
S3844W;TOM EMB SHOCK TITE 3P 200A 100/130V 4H AM;1;R$ 2.130,04;7;9,75;R$ 207,67
S3846W;TOM EMB SHOCK TITE 3P 200A 200/250V 6H AZ;1;R$ 2.130,04;7;9,75;R$ 207,67
S5649W;TOM EMB SHOCK TITE 3P+N+T 125A 200/250V 9H AZ IP67;1;R$ 1.785,88;7;9,75;R$ 174,12
S5646W;TOM EMB SHOCK TITE 3P+N+T 125A 380/440V 6H VM IP67;1;R$ 682,08;7;9,75;R$ 66,50
S5049W;TOM EMB SHOCK TITE 3P+N+T 16A 200/250V 9H AZ IP67;1;R$ 96,48;7;9,75;R$ 9,40
S5046W;TOM EMB SHOCK TITE 3P+N+T 16A 380/440V 6H VM IP67;1;R$ 96,48;7;9,75;R$ 9,40
S5249W;TOM EMB SHOCK TITE 3P+N+T 32A 200/250V 9H AZ IP67;1;R$ 124,94;7;9,75;R$ 12,18
S5246WNQ;TOM EMB SHOCK TITE 3P+N+T 32A 380/440V 6H NQ VM;1;R$ 237,15;7;9,75;R$ 23,12
S5246W;TOM EMB SHOCK TITE 3P+N+T 32A 380/440V 6H VM IP67;1;R$ 124,94;7;9,75;R$ 12,18
SN5246W;TOM EMB SHOCK TITE 3P+N+T 32A 380/440V 6H VM NEG;1;R$ 349,83;7;9,75;R$ 34,10
S5245W;TOM EMB SHOCK TITE 3P+N+T 32A 600/690V 5H PT IP67;1;R$ 212,39;7;9,75;R$ 20,70
S5549W;TOM EMB SHOCK TITE 3P+N+T 63A 200/250V 9H AZ IP67;1;R$ 382,72;7;9,75;R$ 37,31
S5546W;TOM EMB SHOCK TITE 3P+N+T 63A 380/440V 6H VM IP67;1;R$ 382,72;7;9,75;R$ 37,31
S4649W;TOM EMB SHOCK TITE 3P+T 125A 200/250V 9H AZ IP67;1;R$ 545,66;7;9,75;R$ 53,20
S4646W;TOM EMB SHOCK TITE 3P+T 125A 380/440V 6H VM IP67;1;R$ 545,66;7;9,75;R$ 53,20
S4645W;TOM EMB SHOCK TITE 3P+T 125A 600/690V 5H PT IP67;1;R$ 763,92;7;9,75;R$ 74,48
S4049W;TOM EMB SHOCK TITE 3P+T 16A 200/250V 9H AZ IP67;1;R$ 68,47;7;9,75;R$ 6,67
S4042W;TOM EMB SHOCK TITE 3P+T 16A 24V 2H LI IP67;1;R$ 116,40;7;9,75;R$ 11,34
S4046W;TOM EMB SHOCK TITE 3P+T 16A 380/440V 6H VM IP67;1;R$ 68,47;7;9,75;R$ 6,67
S4046WNQ;TOM EMB SHOCK TITE 3P+T 16A 380/440V 6H VM NQ;1;R$ 141,16;7;9,75;R$ 13,76
S4045W;TOM EMB SHOCK TITE 3P+T 16A 600/690V 5H PT IP67;1;R$ 116,40;7;9,75;R$ 11,34
S4846WNQ;TOM EMB SHOCK TITE 3P+T 200A 380/440V 6H VM NQ;1;R$ 2.199,02;7;9,75;R$ 214,40
S4244W;TOM EMB SHOCK TITE 3P+T 32A 100/130V 4H AM IP67;1;R$ 83,70;7;9,75;R$ 8,16
S4249W;TOM EMB SHOCK TITE 3P+T 32A 200/250V 9H AZ IP67;1;R$ 83,70;7;9,75;R$ 8,16
S4243W;TOM EMB SHOCK TITE 3P+T 32A 380/440V 3H VM;1;R$ 142,28;7;9,75;R$ 13,87
S4246W;TOM EMB SHOCK TITE 3P+T 32A 380/440V 6H VM IP67;1;R$ 83,70;7;9,75;R$ 8,16
SN4246W;TOM EMB SHOCK TITE 3P+T 32A 380/440V 6H VM NEG;1;R$ 234,34;7;9,75;R$ 22,84
S4245W;TOM EMB SHOCK TITE 3P+T 32A 600/690V 5H PT IP67;1;R$ 142,28;7;9,75;R$ 13,87
S4549W;TOM EMB SHOCK TITE 3P+T 63A 200/250V 9H AZ IP67;1;R$ 280,15;7;9,75;R$ 27,31
SN4549W;TOM EMB SHOCK TITE 3P+T 63A 200/250V 9H AZ NEG;1;R$ 756,68;7;9,75;R$ 73,77
S4546W;TOM EMB SHOCK TITE 3P+T 63A 380/440V 6H VM IP67;1;R$ 280,15;7;9,75;R$ 27,31
S4546WNQ;TOM EMB SHOCK TITE 3P+T 63A 380/440V 6H VM NIQUEL;1;R$ 444,98;7;9,75;R$ 43,38
S45411W;TOM EMB SHOCK TITE 3P+T 63A 440/460V 11H VM IP67;1;R$ 420,22;7;9,75;R$ 40,97
S4545W;TOM EMB SHOCK TITE 3P+T 63A 600/690V 5H PT IP67;1;R$ 420,22;7;9,75;R$ 40,97
S4849W;TOM EMB SHOCK TITE 3P+T+PIL 200A 200/250V 9H AZ;1;R$ 1.959,61;7;9,75;R$ 191,06
S4846WMT;TOM EMB SHOCK TITE 3P+T+PIL 200A 380/440V 6H FG;1;R$ 1.803,12;7;9,75;R$ 175,80
S4846W;TOM EMB SHOCK TITE 3P+T+PIL 200A 380/440V 6H VM;1;R$ 1.959,61;7;9,75;R$ 191,06
S4845W;TOM EMB SHOCK TITE 3P+T+PIL 200A 600/690V 5H PT;1;R$ 2.350,19;7;9,75;R$ 229,14
S4949W;TOM EMB SHOCK TITE 3P+T+PIL 250A 200/250V 9H AZ 67;1;R$ 3.219,48;7;9,75;R$ 313,89
S4946W;TOM EMB SHOCK TITE 3P+T+PIL 250A 380/440V 6H VM;1;R$ 2.742,58;7;9,75;R$ 267,40
S5849W;TOM EMB SHOCK TITE 4P+T+PIL 200A 200/250V 9H AZ;1;R$ 2.547,49;7;9,75;R$ 248,38
S5846W;TOM EMB SHOCK TITE 4P+T+PIL 200A 380/440V 6H VM;1;R$ 2.547,49;7;9,75;R$ 248,38
S4246WNQ;TOM EMB SURELOCK 3P+T 32A 380/440V 6H VM;1;R$ 167,03;7;9,75;R$ 16,28
S3606W;TOM SOB SHOCK TITE 2P+T 125A 200/250V 6H AZ IP67;1;R$ 638,42;7;9,75;R$ 62,24
S3609W;TOM SOB SHOCK TITE 2P+T 125A 380/440V 9H VM IP67;1;R$ 638,42;7;9,75;R$ 62,24
S3004W;TOM SOB SHOCK TITE 2P+T 16A 100/130V 4H AM IP67;1;R$ 80,89;7;9,75;R$ 7,88
S3004WNQ;TOM SOB SHOCK TITE 2P+T 16A 100/130V 4H AM NQ;1;R$ 162,26;7;9,75;R$ 15,82
S3006W;TOM SOB SHOCK TITE 2P+T 16A 200/250V 6H AZ IP67;1;R$ 80,89;7;9,75;R$ 7,88
S3006WNQ;TOM SOB SHOCK TITE 2P+T 16A 200/250V 6H AZ NI;1;R$ 162,26;7;9,75;R$ 15,82
SN3006W;TOM SOB SHOCK TITE 2P+T 16A 200/250V 6HAZ IP67 NEG;1;R$ 226,47;7;9,75;R$ 22,08
S3002W;TOM SOB SHOCK TITE 2P+T 16A 24V 2H LI IP67;1;R$ 137,51;7;9,75;R$ 13,40
S3009W;TOM SOB SHOCK TITE 2P+T 16A 380/440V 9H VM IP67;1;R$ 80,89;7;9,75;R$ 7,88
S3204W;TOM SOB SHOCK TITE 2P+T 32A 100/130V 4H AM IP67;1;R$ 128,28;7;9,75;R$ 12,50
S3206WNQ;TOM SOB SHOCK TITE 2P+T 32A 200/250V 6H AZ;1;R$ 242,85;7;9,75;R$ 23,67
S3206W;TOM SOB SHOCK TITE 2P+T 32A 200/250V 6H AZ IP67;1;R$ 128,28;7;9,75;R$ 12,50
S3209WNQ;TOM SOB SHOCK TITE 2P+T 32A 380/440V 9H VM;1;R$ 242,85;7;9,75;R$ 23,67
S3209W;TOM SOB SHOCK TITE 2P+T 32A 380/440V 9H VM IP67;1;R$ 128,28;7;9,75;R$ 12,50
S3504W;TOM SOB SHOCK TITE 2P+T 63A 100/130V 4H AM IP67;1;R$ 533,90;7;9,75;R$ 52,05
S3506W;TOM SOB SHOCK TITE 2P+T 63A 200/250V 6H AZ IP67;1;R$ 533,90;7;9,75;R$ 52,05
S3509W;TOM SOB SHOCK TITE 2P+T 63A 380/440V 9H VM IP67;1;R$ 533,90;7;9,75;R$ 52,05
S3806W;TOM SOB SHOCK TITE 3P 200A 200/250V 6H AZ;1;R$ 2.297,99;7;9,75;R$ 224,05
S5609W;TOM SOB SHOCK TITE 3P+N+T 125A 200/250V 9H AZ IP67;1;R$ 1.880,19;7;9,75;R$ 183,31
S5606W;TOM SOB SHOCK TITE 3P+N+T 125A 380/440V 6H VM IP67;1;R$ 1.880,19;7;9,75;R$ 183,31
S5004W;TOM SOB SHOCK TITE 3P+N+T 16A 100/130V 4H AM IP67;1;R$ 119,37;7;9,75;R$ 11,63
S5009W;TOM SOB SHOCK TITE 3P+N+T 16A 200/250V 9H AZ IP67;1;R$ 119,37;7;9,75;R$ 11,63
S5006WNQ;TOM SOB SHOCK TITE 3P+N+T 16A 380/440V 6H VM;1;R$ 227,68;7;9,75;R$ 22,19
S5006W;TOM SOB SHOCK TITE 3P+N+T 16A 380/440V 6H VM IP67;1;R$ 119,37;7;9,75;R$ 11,63
SN5006W;TOM SOB SHOCK TITE 3P+N+T 16A 380/440V 6H VM NEG;1;R$ 342,22;7;9,75;R$ 33,36
S5005W;TOM SOB SHOCK TITE 3P+N+T 16A 600/690V 5H PT IP67;1;R$ 202,93;7;9,75;R$ 19,78
S5204W;TOM SOB SHOCK TITE 3P+N+T 32A 100/130V 4H AM IP67;1;R$ 151,76;7;9,75;R$ 14,79
S5209W;TOM SOB SHOCK TITE 3P+N+T 32A 200/250V 9H AZ IP67;1;R$ 151,76;7;9,75;R$ 14,79
SN5209W;TOM SOB SHOCK TITE 3P+N+T 32A 200/250V 9H AZ NEG;1;R$ 424,98;7;9,75;R$ 41,43
S5206WNQ;TOM SOB SHOCK TITE 3P+N+T 32A 380/440V 6H NQ VM;1;R$ 282,75;7;9,75;R$ 27,56
S5206W;TOM SOB SHOCK TITE 3P+N+T 32A 380/440V 6H VM IP67;1;R$ 151,76;7;9,75;R$ 14,79
SN5206W;TOM SOB SHOCK TITE 3P+N+T 32A 380/440V 6H VM NEG;1;R$ 424,98;7;9,75;R$ 41,43
PRODUTO;DESCRICAO;LOTE MINIMO;PRECO;%ICMS;%IPI;IPI
S5207W;TOM SOB SHOCK TITE 3P+N+T 32A 480/500V 7H PT IP67;1;R$ 186,27;7;9,75;R$ 18,16
S5509W;TOM SOB SHOCK TITE 3P+N+T 63A 200/250V 9H AZ IP67;1;R$ 455,73;7;9,75;R$ 44,43
S5506W;TOM SOB SHOCK TITE 3P+N+T 63A 380/440V 6H VM IP67;1;R$ 455,73;7;9,75;R$ 44,43
S5809W;TOM SOB SHOCK TITE 3P+N+T+PIL 200A 200/250V 9H AZ;1;R$ 3.043,13;7;9,75;R$ 296,70
S5806W;TOM SOB SHOCK TITE 3P+N+T+PIL 200A 380/440V 6H VM;1;R$ 3.043,13;7;9,75;R$ 296,70
S4609W;TOM SOB SHOCK TITE 3P+T 125A 200/250V 9H AZ IP67;1;R$ 599,30;7;9,75;R$ 58,43
S4606W;TOM SOB SHOCK TITE 3P+T 125A 380/440V 6H VM IP67;1;R$ 599,30;7;9,75;R$ 58,43
S4605W;TOM SOB SHOCK TITE 3P+T 125A 600/690V 5H PT IP67;1;R$ 839,08;7;9,75;R$ 81,81
S4004W;TOM SOB SHOCK TITE 3P+T 16A 100/130V 4H AM IP67;1;R$ 81,45;7;9,75;R$ 7,94
S4009WNQ;TOM SOB SHOCK TITE 3P+T 16A 200/250V 9H AZ;1;R$ 163,22;7;9,75;R$ 15,91
S4009W;TOM SOB SHOCK TITE 3P+T 16A 200/250V 9H AZ IP67;1;R$ 81,45;7;9,75;R$ 7,94
S4006WNQ;TOM SOB SHOCK TITE 3P+T 16A 380/440V 6H NQ;1;R$ 163,22;7;9,75;R$ 15,91
S4006W;TOM SOB SHOCK TITE 3P+T 16A 380/440V 6H VM IP67;1;R$ 81,45;7;9,75;R$ 7,94
SN4006W;TOM SOB SHOCK TITE 3P+T 16A 380/440V 6H VM NEG;1;R$ 228,04;7;9,75;R$ 22,23
S4209WNQ;TOM SOB SHOCK TITE 3P+T 32A 200/250V 9H AZ;1;R$ 190,61;7;9,75;R$ 18,58
S4209W;TOM SOB SHOCK TITE 3P+T 32A 200/250V 9H AZ IP67;1;R$ 97,57;7;9,75;R$ 9,51
SN4209W;TOM SOB SHOCK TITE 3P+T 32A 200/250V 9H AZ NEG;1;R$ 273,18;7;9,75;R$ 26,63
S4203W;TOM SOB SHOCK TITE 3P+T 32A 380/440V 3H VM;1;R$ 97,57;7;9,75;R$ 9,51
S4206WNQ;TOM SOB SHOCK TITE 3P+T 32A 380/440V 6H VM;1;R$ 190,61;7;9,75;R$ 18,58
S4206W;TOM SOB SHOCK TITE 3P+T 32A 380/440V 6H VM IP67;1;R$ 97,57;7;9,75;R$ 9,51
SN4206W;TOM SOB SHOCK TITE 3P+T 32A 380/440V 6H VM NEG;1;R$ 273,18;7;9,75;R$ 26,63
S4205W;TOM SOB SHOCK TITE 3P+T 32A 600/690V 5H PT IP67;1;R$ 165,85;7;9,75;R$ 16,17
S4509W;TOM SOB SHOCK TITE 3P+T 63A 200/250V 9H AZ IP67;1;R$ 308,69;7;9,75;R$ 30,09
S4506W;TOM SOB SHOCK TITE 3P+T 63A 380/440V 6H VM IP67;1;R$ 308,69;7;9,75;R$ 30,09
S4506WNQ;TOM SOB SHOCK TITE 3P+T 63A 380/440V 6H VM Ni;1;R$ 486,91;7;9,75;R$ 47,47
S4505W;TOM SOB SHOCK TITE 3P+T 63A 600/690V 5H PT IP67;1;R$ 462,15;7;9,75;R$ 45,05
S4809W;TOM SOB SHOCK TITE 3P+T+PIL 200A 200/250V 9H AZ;1;R$ 2.553,31;7;9,75;R$ 248,94
S4806W;TOM SOB SHOCK TITE 3P+T+PIL 200A 380/440V 6H VM;1;R$ 2.553,31;7;9,75;R$ 248,94
S4805W;TOM SOB SHOCK TITE 3P+T+PIL 200A 600/690V 5H PT;1;R$ 3.063,85;7;9,75;R$ 298,72
S4901W;TOM SOB SHOCK TITE 3P+T+PIL 250A 600/690V 1H PT;1;R$ 4.157,42;7;9,75;R$ 405,34
N5054W;ACOPL 3P+N+T 16A-4h/100/130V IP6 7;1;R$ 105,71;7;9,75;R$ 10,30
N3054W;ACOPL NEW TITE 2P+T 16A 4H AM 100/130V IP67;1;R$ 70,92;7;9,75;R$ 6,91
N3056W;ACOPL NEW TITE 2P+T 16A 6H AZ 200/250V IP67;1;R$ 70,92;7;9,75;R$ 6,91
N3059W;ACOPL NEW TITE 2P+T 16A 9H VM 380/440V IP67;1;R$ 70,92;7;9,75;R$ 6,91
N3256W;ACOPL NEW TITE 2P+T 32A 6H AZ 200/250V IP67;1;R$ 117,05;7;9,75;R$ 11,41
N5056W;ACOPL NEW TITE 3P+N+T 16A 6H VM 380/440V IP67;1;R$ 105,71;7;9,75;R$ 10,30
N5256W;ACOPL NEW TITE 3P+N+T 32A 6H VM 380/440V IP67;1;R$ 208,18;7;9,75;R$ 20,29
N4056W;ACOPL NEW TITE 3P+T 16A 6H VM 380/440V IP67;1;R$ 72,03;7;9,75;R$ 7,02
N4059W;ACOPL NEW TITE 3P+T 16A 9H AZ 200/250V IP67;1;R$ 72,03;7;9,75;R$ 7,02
N4253W;ACOPL NEW TITE 3P+T 32A 3H VM 380/440V IP67;1;R$ 86,40;7;9,75;R$ 8,42
N4256W;ACOPL NEW TITE 3P+T 32A 6H VM 380/440V IP67;1;R$ 86,40;7;9,75;R$ 8,42
N4259W;ACOPL NEW TITE 3P+T 32A 9H AZ 200/250V IP67;1;R$ 86,40;7;9,75;R$ 8,42
N5074W;PLUG 3P+N+T 16A 4h 100/130V IP67;1;R$ 73,43;7;9,75;R$ 7,15
N3072W;PLUG NEW TITE 2P+T 16A 2H LI 24V IP67;1;R$ 92,75;7;9,75;R$ 9,04
N3074W;PLUG NEW TITE 2P+T 16A 4H AM 100/130V IP67;1;R$ 54,54;7;9,75;R$ 5,31
N3076W;PLUG NEW TITE 2P+T 16A 6H AZ 200/250V IP67;1;R$ 54,54;7;9,75;R$ 5,31
N3079W;PLUG NEW TITE 2P+T 16A 9H VM 380/440V IP67;1;R$ 54,54;7;9,75;R$ 5,31
N3274W;PLUG NEW TITE 2P+T 32A 4H AM 100/130V IP67;1;R$ 83,44;7;9,75;R$ 8,13
N3276W;PLUG NEW TITE 2P+T 32A 6H AZ 200/250V IP67;1;R$ 83,44;7;9,75;R$ 8,13
N3279W;PLUG NEW TITE 2P+T 32A 9H VM 380/440V IP67;1;R$ 83,44;7;9,75;R$ 8,13
N5076W;PLUG NEW TITE 3P+N+T 16A 6H VM 380/440V IP67;1;R$ 73,43;7;9,75;R$ 7,15
N5079W;PLUG NEW TITE 3P+N+T 16A 9H AZ 200/250V IP67;1;R$ 73,43;7;9,75;R$ 7,15
N5276W;PLUG NEW TITE 3P+N+T 32A 6H VM 380/440V IP67;1;R$ 110,08;7;9,75;R$ 10,73
N5279W;PLUG NEW TITE 3P+N+T 32A 9H AZ 200/250V IP67;1;R$ 110,08;7;9,75;R$ 10,73
N4076W;PLUG NEW TITE 3P+T 16A 6H VM 380/440V IP67;1;R$ 53,35;7;9,75;R$ 5,20
N4079W;PLUG NEW TITE 3P+T 16A 9H AZ 200/250V IP67;1;R$ 53,35;7;9,75;R$ 5,20
N4273W;PLUG NEW TITE 3P+T 32A 3H VM 380/440V IP67;1;R$ 75,12;7;9,75;R$ 7,32
N4276W;PLUG NEW TITE 3P+T 32A 6H VM 380/440V IP67;1;R$ 75,12;7;9,75;R$ 7,32
N4279W;PLUG NEW TITE 3P+T 32A 9H AZ 200/250V IP67;1;R$ 75,12;7;9,75;R$ 7,32
N3049W;TOM EMB 2P+T 16A-9h/380/440V IP67;1;R$ 65,99;7;9,75;R$ 6,43
N3042W;TOM EMB NEW TITE 2P+T 16A 2H LI 24V IP67;1;R$ 112,17;7;9,75;R$ 10,93
N3044W;TOM EMB NEW TITE 2P+T 16A 4H AM 100/130V IP67;1;R$ 65,99;7;9,75;R$ 6,43
N3046W;TOM EMB NEW TITE 2P+T 16A 6H AZ 200/250V IP67;1;R$ 65,99;7;9,75;R$ 6,43
N3244W;TOM EMB NEW TITE 2P+T 32A 4H AM 100/130V IP67;1;R$ 99,66;7;9,75;R$ 9,71
N3246W;TOM EMB NEW TITE 2P+T 32A 6H AZ 200/250V IP67;1;R$ 99,66;7;9,75;R$ 9,71
N5246W;TOM EMB NEW TITE 3P+N+T 32A 6H VM 380/440V IP67;1;R$ 120,25;7;9,75;R$ 11,72
N4046W;TOM EMB NEW TITE 3P+T 16A 6H VM 380/440V IP67;1;R$ 65,90;7;9,75;R$ 6,42
N4049W;TOM EMB NEW TITE 3P+T 16A 9H AZ 200/250V IP67;1;R$ 65,90;7;9,75;R$ 6,42
N4246W;TOM EMB NEW TITE 3P+T 32A 6H VM 380/440V IP67;1;R$ 80,54;7;9,75;R$ 7,85
N4243W;TOM EMB NEW TITE 3P+T 32A 3H VM 380/440V IP67;1;R$ 80,54;7;9,75;R$ 7,85
N4249W;TOM EMB NEW TITE 3P+T 32A 9H AZ 200/250V IP67;1;R$ 80,54;7;9,75;R$ 7,85
N5004W;TOM SOB 3P+N+T 16A-4H/100/130V IP67;1;R$ 114,89;7;9,75;R$ 11,20
N3002W;TOM SOB NEW TITE 2P+T 16A 2H LI 24V IP67;1;R$ 122,07;7;9,75;R$ 11,90
N3004W;TOM SOB NEW TITE 2P+T 16A 4H AM 100/130V IP67;1;R$ 77,85;7;9,75;R$ 7,59
N3006W;TOM SOB NEW TITE 2P+T 16A 6H AZ 200/250V IP67;1;R$ 77,85;7;9,75;R$ 7,59
N3009W;TOM SOB NEW TITE 2P+T 16A 9H VM 380/440V IP67;1;R$ 77,85;7;9,75;R$ 7,59
N3204W;TOM SOB NEW TITE 2P+T 32A 4H AM 100/130V IP67;1;R$ 123,47;7;9,75;R$ 12,03
N3206W;TOM SOB NEW TITE 2P+T 32A 6H AZ 200/250V IP67;1;R$ 123,47;7;9,75;R$ 12,03
N3209W;TOM SOB NEW TITE 2P+T 32A 9H VM 380/440V IP67;1;R$ 123,47;7;9,75;R$ 12,03
N5006W;TOM SOB NEW TITE 3P+N+T 16A 6H VM 380/440V IP67;1;R$ 114,89;7;9,75;R$ 11,20
N5009W;TOM SOB NEW TITE 3P+N+T 16A 9H AZ 200/250V IP67;1;R$ 114,89;7;9,75;R$ 11,20
N5206W;TOM SOB NEW TITE 3P+N+T 32A 6H VM 380/440V IP67;1;R$ 146,07;7;9,75;R$ 14,24
N5209W;TOM SOB NEW TITE 3P+N+T 32A 9H AZ 200/250V IP67;1;R$ 146,07;7;9,75;R$ 14,24
N4006W;TOM SOB NEW TITE 3P+T 16A 6H VM 380/440V IP67;1;R$ 78,39;7;9,75;R$ 7,64
N4009W;TOM SOB NEW TITE 3P+T 16A 9H AZ 200/250V IP67;1;R$ 78,39;7;9,75;R$ 7,64
N4203W;TOM SOB NEW TITE 3P+T 32A 3H VM 380/440V IP67;1;R$ 93,89;7;9,75;R$ 9,15
N4206W;TOM SOB NEW TITE 3P+T 32A 6H VM 380/440V IP67;1;R$ 93,89;7;9,75;R$ 9,15
N4209W;TOM SOB NEW TITE 3P+T 32A 9H AZ 200/250V IP67;1;R$ 93,89;7;9,75;R$ 9,15
S63300023;CONJ BLOQ MEC 3P+T 16A 380/415V 6H VM LED IP66;1;R$ 2.356,89;7;9,75;R$ 229,79
PRODUTO;DESCRICAO;LOTE MINIMO;PRECO;%ICMS;%IPI;IPI
S63300024;CONJ BLOQ MEC 3P+T 32A 380/415V 6H VM LED IP66;1;R$ 2.473,14;7;9,75;R$ 241,13
S63300020;CONJ BQ MEC 3P+T 16A 200/250V 9H AZ IP66;1;R$ 1.618,44;7;9,75;R$ 157,79
S63300021;CONJ BQ MEC 3P+T 32A 200/250V 9H AZ IP66;1;R$ 1.790,52;7;9,75;R$ 174,57
S4806DDR01;TOM SOB SURELOCK 3P+T+PIL 200A 380/415V 6H VM DDR;1;R$ 16.363,48;7;9,75;R$ 1.595,43
S4106EC000;EXT CARR TOM IND 1XN3274 2XN3044 20 MT IP44;1;R$ 1.690,27;7;9,75;R$ 164,80
S4106EC001;EXT CARR TOM IND 1XN3276 2XN3046 20 MT IP44;1;R$ 1.690,27;7;9,75;R$ 164,80
S4106EC002;EXT CARR TOM IND 1XN3279 2XN3049 20 MT IP44;1;R$ 1.690,27;7;9,75;R$ 164,80
S4106EC004;EXT CARR TOM IND 1XN4276 2XN4046 20 MT IP44;1;R$ 1.690,27;7;9,75;R$ 164,80
S4105EC20C;EXT CARRETEL DOMUS 20M 3X2.5MM2 3X TOM 2P+T 20A;1;R$ 291,94;7;0;R$ 0,00
S4105EC10F;EXT CARRETEL DOMUS 30M 2X1.5MM2 3X TOM 1P+N/F 10A;1;R$ 312,43;7;0;R$ 0,00
S172100;EXT TOM IND 2XN3044 1XN3274 5 MT IP44;1;R$ 668,58;7;9,75;R$ 65,18
S172101;EXT TOM IND 2XN3046 1XN3276 5 MT IP44;1;R$ 566,95;7;9,75;R$ 55,27
S172103;EXT TOM IND 2XN4046 1XN4276 5 MT IP44;1;R$ 514,60;7;9,75;R$ 50,17
S6100101;EXT. TOM IND 2X32A 3XN3046 N3276 5 MT IP44;1;R$ 1.160,22;7;9,75;R$ 113,12
S6100111;EXT. TOM IND 2X32A 3XS8641 N3276 5 MT IP44;1;R$ 983,90;7;9,75;R$ 95,93
S6100106;EXT. TOM IND 2XN3046 1XN5246 5 MT IP44;1;R$ 1.210,33;7;9,75;R$ 118,00
S6100102;EXT. TOM IND 3X32A 3XN4049 N4279 5 MT IP44;1;R$ 1.079,82;7;9,75;R$ 105,28
S6100110;EXT. TOM IND 3X32A S8641 2XN4046 N5276 5 MT IP44;1;R$ 1.026,37;7;9,75;R$ 100,07
S6100100;EXT. TOM IND 3XN3044 1XN3274 5 MT IP44;1;R$ 983,90;7;9,75;R$ 95,93
S6100105;EXT. TOM IND 3XN5046 1XN5246 5 MT IP44;1;R$ 1.210,33;7;9,75;R$ 118,00
S6100104;EXT. TOM IND 3XN5049 1XN5249 5 MT IP44;1;R$ 1.210,33;7;9,75;R$ 118,00
S6100106DR;EXT. TOM IND IDR 2XN3046 1XN5246 5 MT IP44;1;R$ 1.391,85;7;9,75;R$ 135,70
S6100100DR;EXT. TOM IND IDR 3XN3044 1XN3244 5 MT IP44;1;R$ 1.334,26;7;9,75;R$ 130,09
S6100103DR;EXT. TOM IND IDR 3XN4046 1XN4246 5 MT IP44;1;R$ 1.391,85;7;9,75;R$ 135,70
S6100105DR;EXT. TOM IND IDR 3XN5046 1XN5246 5 MT IP44;1;R$ 1.391,85;7;9,75;R$ 135,70
S6100104DR;EXT. TOM IND IDR 3XN5049 1XN5249 5 MT IP44;1;R$ 1.391,85;7;9,75;R$ 135,70
S6100111DR;EXT. TOM IND IDR40A 3XS8641 N3276 5 MT IP44;1;R$ 1.334,26;7;9,75;R$ 130,09
S6100112DR;EXT. TOM IND+NBR IDR63A 1XN3046 2XS8641 IP44;1;R$ 743,41;7;9,75;R$ 72,48
S6100107DR;EXTENSAO TOM 1XIDR40A+2XS8641+S8641AM+N5279 240V 5;1;R$ 1.391,85;7;9,75;R$ 135,70
S6100107;EXTENSAO TOM 1XN4046+1XN5246 240V IP44 5M;1;R$ 1.210,33;7;9,75;R$ 118,00
S6100108DR;EXTENSAO TOM 1XS8641+2XN3046+1XN3246 240V IP44 5M;1;R$ 1.334,26;7;9,75;R$ 130,09
S6100110DR;EXTENSAO TOM 1XS8641+2XN4046+1XN5249 240V IP44 5M;1;R$ 1.391,85;7;9,75;R$ 135,70
S23101000;QD ANDAR 1X40A 2XN3044 4XS8641AM + PG29 IP40;1;R$ 555,93;7;9,75;R$ 54,20
S32201000DR;QD ANDAR 1X40A IDR40A 2XN3044 4XS8641AM IP40;1;R$ 784,62;7;9,75;R$ 76,50
S23101007;QD ANDAR 1X63A 2XN3244 4XS8641AM + PG29 IP40;1;R$ 621,58;7;9,75;R$ 60,60
S32201007DR;QD ANDAR 1X63A IDR63A 2XN3244 4XS8641AM PG29 IP40;1;R$ 866,42;7;9,75;R$ 84,47
S23101001;QD ANDAR 2X40A 2XN3046 4XS8641 + PG29 IP40;1;R$ 555,93;7;9,75;R$ 54,20
S32201001DR;QD ANDAR 2X40A IDR40A 2XN3046 4XS8641 PG29 IP40;1;R$ 784,62;7;9,75;R$ 76,50
S23101004;QD ANDAR 2X63A 2XN3246 4XS8641AM + PG29 IP40;1;R$ 602,93;7;9,75;R$ 58,78
S32201004DR;QD ANDAR 2X63A IDR63A 2XN3246 4XS8641AM PG29 IP40;1;R$ 852,24;7;9,75;R$ 83,09
S23106636;QD ANDAR 3X40A 1XN4249 1XN4049 4XS8641 PG29 IP40;1;R$ 621,58;7;9,75;R$ 60,60
S23101010;QD ANDAR 3X40A 2XN4049 2XS8641 2XS8641AM PG29 IP40;1;R$ 555,93;7;9,75;R$ 54,20
S23100734;QD ANDAR 3X40A 2XN4049 4XS8641 + PG29 IP40;1;R$ 555,93;7;9,75;R$ 54,20
S23101003;QD ANDAR 3X40A 2XN5046 4XS8641 + PG29 IP40;1;R$ 592,40;7;9,75;R$ 57,75
S23101002;QD ANDAR 3X40A 2XN5049 2XS8641AM 2XS8641 PG29 IP40;1;R$ 592,40;7;9,75;R$ 57,75
S23101011;QD ANDAR 3X40A 2XN5049 4XS8641 PG29 IP40;1;R$ 592,40;7;9,75;R$ 57,75
S32201002DR;QD ANDAR 3X40A DR40A 2XN5049 S8641AM S8641 IP40;1;R$ 838,87;7;9,75;R$ 81,78
S32200734DR;QD ANDAR 3X40A IDR40A 2XN4049 4XS8641 PG29 IP40;1;R$ 784,62;7;9,75;R$ 76,50
S32201003DR;QD ANDAR 3X40A IDR40A 2XN5046 4XS8641 PG29 IP40;1;R$ 838,87;7;9,75;R$ 81,78
S32206636DR;QD ANDAR 3X40A IDR40A N4249 N4049 4XS8641 IP40;1;R$ 852,24;7;9,75;R$ 83,09
S23101006;QD ANDAR 3X63A 2XN4246 4XS8641 + PG29 IP40;1;R$ 621,58;7;9,75;R$ 60,60
S23101005;QD ANDAR 3X63A 2XN4249 4XS8641 + PG29 IP40;1;R$ 602,93;7;9,75;R$ 58,78
S23101009;QD ANDAR 3X63A 2XN5246 4XS8641 + PG29 IP40;1;R$ 634,52;7;9,75;R$ 61,86
S23101008;QD ANDAR 3X63A 2XN5249 2XS8641AM 2XS8641 PG29 IP40;1;R$ 634,52;7;9,75;R$ 61,86
S32201008DR;QD ANDAR 3X63A DR63A 2XN5249 S8641 S8641AM IP40;1;R$ 919,00;7;9,75;R$ 89,60
S32201006DR;QD ANDAR 3X63A IDR63A 2XN4246 4XS8641 PG29 IP40;1;R$ 866,42;7;9,75;R$ 84,47
S32201005DR;QD ANDAR 3X63A IDR63A 2XN4249 4XS8641 PG29 IP40;1;R$ 852,24;7;9,75;R$ 83,09
S32201009DR;QD ANDAR 3X63A IDR63A 2XN5246 4XS8641 PG29 IP40;1;R$ 941,82;7;9,75;R$ 91,82
S304143;QD TOM IND 1XN3046 1XN4246 IP44;1;R$ 483,98;7;9,75;R$ 47,18
S304142;QD TOM IND 1XN3046 1XN4249 IP44;1;R$ 511,67;7;9,75;R$ 49,88
S304155;QD TOM IND 1XN3244 1XN3246 IP44;1;R$ 459,08;7;9,75;R$ 44,76
S304154;QD TOM IND 1XN4044 1XN3046 IP44;1;R$ 459,08;7;9,75;R$ 44,76
SRB01;QD TOM IND 1XS4539W 3XS4249W IDR63A DJ IP54;1;R$ 2.086,75;7;9,75;R$ 203,45
S304128;QD TOM IND 2XN3046 IP44;1;R$ 342,23;7;9,75;R$ 33,36
S304135;QD TOM IND 2XN4249 IP44;1;R$ 483,98;7;9,75;R$ 47,18
S172105;QD TOM IND 2XN5046 2XN5076 5 MT IP44;1;R$ 729,34;7;9,75;R$ 71,11
S172104;QD TOM IND 2XN5049 2XN5079 5 MT IP44;1;R$ 810,39;7;9,75;R$ 79,01
S1812147;QD TOM IND DR 2P 40A/30MA 2X3046W DISJ IP67;1;R$ 1.410,06;7;9,75;R$ 137,48
S1812162;QD TOM IND DR 4P 63A/30MA 1X3046W 1X4249W IP67;1;R$ 1.447,09;7;9,75;R$ 141,09
S1306030;QD TOM IND IDR 3XQUA4049 3XQUA3246 DJ IP67;1;R$ 1.810,14;7;9,75;R$ 176,48
S1306034;QD TOM IND IDR 3XQUA5046 3XQUA3046 DJ IP67;1;R$ 1.944,93;7;9,75;R$ 189,63
S1306037;QD TOM IND IDR 3XQUA5246 3XQUA3246 DJ IP67;1;R$ 2.009,76;7;9,75;R$ 195,95
S188P113;QD TOM IND IDR 4P 63A/30MA 1XS4546W DJ IP67;1;R$ 1.539,74;7;9,75;R$ 150,12
S1812157;QD TOM IND IDR 4P 63A/30MA 2X4246W DISJ IP67;1;R$ 1.415,44;7;9,75;R$ 138,00
S1306024;QD TOM IND IDR 6XQUA3246 DJ IP67;1;R$ 2.009,76;7;9,75;R$ 195,95
S1306027;QD TOM IND IDR100A 3XQUA3046 3XQUA4049 DJ IP67;1;R$ 1.926,61;7;9,75;R$ 187,84
S1306032;QD TOM IND IDR100A 3XQUA4046 3XQUA4246 DJ IP67;1;R$ 1.704,32;7;9,75;R$ 166,17
S1306019;QD TOM IND IDR100A 6XQUA3044 DJ IP65;1;R$ 1.944,93;7;9,75;R$ 189,63
S1306020;QD TOM IND IDR100A 6XQUA3046 DJ IP65;1;R$ 1.649,33;7;9,75;R$ 160,80
S1306022;QD TOM IND IDR100A 6XQUA4046 DJ IP67;1;R$ 1.649,33;7;9,75;R$ 160,80
S1306028;QD TOM IND IDR125A 3XQUA3046 3XQUA3246 DJ IP67;1;R$ 1.649,33;7;9,75;R$ 160,80
S1306038;QD TOM IND IDR125A 3XQUA3046 3XQUA4246 DJ IP65;1;R$ 2.009,76;7;9,75;R$ 195,95
S1306026;QD TOM IND IDR125A 6XQUA4246 DJ IP65;1;R$ 2.009,76;7;9,75;R$ 195,95
S1812146;QD TOM IND S1812GMD DR 2P 40A/30MA 2X3044W DISJ;1;R$ 1.410,06;7;9,75;R$ 137,48
S1812161;QD TOM IND S1812GMD DR 2P 63A/30MA 1X3046W 1X3246W;1;R$ 1.464,38;7;9,75;R$ 142,77
S1812154;QD TOM IND S1812GMD DR 2P 63A/30MA 2X3244W DISJ;1;R$ 1.464,38;7;9,75;R$ 142,77
S1812155;QD TOM IND S1812GMD DR 2P 63A/30MA 2X3246W DISJ;1;R$ 1.464,38;7;9,75;R$ 142,77
S1812160;QD TOM IND S1812GMD DR 4P 40A/30MA 1X3046W 1X4049W;1;R$ 1.491,10;7;9,75;R$ 145,38
S1812167;QD TOM IND S1812GMD DR 4P 40A/30MA 1X5046W 1X3046W;1;R$ 1.544,59;7;9,75;R$ 150,59
PRODUTO;DESCRICAO;LOTE MINIMO;PRECO;%ICMS;%IPI;IPI
S1812166;QD TOM IND S1812GMD DR 4P 40A/30MA 1X5049W 1X3044W;1;R$ 1.544,59;7;9,75;R$ 150,59
S1812149;QD TOM IND S1812GMD DR 4P 40A/30MA 2X4046W DISJ;1;R$ 1.491,10;7;9,75;R$ 145,38
S1812148;QD TOM IND S1812GMD DR 4P 40A/30MA 2X4049W DISJ;1;R$ 1.491,10;7;9,75;R$ 145,38
S1812151;QD TOM IND S1812GMD DR 4P 40A/30MA 2X5046W DISJ;1;R$ 1.544,59;7;9,75;R$ 150,59
S1812150;QD TOM IND S1812GMD DR 4P 40A/30MA 2X5049W DISJ;1;R$ 1.544,59;7;9,75;R$ 150,59
S1812169;QD TOM IND S1812GMD DR 4P 63A/30MA 1X3246W 1X4246W;1;R$ 1.476,54;7;9,75;R$ 143,96
S1812168;QD TOM IND S1812GMD DR 4P 63A/30MA 1X3246W 1X4249W;1;R$ 1.476,54;7;9,75;R$ 143,96
S1812165;QD TOM IND S1812GMD DR 4P 63A/30MA 1X4046W 1X4246W;1;R$ 1.476,54;7;9,75;R$ 143,96
S1812163;QD TOM IND S1812GMD DR 4P 63A/30MA 1X4049W 1X3246W;1;R$ 1.464,38;7;9,75;R$ 142,77
S1812164;QD TOM IND S1812GMD DR 4P 63A/30MA 1X4049W 1X4249W;1;R$ 1.476,54;7;9,75;R$ 143,96
S1812171;QD TOM IND S1812GMD DR 4P 63A/30MA 1X5246W 1X3246W;1;R$ 1.510,57;7;9,75;R$ 147,28
S1812170;QD TOM IND S1812GMD DR 4P 63A/30MA 1X5249W 1X3244W;1;R$ 1.510,57;7;9,75;R$ 147,28
S1812156;QD TOM IND S1812GMD DR 4P 63A/30MA 2X4249W DISJ;1;R$ 1.476,54;7;9,75;R$ 143,96
S1812159;QD TOM IND S1812GMD DR 4P 63A/30MA 2X5246W DISJ;1;R$ 1.510,57;7;9,75;R$ 147,28
S1812158;QD TOM IND S1812GMD DR 4P 63A/30MA 2X5249W DISJ;1;R$ 1.510,57;7;9,75;R$ 147,28
S188P112;QD TOM IND S188P DR 4P 63A/30MA 1X4549W DISJ;1;R$ 1.539,74;7;9,75;R$ 150,12
S304149;QD TOM IND S304 1XN5046 1XN3046;1;R$ 511,67;7;9,75;R$ 49,88
S304152;QD TOM IND S304 1XN5249 1XN3244 IP44;1;R$ 537,26;7;9,75;R$ 52,38
S304127;QD TOM IND S304 2XN3044;1;R$ 472,44;7;9,75;R$ 46,06
S304136;QD TOM IND S304 2XN4246;1;R$ 483,98;7;9,75;R$ 47,18
S231126;QD TOM IND+NBR 2XN4049 2XS8641 IP44;1;R$ 316,06;7;9,75;R$ 30,81
S231133;QD TOM IND+NBR 2XN4246 2XS8641 IP44;1;R$ 319,29;7;9,75;R$ 31,13
S1306014;QD TOM IND+NBR IDR 1XQ3046 2XQ4246 3XS8641 DJ IP44;1;R$ 1.718,05;7;9,75;R$ 167,50
S1306015;QD TOM IND+NBR IDR 1XQ4046 2XQ4246 3XS8641 DJ IP44;1;R$ 1.718,05;7;9,75;R$ 167,50
S1306012;QD TOM IND+NBR IDR 3XQUA5249 3XS8641 DJ IP40;1;R$ 1.718,05;7;9,75;R$ 167,50
S1306001;QD TOM IND+NBR IDR125A 3XQUA3044 3XS8641 DJ IP44;1;R$ 1.649,33;7;9,75;R$ 160,80
S1306002;QD TOM IND+NBR IDR125A 3XQUA3046 3XS8641 DJ IP40;1;R$ 1.649,33;7;9,75;R$ 160,80
S1306008;QD TOM IND+NBR IDR125A 3XQUA3246 3XS8641 DJ IP44;1;R$ 1.985,45;7;9,75;R$ 193,58
S1306004;QD TOM IND+NBR IDR125A 3XQUA4046 3XS8641 DJ IP40;1;R$ 1.649,33;7;9,75;R$ 160,80
S1306011;QD TOM IND+NBR IDR125A 3XQUA4246 3XS8641 DJ IP40;1;R$ 1.985,45;7;9,75;R$ 193,58
S1306006;QD TOM IND+NBR IDR125A 3XQUA5046 3XS8641 DJ IP40;1;R$ 1.683,70;7;9,75;R$ 164,16
S1306013;QD TOM IND+NBR IDR125A 3XQUA5246 3XS8641 DJ IP40;1;R$ 1.718,05;7;9,75;R$ 167,50
S231124;QD TOM IND+NBR SEX231 2XN3044 2XS8641;1;R$ 316,06;7;9,75;R$ 30,81
S231125;QD TOM IND+NBR SEX231 2XN3046 2XS8641;1;R$ 316,06;7;9,75;R$ 30,81
S231130;QD TOM IND+NBR SEX231 2XN3244 2XS8641;1;R$ 316,06;7;9,75;R$ 30,81
S231131;QD TOM IND+NBR SEX231 2XN3246 2XS8641;1;R$ 316,06;7;9,75;R$ 30,81
S231127;QD TOM IND+NBR SEX231 2XN4046 2XS8641;1;R$ 316,06;7;9,75;R$ 30,81
S231132;QD TOM IND+NBR SEX231 2XN4249 2XS8641;1;R$ 319,29;7;9,75;R$ 31,13
S231129;QD TOM IND+NBR SEX231 2XN5046 2XS8641;1;R$ 316,06;7;9,75;R$ 30,81
S231128;QD TOM IND+NBR SEX231 2XN5049 2XS8641;1;R$ 316,06;7;9,75;R$ 30,81
S231135;QD TOM IND+NBR SEX231 2XN5246 2XS8641;1;R$ 324,16;7;9,75;R$ 31,60
S231134;QD TOM IND+NBR SEX231 2XN5249 2XS8641;1;R$ 324,16;7;9,75;R$ 31,60
S304114;QD TOM NBR 1XS8641AM 1XS8641 IP44;1;R$ 291,38;7;9,75;R$ 28,40
S304113;QD TOM NBR 1XS8641VM 1XS8641 IP44;1;R$ 291,38;7;9,75;R$ 28,40
S304111;QD TOM NBR 2XS8641 IP44;1;R$ 291,38;7;9,75;R$ 28,40
S304110;QD TOM NBR 2XS8641AM IP44;1;R$ 291,38;7;9,75;R$ 28,40
S304112;QD TOM NBR 2XS8641VM IP44;1;R$ 291,38;7;9,75;R$ 28,40
S231144;QD TOM NBR 3XS8641AM 3XS8641 IP44;1;R$ 468,00;7;9,75;R$ 45,63
S304101;QD TOM NBR COMB S304 1X20A 2XS8641;1;R$ 584,30;7;9,75;R$ 56,96
S1812121;QD TOM NBR IDR125A 3XS8641 3XS8641VM DJ IP44;1;R$ 1.053,50;7;9,75;R$ 102,71
S1812118;QD TOM NBR IDR125A 6XS8641AM DJ IP44;1;R$ 1.053,50;7;9,75;R$ 102,71
S1812120;QD TOM NBR IDR125A 6XS8641VM DJ IP44;1;R$ 991,87;4;9,75;R$ 96,70
S304103;QD TOM NBR S304 1X20A 1XS8641VM 1XS8641;1;R$ 584,30;7;9,75;R$ 56,96
S304102;QD TOM NBR S304 1X20A 2XS8641VM;1;R$ 584,30;7;9,75;R$ 56,96
S304106;QD TOM NBR S304 2X20A 1XS8641 1XS8641VM;1;R$ 667,75;7;9,75;R$ 65,10
S304104;QD TOM NBR S304 2X20A 2XS8641 IP40;1;R$ 667,75;7;9,75;R$ 65,10
S304100;QD TOM NBR S304 2X20A 2XS8641AM;1;R$ 667,75;7;9,75;R$ 65,10
S304105;QD TOM NBR S304 2X20A 2XS8641VM;1;R$ 667,75;7;9,75;R$ 65,10
S304106DR;QD TOM NBR S304 DR 2P 25A/30MA 1XS8641 1XS8641VM;1;R$ 669,01;7;9,75;R$ 65,22
S304103DR;QD TOM NBR S304 DR 2P 25A/30MA 1XS8641VM 1XS8641;1;R$ 669,01;7;9,75;R$ 65,22
S304104DR;QD TOM NBR S304 DR 2P 25A/30MA 2XS8641;1;R$ 669,01;7;9,75;R$ 65,22
S304101DR;QD TOM NBR S304 DR 2P 25A/30MA 2XS8641;1;R$ 669,01;7;9,75;R$ 65,22
S304100DR;QD TOM NBR S304 DR 2P 25A/30MA 2XS8641AM;1;R$ 669,01;7;9,75;R$ 65,22
S304102DR;QD TOM NBR S304 DR 2P 25A/30MA 2XS8641VM;1;R$ 669,01;7;9,75;R$ 65,22
S304105DR;QD TOM NBR S304 DR 2P 25A/30MA 2XS8641VM;1;R$ 669,01;7;9,75;R$ 65,22
S231143;QD TOM NBR SEX231 3XS8641VM 3XS8641;1;R$ 468,00;7;9,75;R$ 45,63
S231141;QD TOM NBR SEX231 6XS8641;1;R$ 468,00;7;9,75;R$ 45,63
S231140;QD TOM NBR SEX231 6XS8641AM;1;R$ 468,00;7;9,75;R$ 45,63
S231142;QD TOM NBR SEX231 6XS8641VM;1;R$ 468,00;7;9,75;R$ 45,63
S304115;QD.TOM IND + NBR 1XN3044 1XS8641AM IP40;1;R$ 267,10;7;9,75;R$ 26,04
S304116;QD.TOM IND + NBR 1XN3046 1XS8641 IP40;1;R$ 267,10;7;9,75;R$ 26,04
S304121;QD.TOM IND + NBR 1XN3244 1XS8641AM IP40;1;R$ 271,27;7;9,75;R$ 26,44
S304122;QD.TOM IND + NBR 1XN3246 1XS8641 IP40;1;R$ 271,27;7;9,75;R$ 26,44
S304118;QD.TOM IND + NBR 1XN4046 1XS8641 IP40;1;R$ 267,10;7;9,75;R$ 26,04
S304117;QD.TOM IND + NBR 1XN4049 1XS8641 IP40;1;R$ 267,10;7;9,75;R$ 26,04
S304124;QD.TOM IND + NBR 1XN4246 1XS8641 IP44;1;R$ 275,44;7;9,75;R$ 26,85
S304123;QD.TOM IND + NBR 1XN4249 1XS8641 IP40;1;R$ 275,44;7;9,75;R$ 26,85
S304120;QD.TOM IND + NBR 1XN5046 1XS8641 IP44;1;R$ 271,27;7;9,75;R$ 26,44
S304119;QD.TOM IND + NBR 1XN5049 1XS8641 IP40;1;R$ 271,27;7;9,75;R$ 26,44
S304125;QD.TOM IND + NBR 1XN5249 1XS8641 IP40;1;R$ 275,44;7;9,75;R$ 26,85
S188P100;QD.TOM IND + NBR IDR40A S3044W S8641 IP44;1;R$ 1.152,37;7;9,75;R$ 112,35
S188P101;QD.TOM IND + NBR IDR40A S3046W S8641 IP44;1;R$ 1.152,37;7;9,75;R$ 112,35
S188P103;QD.TOM IND + NBR IDR40A S4046W S8641 IP44;1;R$ 1.184,43;7;9,75;R$ 115,48
S1812002;QD.TOM IND + NBR IDR40A S4049W S8641 IP40;1;R$ 1.175,07;7;9,75;R$ 114,56
S188P105;QD.TOM IND + NBR IDR40A S5046W S8641 IP44;1;R$ 1.219,63;7;9,75;R$ 118,91
S1812004;QD.TOM IND + NBR IDR40A S5049W S8641 IP40;1;R$ 1.219,63;7;9,75;R$ 118,91
S188P106;QD.TOM IND + NBR IDR63A S3244W S8641 IP44;1;R$ 1.191,27;7;9,75;R$ 116,14
S188P107;QD.TOM IND + NBR IDR63A S3246W S8641 IP44;1;R$ 1.191,27;7;9,75;R$ 116,14
S188P109;QD.TOM IND + NBR IDR63A S4246W S8641 IP44;1;R$ 1.199,37;7;9,75;R$ 116,93
PRODUTO;DESCRICAO;LOTE MINIMO;PRECO;%ICMS;%IPI;IPI
S1812008;QD.TOM IND + NBR IDR63A S4249W S8641 IP44;1;R$ 1.199,37;7;9,75;R$ 116,93
S188P111;QD.TOM IND + NBR IDR63A S5246W S8641 IP44;1;R$ 1.233,41;7;9,75;R$ 120,25
S1812010;QD.TOM IND + NBR IDR63A S5249W S8641 IP44;1;R$ 1.295,07;7;9,75;R$ 126,26
S1812230;QD.TOM IND IDR100A 1XS4546W 2XS3046W DJ IP67;1;R$ 1.580,60;7;9,75;R$ 154,10
S1812229;QD.TOM IND IDR100A 1XS4549W 2XS3046W DJ IP67;1;R$ 1.863,88;7;9,75;R$ 181,72
S1812213;QD.TOM IND IDR100A 2XS3046W 2XS3246W DJ IP67;1;R$ 1.782,85;7;9,75;R$ 173,82
S1812215;QD.TOM IND IDR100A 2XS3046W 2XS4246W DJ IP67;1;R$ 1.580,60;7;9,75;R$ 154,10
S1812214;QD.TOM IND IDR100A 2XS3046W 2XS4249W DJ IP67;1;R$ 1.580,60;7;9,75;R$ 154,10
S1812218;QD.TOM IND IDR100A 2XS4046W 2XS4246W DJ IP67;1;R$ 1.580,60;7;9,75;R$ 154,10
S1812217;QD.TOM IND IDR100A 2XS4049W 2XS4249W DJ IP67;1;R$ 1.511,90;7;9,75;R$ 147,41
S1812237;QD.TOM IND IDR100A 2XS5246W 2XS3046W DJ IP67;1;R$ 2.322,43;7;9,75;R$ 226,43
S1812234;QD.TOM IND IDR125A 1XS4646W DJ IP67;1;R$ 1.985,45;7;9,75;R$ 193,58
S1812233;QD.TOM IND IDR125A 1XS4649W DJ IP67;1;R$ 1.985,45;7;9,75;R$ 193,58
S1812225;QD.TOM IND IDR125A 2XS4246W 2XS3246W DJ IP67;1;R$ 1.863,88;7;9,75;R$ 181,72
S1812223;QD.TOM IND IDR125A 2XS4249W 2XS3246W DJ IP67;1;R$ 1.863,88;7;9,75;R$ 181,72
S1812209;QD.TOM IND IDR125A 4XS4246W IP67;1;R$ 1.580,60;7;9,75;R$ 154,10
S1812232;QD.TOM IND IDR63A 1XS5546W 2XS3046W IP67;1;R$ 1.904,41;7;9,75;R$ 185,67
S1812231;QD.TOM IND IDR63A 1XS5549W 2XS3046W IP67;1;R$ 1.904,41;7;9,75;R$ 185,67
S1812212;QD.TOM IND IDR63A 2XS3046W 2XS4049W IP67;1;R$ 1.782,85;7;9,75;R$ 173,82
S1812220;QD.TOM IND IDR63A 2XS4046W 2XS3046W IP67;1;R$ 1.863,88;7;9,75;R$ 181,72
S1812219;QD.TOM IND IDR63A 2XS4049W 2XS3044W IP67;1;R$ 1.863,88;7;9,75;R$ 181,72
S1812216;QD.TOM IND IDR63A 2XS4049W 2XS3246W IP67;1;R$ 1.782,85;7;9,75;R$ 173,82
S1812224;QD.TOM IND IDR63A 2XS4249W 2XS3244W IP67;1;R$ 1.863,88;7;9,75;R$ 181,72
S1812222;QD.TOM IND IDR63A 2XS5046W 2XS3046W IP67;1;R$ 1.863,88;7;9,75;R$ 181,72
S1812221;QD.TOM IND IDR63A 2XS5049W 2XS3044W IP67;1;R$ 1.863,88;7;9,75;R$ 181,72
S1812228;QD.TOM IND IDR63A 2XS5246W 2XS3246W IP67;1;R$ 1.904,41;7;9,75;R$ 185,67
S1812227;QD.TOM IND IDR63A 2XS5249W 2XS3244W IP67;1;R$ 1.904,41;7;9,75;R$ 185,67
S1812201;QD.TOM IND IDR63A 4XS3046W IP67;1;R$ 1.782,85;7;9,75;R$ 173,82
S1812206;QD.TOM IND IDR63A 4XS3244W IP67;1;R$ 1.782,85;7;9,75;R$ 173,82
S1812207;QD.TOM IND IDR63A 4XS3246W IP67;1;R$ 1.782,85;7;9,75;R$ 173,82
S1812203;QD.TOM IND IDR63A 4XS4046W IP67;1;R$ 1.511,90;7;9,75;R$ 147,41
S1812202;QD.TOM IND IDR63A 4XS4049W IP67;1;R$ 1.659,31;7;9,75;R$ 161,78
S1812208;QD.TOM IND IDR63A 4XS4249W IP67;1;R$ 1.863,88;7;9,75;R$ 181,72
S1812205;QD.TOM IND IDR63A 4XS5046W IP67;1;R$ 1.823,37;7;9,75;R$ 177,77
S1812204;QD.TOM IND IDR63A 4XS5049W IP67;1;R$ 1.823,37;7;9,75;R$ 177,77
S1812211;QD.TOM IND IDR63A 4XS5246W IP67;1;R$ 1.909,28;7;9,75;R$ 186,15
S1812210;QD.TOM IND IDR63A 4XS5249W IP67;1;R$ 1.909,28;7;9,75;R$ 186,15
S310108;QD.TOM IND. 1X63A 1XS3544 IP40;1;R$ 818,02;7;9,75;R$ 79,75
S310101;QD.TOM IND. 2X16A 1XN3046 IP40;1;R$ 657,75;7;9,75;R$ 64,13
S310105;QD.TOM IND. 2X32A 1XN3246 IP40;1;R$ 679,44;7;9,75;R$ 66,24
S231117;QD.TOM IND. 2XN4046 2XN4246 IP44;1;R$ 542,96;7;9,75;R$ 52,93
S231115;QD.TOM IND. 2XN4049 2XN3246 IP44;1;R$ 542,96;7;9,75;R$ 52,93
S231116;QD.TOM IND. 2XN4049 2XN4249 IP44;1;R$ 542,96;7;9,75;R$ 52,93
S231119;QD.TOM IND. 2XN5046 2XN3046 IP44;1;R$ 542,96;7;9,75;R$ 52,93
S231118;QD.TOM IND. 2XN5049 2XN3044 IP44;1;R$ 542,96;7;9,75;R$ 52,93
S231123;QD.TOM IND. 2XN5246 2XN3246 IP44;1;R$ 583,47;7;9,75;R$ 56,88
S231122;QD.TOM IND. 2XN5249 2XN3244 IP44;1;R$ 583,47;7;9,75;R$ 56,88
S310102;QD.TOM IND. 3X16A 1XN4049 IP40;1;R$ 660,24;7;9,75;R$ 64,37
S310107;QD.TOM IND. 3X32A 1XN4246 IP40;1;R$ 682,79;7;9,75;R$ 66,57
S310106;QD.TOM IND. 3X32A 1XN4249 IP40;1;R$ 682,79;7;9,75;R$ 66,57
S310111;QD.TOM IND. 3X63A 1XS4546 IP40;1;R$ 818,02;7;9,75;R$ 79,75
S310110;QD.TOM IND. 3X63A 1XS4549 IP40;1;R$ 761,32;7;9,75;R$ 74,22
S322108;QD.TOM IND. 3XN3046 3XN4049 IP44;1;R$ 742,90;7;9,75;R$ 72,43
S322110;QD.TOM IND. 3XN3046 3XN4249 IP44;1;R$ 742,90;7;9,75;R$ 72,43
S322116;QD.TOM IND. 3XN3246 3XN4249 IP44;1;R$ 760,41;7;9,75;R$ 74,13
S322113;QD.TOM IND. 3XN4046 3XN4246 IP44;1;R$ 742,90;7;9,75;R$ 72,43
S322111;QD.TOM IND. 3XN4049 3XN3246 IP44;1;R$ 742,90;7;9,75;R$ 72,43
S322112;QD.TOM IND. 3XN4049 3XN4249 IP44;1;R$ 742,90;7;9,75;R$ 72,43
S322119;QD.TOM IND. 3XN4246 3XN3049 IP44;1;R$ 778,79;7;9,75;R$ 75,93
S322115;QD.TOM IND. 3XN5046 3XN3046 IP44;1;R$ 760,41;7;9,75;R$ 74,13
S322114;QD.TOM IND. 3XN5049 3XN3044 IP44;1;R$ 742,90;7;9,75;R$ 72,43
S322118;QD.TOM IND. 3XN5246 3XN3246 IP44;1;R$ 778,79;7;9,75;R$ 75,93
S322117;QD.TOM IND. 3XN5249 3XN3244 IP44;1;R$ 778,79;7;9,75;R$ 75,93
S231100;QD.TOM IND. 4XN3044 IP44;1;R$ 526,75;7;9,75;R$ 51,35
S231101;QD.TOM IND. 4XN3046 IP44;1;R$ 526,75;7;9,75;R$ 51,35
S231106;QD.TOM IND. 4XN3244 IP44;1;R$ 542,96;7;9,75;R$ 52,93
S231107;QD.TOM IND. 4XN3246 IP44;1;R$ 542,96;7;9,75;R$ 52,93
S231109;QD.TOM IND. 4XN4246 IP44;1;R$ 542,96;7;9,75;R$ 52,93
S231108;QD.TOM IND. 4XN4249 IP44;1;R$ 542,96;7;9,75;R$ 52,93
S231105;QD.TOM IND. 4XN5046 IP44;1;R$ 542,96;7;9,75;R$ 52,93
S231104;QD.TOM IND. 4XN5049 IP44;1;R$ 542,96;7;9,75;R$ 52,93
S231111;QD.TOM IND. 4XN5246 IP44;1;R$ 583,47;7;9,75;R$ 56,88
S231110;QD.TOM IND. 4XN5249 IP44;1;R$ 583,47;7;9,75;R$ 56,88
S188P117;QD.TOM IND. 63A S5546W IDR TIPO A IP67;1;R$ 1.680,54;7;9,75;R$ 163,85
S322100;QD.TOM IND. 6XN3044 IP44;1;R$ 717,84;7;9,75;R$ 69,98
S322101;QD.TOM IND. 6XN3046 IP44;1;R$ 717,84;7;9,75;R$ 69,98
S322104;QD.TOM IND. 6XN3244 IP44;1;R$ 746,22;7;9,75;R$ 72,75
S322105;QD.TOM IND. 6XN3246 IP44;1;R$ 746,22;7;9,75;R$ 72,75
S1812145;QD.TOM IND. IDR125A S4546W S3246W S3046W DJ IP67;1;R$ 1.985,45;7;9,75;R$ 193,58
S310104DR;QD.TOM IND. IDR40A 1XN3244 IP40;1;R$ 781,36;7;9,75;R$ 76,18
S310105DR;QD.TOM IND. IDR40A 1XN3246 IP40;1;R$ 781,36;7;9,75;R$ 76,18
S310107DR;QD.TOM IND. IDR40A 1XN4246 IP40;1;R$ 785,20;7;9,75;R$ 76,55
S310106DR;QD.TOM IND. IDR40A 1XN4249 IP40;1;R$ 785,20;7;9,75;R$ 76,55
S1812172;QD.TOM IND. IDR40A S5046W S3049W IP67;1;R$ 1.510,57;7;9,75;R$ 147,28
S310108DR;QD.TOM IND. IDR63A 1XS3544 IP40;1;R$ 940,69;7;9,75;R$ 91,71
S310111DR;QD.TOM IND. IDR63A 1XS4546 IP40;1;R$ 940,69;7;9,75;R$ 91,71
S1812174;QD.TOM IND. IDR63A S4246W S3046W IP67;1;R$ 1.491,10;7;9,75;R$ 145,38
S1812173;QD.TOM IND. IDR63A S5246W S3046W IP67;1;R$ 1.491,10;7;9,75;R$ 145,38
S188P115;QD.TOM IND. IDR63A S5546W IP67;1;R$ 1.600,51;7;9,75;R$ 156,04
PRODUTO;DESCRICAO;LOTE MINIMO;PRECO;%ICMS;%IPI;IPI
S188P114;QD.TOM IND. IDR63A S5549W IP67;1;R$ 1.600,51;7;9,75;R$ 156,04
S1812122;QD.TOM NBR IDR125A 3XS8641 3XS8641AM DJ IP44;1;R$ 1.053,50;7;9,75;R$ 102,71
S1812119;QD.TOM NBR IDR125A 6XS8641 DJ IP44;1;R$ 893,38;7;9,75;R$ 87,10
S1904B020;QD.TOMADAS 1904B IDR40A IDR25A QUA4246B/3046B/8641;1;R$ 2.563,95;7;9,75;R$ 249,98
SCM249785;QDL-ADM-QUADRA CM24 IDR40A 1X10/16/20A;1;R$ 538,41;7;9,75;R$ 52,49
S23100774;QL-ANDAR 3X40A 2XN4046 4XS8641 + PG29 IP40;1;R$ 555,93;7;9,75;R$ 54,20
S13030016;QTC-3 - 1303 3X32A 3XQUA5246;1;R$ 1.782,85;7;9,75;R$ 173,82
S08040029;QTP2 - 0804 - 4X-QUA3046 4X-1X16A;1;R$ 4.717,98;7;9,75;R$ 460,00
SK-MOBIT;STECK MOBI BOX 220V 7.5KW C/ TOMADA INDUSTRIAL;1;R$ 307,60;4;9,75;R$ 29,99
SK-MOBI;STECK MOBI BOX 220V 7.5KW S/ TOMADA INDUSTRIAL;1;R$ 293,19;4;9,75;R$ 28,58
S05020014;UNID COMB 0502 IDR25A 2XS8641;1;R$ 891,43;7;9,75;R$ 86,91
S1303B013;UNID COMB 1303B IDR40A IDR25A DISJ;1;R$ 1.823,37;7;9,75;R$ 177,77
S18122510;UNID COMB 1812 3X40A IDR40A S4249W/8640/8641AM;1;R$ 3.322,59;7;9,75;R$ 323,95
S18122533;UNID COMB 1812 3X63A 3X16A 1X20A S4546/4046W S8641;1;R$ 3.172,66;7;9,75;R$ 309,33
S18122512;UNID COMB 1812 IDR63A N3246W PG29 LED;1;R$ 2.121,05;7;9,75;R$ 206,80
S18120040;UNID COMB 1812/4546/4049/1XS8641/110V 1XS8641/220V;1;R$ 1.490,85;7;9,75;R$ 145,35
S18120841;UNID COMB 1812GMD 2XS-3046/T 2X16A;1;R$ 2.032,19;7;9,75;R$ 198,13
S188MDA75;UNID COMB 188MD N4249 N3046 3X32A 2X16A;1;R$ 377,84;7;9,75;R$ 36,83
S188P0334;UNID COMB 188P N3246W IDR40A PG21 LED;1;R$ 1.055,25;7;9,75;R$ 102,88
S32200491;UNID COMB 322 S8641 S8641AM;1;R$ 834,69;7;9,75;R$ 81,38
S61050037;UNID COMB 6105 3xN3046 N3076 PG13.5;1;R$ 1.584,82;7;9,75;R$ 154,51
S94700080;UNID COMB 9470 3X4546W 1X4536W DR DJ;1;R$ 7.575,20;7;9,75;R$ 738,58
S4005620;UNID COMB S-304 2XS-8621 2 1X20A;1;R$ 270,86;7;9,75;R$ 26,40
S30800030;UNID COMB S-308 + TA3 32E;1;R$ 257,16;7;9,75;R$ 25,07
S30600364;UNID COMB S306 2X25A DR25A S3046 PG16 PLUG;1;R$ 2.555,41;7;9,75;R$ 249,15
S30600361;UNID COMB S306 2X25A IDR25A S3046 PG16;1;R$ 1.702,74;7;9,75;R$ 166,01
S61000173;UNID COMB S6100 S801LI;1;R$ 2.525,24;7;9,75;R$ 246,21
S32200503;UNID COMB SEX322 IDR40A N3046 S8641/8641AM PG29;1;R$ 389,17;7;9,75;R$ 37,94
S94700079;UNID COMB ST9470 3X4249W 4239W DR DJ;1;R$ 5.545,80;7;9,75;R$ 540,71
S94700305;UNID COMB ST9470 SN3246W 4XS3246W LED + EXT 10 MTS;1;R$ 5.575,11;7;9,75;R$ 543,57
S71365;CONEC MULT BORNE 100A 35.0MM2 PA 85oC;10;R$ 66,94;4;9,75;R$ 6,52
S71366;CONEC MULT BORNE 125A 40.0MM2 PA 85oC;5;R$ 101,80;4;9,75;R$ 9,92
S613613FP;CONEC MULT BORNE 24A 2.5MM2 3VIAS PA66 100oC FLOW;50;R$ 1,27;7;9,75;R$ 0,12
S61361FP;CONEC MULT BORNE 24A 2.5MM2 PA66 100C 12VIAS;30;R$ 13,66;7;9,75;R$ 1,33
S71361;CONEC MULT BORNE 24A 2.5MM2 PA66 85C;1;R$ 5,26;4;9,75;R$ 0,51
S71362;CONEC MULT BORNE 41A 6.0MM2 PA66 85o.C;1;R$ 6,99;4;9,75;R$ 0,68
S71363;CONEC MULT BORNE 57A 10.0MM2 PA66 85o.C;1;R$ 8,87;4;9,75;R$ 0,86
S61363;CONEC MULT BORNE 57A 10.0MM2 PA66 85oC;10;R$ 7,72;4;9,75;R$ 0,75
S61364;CONEC MULT BORNE 76A 16.0MM2 PA66 100oC;10;R$ 12,67;7;9,75;R$ 1,23
TA463BQM;CHAVE LIG/DES 4P 63A P/BQM DE ALUMINIO;1;R$ 450,85;7;9,75;R$ 43,95
TA310E;CHAVE ROT D0 T-A3 FIX-E 10A;1;R$ 132,26;7;9,75;R$ 12,89
TA316EV;CHAVE ROT D0 T-A3 FIX-E/V 16A;1;R$ 278,76;7;9,75;R$ 27,17
TAU3110E;CHAVE ROT D0 T-AU31 FIX-E/V 10A;1;R$ 96,61;7;9,75;R$ 9,41
TU310E;CHAVE ROT D0 T-U3 FIX-E 10A;1;R$ 224,34;7;9,75;R$ 21,87
TU410E;CHAVE ROT D0 T-U4 FIX-E 10A;1;R$ 307,40;7;9,75;R$ 29,97
TW310E;CHAVE ROT D0 T-W3 FIX-E 10A;1;R$ 307,40;7;9,75;R$ 29,97
TWS210E;CHAVE ROT D0 T-WS2 FIX-E/V 10A;1;R$ 237,28;7;9,75;R$ 23,13
TA310V;CHAVE ROT D0 TA3 FIX-V 10A;1;R$ 307,40;7;9,75;R$ 29,97
TA220E;CHAVE ROT D1 T-A2 FIX-E 20A;1;R$ 141,81;7;9,75;R$ 13,82
TA316E;CHAVE ROT D1 T-A3 FIX-E 16A;1;R$ 132,26;7;9,75;R$ 12,89
TA320E;CHAVE ROT D1 T-A3 FIX-E 20A;1;R$ 141,81;7;9,75;R$ 13,82
TA332E;CHAVE ROT D1 T-A3 FIX-E 32A;1;R$ 152,70;7;9,75;R$ 14,88
TA340E;CHAVE ROT D1 T-A3 FIX-E 40A;1;R$ 164,31;7;9,75;R$ 16,02
TA332V;CHAVE ROT D1 T-A3 FIX-V 32A;1;R$ 114,42;7;9,75;R$ 11,15
TAU3116E;CHAVE ROT D1 T-AU31 FIX-E 16A;1;R$ 98,07;7;9,75;R$ 9,56
TH316E;CHAVE ROT D1 T-H3 FIX-E 16A;1;R$ 307,40;7;9,75;R$ 29,97
TH340E;CHAVE ROT D1 T-H3 FIX-E 40A;1;R$ 142,10;7;9,75;R$ 13,85
TPO1232E;CHAVE ROT D1 T-PO12 FIX-E 32A;1;R$ 161,02;7;9,75;R$ 15,69
TSD16E;CHAVE ROT D1 T-SD FIX-E 16A;1;R$ 193,23;7;9,75;R$ 18,83
TSD20E;CHAVE ROT D1 T-SD FIX-E 20A;1;R$ 380,59;7;9,75;R$ 37,10
TSD32E;CHAVE ROT D1 T-SD FIX-E 32A;1;R$ 307,40;7;9,75;R$ 29,97
TSD40E;CHAVE ROT D1 T-SD FIX-E 40A;1;R$ 307,40;7;9,75;R$ 29,97
TU232E;CHAVE ROT D1 T-U2 FIX-E 32A;1;R$ 156,33;7;9,75;R$ 15,24
TU240E;CHAVE ROT D1 T-U2 FIX-E 40A;1;R$ 233,36;7;9,75;R$ 22,75
TU232V;CHAVE ROT D1 T-U2 FIX-V 32A;1;R$ 307,40;7;9,75;R$ 29,97
TU240V;CHAVE ROT D1 T-U2 FIX-V 40A;1;R$ 275,85;7;9,75;R$ 26,89
TU316E;CHAVE ROT D1 T-U3 FIX-E 16A;1;R$ 224,34;7;9,75;R$ 21,87
TU320E;CHAVE ROT D1 T-U3 FIX-E 20A;1;R$ 265,87;7;9,75;R$ 25,92
TU332E;CHAVE ROT D1 T-U3 FIX-E 32A;1;R$ 275,66;7;9,75;R$ 26,87
TU340E;CHAVE ROT D1 T-U3 FIX-E 40A;1;R$ 285,44;7;9,75;R$ 27,83
TU332V;CHAVE ROT D1 T-U3 FIX-V 32A;1;R$ 185,24;7;9,75;R$ 18,06
TU340V;CHAVE ROT D1 T-U3 FIX-V 40A;1;R$ 282,02;7;9,75;R$ 27,49
TU432E;CHAVE ROT D1 T-U4 FIX-E 32A;1;R$ 307,40;7;9,75;R$ 29,97
TU440E;CHAVE ROT D1 T-U4 FIX-E 40A;1;R$ 256,94;7;9,75;R$ 25,05
TUV332E;CHAVE ROT D1 T-UV3 FIX-E 32A;1;R$ 310,07;7;9,75;R$ 30,23
TW316E;CHAVE ROT D1 T-W3 FIX-E 16A;1;R$ 307,40;7;9,75;R$ 29,97
TW320E;CHAVE ROT D1 T-W3 FIX-E 20A;1;R$ 356,09;7;9,75;R$ 34,71
TW332E;CHAVE ROT D1 T-W3 FIX-E 32A;1;R$ 265,13;7;9,75;R$ 25,85
TW340E;CHAVE ROT D1 T-W3 FIX-E 40A;1;R$ 275,07;7;9,75;R$ 26,81
TWP1240E;CHAVE ROT D1 T-WP12 FIX-E 40A;1;R$ 238,52;7;9,75;R$ 23,25
TA216E03;CHAVE ROT D1 TA2 FIX-E 16A Z-33;1;R$ 307,40;7;9,75;R$ 29,97
TA316E03;CHAVE ROT D1 TA3 FIX-E 16A Z33;1;R$ 139,56;7;9,75;R$ 13,60
TA332E03;CHAVE ROT D1 TA3 FIX-E 32A Z-33;1;R$ 163,50;7;9,75;R$ 15,94
TA34001;CHAVE ROT D1 TA3 FIX-E 40A Z-33;1;R$ 180,43;7;9,75;R$ 17,59
TU320E01;CHAVE ROT D1 TU3 FIX-E 20A Z-7;1;R$ 307,40;7;9,75;R$ 29,97
TU332E01;CHAVE ROT D1 TU3 FIX-E 32A Z-7;1;R$ 307,40;7;9,75;R$ 29,97
TU340E01;CHAVE ROT D1 TU3 FIX-E 40A Z-7;1;R$ 307,40;7;9,75;R$ 29,97
TA3100E;CHAVE ROT D2 T-A3 FIX-E 100A;1;R$ 304,16;7;9,75;R$ 29,65
TA350E;CHAVE ROT D2 T-A3 FIX-E 50A;1;R$ 182,99;7;9,75;R$ 17,84
PRODUTO;DESCRICAO;LOTE MINIMO;PRECO;%ICMS;%IPI;IPI
TA363E;CHAVE ROT D2 T-A3 FIX-E 63A;1;R$ 190,29;7;9,75;R$ 18,55
TA3100V;CHAVE ROT D2 T-A3 FIX-V 100A;1;R$ 319,12;7;9,75;R$ 31,11
TH3100E;CHAVE ROT D2 T-H3 FIX-E 100A;1;R$ 340,81;7;9,75;R$ 33,22
TH350E;CHAVE ROT D2 T-H3 FIX-E 50A;1;R$ 360,57;7;9,75;R$ 35,15
TSD100E;CHAVE ROT D2 T-SD FIX-E 100A;1;R$ 588,44;7;9,75;R$ 57,37
TSD50E;CHAVE ROT D2 T-SD FIX-E 50A;1;R$ 307,40;7;9,75;R$ 29,97
TSD63E;CHAVE ROT D2 T-SD FIX-E 63A;1;R$ 409,15;7;9,75;R$ 39,89
TU263E;CHAVE ROT D2 T-U2 FIX-E 63A;1;R$ 277,62;7;9,75;R$ 27,06
TU250V;CHAVE ROT D2 T-U2 FIX-V 50A;1;R$ 307,40;7;9,75;R$ 29,97
TU3100E;CHAVE ROT D2 T-U3 FIX-E 100A;1;R$ 476,29;7;9,75;R$ 46,43
TU350E;CHAVE ROT D2 T-U3 FIX-E 50A;1;R$ 322,04;7;9,75;R$ 31,39
TU363E;CHAVE ROT D2 T-U3 FIX-E 63A;1;R$ 373,27;7;9,75;R$ 36,39
TU363EZ7;CHAVE ROT D2 T-U3 FIX-E 63A + Z7;1;R$ 481,60;7;9,75;R$ 46,95
TU350V;CHAVE ROT D2 T-U3 FIX-V 50A;1;R$ 327,35;7;9,75;R$ 31,91
TU363V;CHAVE ROT D2 T-U3 FIX-V 63A;1;R$ 312,34;7;9,75;R$ 30,45
TU463E;CHAVE ROT D2 T-U4 FIX-E 63A;1;R$ 407,15;7;9,75;R$ 39,69
TUV3100E;CHAVE ROT D2 T-UV3 FIX-E 100A;1;R$ 436,22;7;9,75;R$ 42,53
TW3100E;CHAVE ROT D2 T-W3 FIX-E 100A;1;R$ 692,74;7;9,75;R$ 67,54
TW350E;CHAVE ROT D2 T-W3 FIX-E 50A;1;R$ 307,40;7;9,75;R$ 29,97
TW363E;CHAVE ROT D2 T-W3 FIX-E 63A;1;R$ 302,58;7;9,75;R$ 29,50
TA310002;CHAVE ROT D2 TA3 FIX-E 100A Z33;1;R$ 365,94;7;9,75;R$ 35,67
TA463E;CHAVE ROT D2 TA4 FIX-E 63A;1;R$ 233,27;7;9,75;R$ 22,74
TST40363E;CHAVE ROT D2 TST-403 FIX-E 63A;1;R$ 562,31;7;9,75;R$ 54,82
TU310001;CHAVE ROT D2 TU3 FIX-E 100A Z-7;1;R$ 476,86;7;9,75;R$ 46,49
TU450V;CHAVE ROT D2 TU4 FIX-V 50A;1;R$ 357,17;7;9,75;R$ 34,82
TU2100V;CHAVE ROT D2-100A T-U2 FIX-V 100A;1;R$ 475,73;7;9,75;R$ 46,38
TU3100V;CHAVE ROT D2-100A T-U3 FIX-V 100A;1;R$ 456,97;7;9,75;R$ 44,55
SCARU116H;CX CH LIGA/DESL 1P/16A 360-GRAUS MANOP-H;1;R$ 134,51;7;9,75;R$ 13,11
SCTA120H;CX CH LIGA/DESL 1P/20A 60-GRAUS MANOP=H;1;R$ 158,10;7;9,75;R$ 15,41
SCTA16F;CX CH LIGA/DESL 3P/16A 60GRAUS MANOP=F;1;R$ 50,31;7;9,75;R$ 4,90
TZ7D1;KIT PLACA FIX ADICIONAL T-Z7 P/ D1;1;R$ 21,05;7;9,75;R$ 2,05
TZ33D2V;KIT T-Z33 CH ROT D2 FIX V STK C/TRAV;1;R$ 172,74;7;9,75;R$ 16,84
STZ33D1;KIT TRAVAM CADEADO REDOND Z-33 D1;1;R$ 37,87;7;9,75;R$ 3,69
TZ33D2;KIT TRAVAM CADEADO REDOND Z-33 D2;1;R$ 50,60;7;9,75;R$ 4,93
250D0115;PARAF JUNCAO CHAVE ROT D0 T-04 M4 75.0MM;1;R$ 0,80;7;10;R$ 0,08
TZ7D2;PLACA FIXACAO ADICIONAL D2 T-Z7;1;R$ 21,75;7;9,75;R$ 2,12
26GS10085;KIT PEDAL C/ 1 BLOCO NA+NF.CAME E ACION.;1;R$ 73,53;4;9,75;R$ 7,16
S308;CX ICE 308 100X100X100 IP54;1;R$ 44,54;7;9,75;R$ 4,34
S310;CX ICE 310 251X150X107 IP 65;1;R$ 122,42;7;9,75;R$ 11,93
S312;CX ICE 312 251X150X107 IP 65;1;R$ 133,72;7;9,75;R$ 13,03
SMA17;ALCA P/ TRANSPORTE CAIXA PRIMA SHOCK BOX;1;R$ 45,84;7;9,75;R$ 4,46
SEX171B;BASE CX LIGHT EX-171 170X145X90 S/ EMB IP55;80;R$ 6,16;7;15;R$ 0,92
SEX231B;BASE CX LIGHT EX-231 234X174X90 S/ EMB IP55;20;R$ 10,46;7;15;R$ 1,56
SEX322B;BASE CX LIGHT EX-322 300X220X120 S/ EMB IP55;10;R$ 9,83;7;9,75;R$ 0,95
S0418D;CONJUNTO DOBRADICA STECK CX LIGHT;1;R$ 11,00;7;9,75;R$ 1,07
S105;CX ICE 105 80X80X60MM IP65;1;R$ 19,88;7;9,75;R$ 1,93
S107;CX ICE 107 100X100X60MM IP65;1;R$ 24,48;7;9,75;R$ 2,38
S302;CX ICE 302 196X141X84 IP55;1;R$ 71,69;7;9,75;R$ 6,98
S303;CX ICE 303 100X100X47 IP54;1;R$ 22,71;7;9,75;R$ 2,21
S304M;CX ICE 304 152X107X70 IP55;1;R$ 53,59;7;9,75;R$ 5,22
S304;CX ICE 304 152X107X70MM IP55;1;R$ 43,06;7;9,75;R$ 4,19
S305;CX ICE 305 80X80X60 IP 54;1;R$ 21,90;7;9,75;R$ 2,13
S306;CX ICE 306 196X142X84 IP55;1;R$ 65,17;7;9,75;R$ 6,35
S307;CX ICE 307 100X100X60MM C/ EMB IP54;1;R$ 29,32;7;9,75;R$ 2,85
S309;CX ICE 309 152X107X70 IP54;1;R$ 52,82;7;9,75;R$ 5,14
S309M;CX ICE 309 152X107X70MM IP54;1;R$ 126,22;7;9,75;R$ 12,30
SEV171;CX LIGHT EV-171 170X145X90 C/ EMB IP55;1;R$ 40,27;7;9,75;R$ 3,92
SEV231;CX LIGHT EV-231 234X174X90 C/ EMB IP55;1;R$ 50,93;7;9,75;R$ 4,96
SEV231A;CX LIGHT EV-231A 234X174X143 C/ EMB ALTA IP55;1;R$ 65,19;7;9,75;R$ 6,35
SEV322;CX LIGHT EV-322 300X220X120 C/ EMB IP55;1;R$ 77,34;7;9,75;R$ 7,54
SEV322A;CX LIGHT EV-322A 300X220X148 C/ EMB ALTA IP55;1;R$ 88,20;7;9,75;R$ 8,59
SEX171;CX LIGHT EX-171 170X145X90 S/ EMB IP55;1;R$ 15,75;7;9,75;R$ 1,53
SEX231;CX LIGHT EX-231 234X174X90 S/ EMB IP55;1;R$ 25,66;7;9,75;R$ 2,50
SEX231A;CX LIGHT EX-231A 234x174x143 S/EMB ALTA IP55;1;R$ 31,51;7;9,75;R$ 3,07
SEX322;CX LIGHT EX-322 300X220X120 S/ EMB IP55;1;R$ 35,49;7;9,75;R$ 3,46
SEX322A;CX LIGHT EX-322A 300X220X148 S/ EMB ALTA IP55;1;R$ 36,74;7;9,75;R$ 3,58
SSX065;CX LIGHT RED. D 65MM CEGA C/ MARC IP44;1;R$ 7,88;7;9,75;R$ 0,76
SSV065;CX LIGHT RED. D.65MM C/ 4 EMB IP44;1;R$ 16,39;7;9,75;R$ 1,59
SSV080;CX LIGHT RED. D.80MM C/ 4 EMB IP44;1;R$ 21,72;7;9,75;R$ 2,11
SSX080;CX LIGHT RED. D.80MM CEGA C/ MARC.IP44;1;R$ 7,93;7;9,75;R$ 0,77
S1111WO0;CX LIGHT S-111 110X110X65MM BRANCA OPACA;1;R$ 2,93;7;9,75;R$ 0,28
S1711WO0;CX LIGHT S-171 180X155X99MM BRANCA OPACA;1;R$ 11,29;7;9,75;R$ 1,10
SSP088;CX LIGHT SP-088 80X80X51.5 C/ EMB IP54;1;R$ 12,09;7;9,75;R$ 1,17
SSX088;CX LIGHT SX-088 80X80X51.5 S/ EMB IP54;1;R$ 7,29;7;9,75;R$ 0,71
STV231;CX LIGHT TV-231 234X174X90 TRANS C/ EMB IP55;1;R$ 67,66;7;9,75;R$ 6,59
STX231;CX LIGHT TX-231 234X174X90 TRANS S/ EMB IP55;1;R$ 29,79;7;9,75;R$ 2,90
SLB271C;CX LOGIC BOX EV-171 170X145X90 C/10 EMB IP55;1;R$ 5,73;7;9,75;R$ 0,55
SLB422C;CX LOGIC BOX EV-322 300X220X120 C/12 EMB IP55;1;R$ 25,27;7;9,75;R$ 2,46
SLB331A;CX LOGIC BOX EX-231A 234X174X143 S/EMB ALTA IP55;1;R$ 29,24;7;9,75;R$ 2,85
SLB065C;CX LOGIC BOX RED. D.65MM C/ 4 EMB IP44;1;R$ 4,75;7;9,75;R$ 0,46
SLB080C;CX LOGIC BOX RED. D.80MM C/ 4 EMB IP44;1;R$ 11,67;7;9,75;R$ 1,13
SLB080;CX LOGIC BOX RED. D.80MM CEGA C/ MARC.IP44;1;R$ 7,36;7;9,75;R$ 0,71
SLB088;CX LOGIC BOX SX-088 80X80X51.5 S/ EMB IP54;1;R$ 6,76;7;9,75;R$ 0,65
SLB331TC;CX LOGIC BOX TV-231 234X174X90 TRANS C/10 EMB IP55;1;R$ 23,23;7;9,75;R$ 2,26
SLB331T;CX LOGIC BOX TX-231 234X174X90 TRANS S/ EMB IP55;1;R$ 24,40;7;3,25;R$ 0,79
SLB211C;CX LOGICKBOX 102x102x55mm C/ 8 EMB. IP55;1;R$ 6,36;7;9,75;R$ 0,62
SLB271;CX LOGICKBOX 170x145x90mm CEGA CZ IP55;1;R$ 14,63;7;9,75;R$ 1,42
SLB331;CX LOGICKBOX 234X174X90MM CEGA CZ IP55;1;R$ 23,83;7;9,75;R$ 2,32
SLB331C;CX LOGICKBOX 234x174x90mm C/ 10 EMB. CZ IP55;1;R$ 16,78;7;9,75;R$ 1,63
PRODUTO;DESCRICAO;LOTE MINIMO;PRECO;%ICMS;%IPI;IPI
SLB_088;CX LOGICKBOX SX-088 80X80X51.5 S/EMB IP54 M543;1;R$ 16,23;7;3,25;R$ 0,52
S6100;CX P/ EXTENSAO SHOCK BOX 3 TOM SCHUK/BRAS C/BOX;1;R$ 158,90;7;9,75;R$ 15,49
SM12CMBR;CX PASS CEGA EMBUTIR IP40 BR;1;R$ 24,59;7;9,75;R$ 2,39
SCM121067;CX PASS CM12POW S/ PLACA DE MONTAGEM;1;R$ 36,86;7;9,75;R$ 3,59
SKB8G;CX PASS KICKBOX P/8 DISJ DIN IP67;1;R$ 186,02;7;9,75;R$ 18,13
STV111;CX PASS LIGHT 102X102X55MM C/ EMB TRANS IP55;1;R$ 31,77;7;9,75;R$ 3,09
STX111;CX PASS LIGHT 102X102X55MM S/ EMB TRANS IP55;1;R$ 16,85;7;9,75;R$ 1,64
SM03303;CX PASS LIGHT 114X141X91.5 C/ EMB IP54;1;R$ 32,10;7;9,75;R$ 3,12
SM03302;CX PASS LIGHT 114X141X91.5 CEGA IP55;1;R$ 22,92;7;9,75;R$ 2,23
STV161;CX PASS LIGHT 154X110X70 C/ EMB TRANS IP55;1;R$ 42,20;7;9,75;R$ 4,11
STX161;CX PASS LIGHT 154X110X70 S/ EMB TRANS IP55;1;R$ 21,10;7;9,75;R$ 2,05
SSX161;CX PASS LIGHT 154X110X70MM (CEGA) IP55;1;R$ 12,95;7;9,75;R$ 1,26
SSV161;CX PASS LIGHT 154X110X70MM C/ EMB IP55;1;R$ 25,89;7;9,75;R$ 2,52
STX171;CX PASS LIGHT 170X145X90 S/ EMB TRANS IP55;1;R$ 27,14;7;9,75;R$ 2,64
SM03403;CX PASS LIGHT 228X141X91.5 C/ EMB IP54;1;R$ 70,41;7;9,75;R$ 6,86
SM03402;CX PASS LIGHT 228X141X91.5 CEGA IP55;1;R$ 44,03;7;9,75;R$ 4,29
STV231A;CX PASS LIGHT 234X174X143 C/ EMB ALTA TRANS IP55;1;R$ 82,99;7;9,75;R$ 8,09
STX231A;CX PASS LIGHT 234X174X143 S/ EMB ALTA TRANS IP55;1;R$ 59,26;7;9,75;R$ 5,77
STV322;CX PASS LIGHT 300X220X120 C/ 12 EMB;1;R$ 519,23;7;9,75;R$ 50,62
STX322;CX PASS LIGHT 300X220X120 S/ EMB TRANS IP55;1;R$ 75,64;7;9,75;R$ 7,37
STX322A;CX PASS LIGHT 300X220X148 S/ EMB TRANS IP55;1;R$ 91,41;7;9,75;R$ 8,91
ST44420N;CX PASS LIGHT ALTA 390X310X187 C/ EMB IP54;1;R$ 139,15;7;9,75;R$ 13,56
ST44520N;CX PASS LIGHT ALTA 390X310X187 C/ EMB IP54;1;R$ 168,58;7;9,75;R$ 16,43
ST44440N;CX PASS LIGHT ALTA 390X310X187 S/ EMB IP56;1;R$ 133,58;7;9,75;R$ 13,02
ST44220N;CX PASS LIGHT ALTA 396X316X190 S/ EMB IP56;1;R$ 96,18;7;9,75;R$ 9,37
ST44621N;CX PASS LIGHT ALTA 474X396X190 C/ EMB IP54;1;R$ 210,41;7;9,75;R$ 20,51
ST44221N;CX PASS LIGHT ALTA 474X396X190 C/DOB S/EMB;1;R$ 171,69;7;9,75;R$ 16,73
ST44441N;CX PASS LIGHT ALTA 474X396X190 C/DOB S/EMB IP56;1;R$ 221,20;7;9,75;R$ 21,56
ST44721N;CX PASS LIGHT ALTA 474X396X190 C/EMB IP54;1;R$ 234,64;7;9,75;R$ 22,87
ST44010N;CX PASS LIGHT BAIXA 390X310X127 C/ EMB IP54;1;R$ 106,72;7;9,75;R$ 10,40
ST44210N;CX PASS LIGHT BAIXA 390X310X127 S/ EMB IP56;1;R$ 82,64;7;9,75;R$ 8,05
ST44430N;CX PASS LIGHT BAIXA 396X316X126 S/ EMB IP56;1;R$ 127,78;7;9,75;R$ 12,45
ST44211N;CX PASS LIGHT BAIXA 474X396X127 S/ EMB IP56;1;R$ 150,04;7;9,75;R$ 14,62
ST44011N;CX PASS LIGHT BAIXA 474X396X128 C/ 12 EMB IP54;1;R$ 174,46;7;9,75;R$ 17,00
ST44431N;CX PASS LIGHT BAIXA 474X396X130 S/ EMB IP56;1;R$ 195,21;7;9,75;R$ 19,03
SSV111;CX PASS LIGHT SV-111 102X102X55MM C/ EMB IP55;1;R$ 17,43;7;9,75;R$ 1,69
SSX111;CX PASS LIGHT SX-111 102X102X55MM S/ EMB IP55;1;R$ 11,00;7;9,75;R$ 1,07
SLB211T;CX PASS LOGIC BOX 102X102X55MM S/ EMB TRANS IP55;1;R$ 15,64;7;9,75;R$ 1,52
SLB302;CX PASS LOGIC BOX 114X141X91.5 CEGA IP55;1;R$ 22,92;7;9,75;R$ 2,23
SLB331TA;CX PASS LOGIC BOX 234X174X143 S/ EMB ALTA TRANS;1;R$ 22,23;7;9,75;R$ 2,16
SLB221;CX PASS LOGIC BOX ALTA 474X396X190 OPACA IP56;1;R$ 161,99;7;9,75;R$ 15,79
SLB441T;CX PASS LOGIC BOX ALTA 474X396X190 S/ EMB TRANS;1;R$ 60,70;7;9,75;R$ 5,91
SLB210;CX PASS LOGIC BOX BAIXA 390X310X127 S/ EMB IP56;1;R$ 77,98;7;9,75;R$ 7,60
SLB311;CX PASS LOGIC BOX BAIXA 474X396X127 S/ EMB IP56;1;R$ 141,54;7;9,75;R$ 13,80
SLB211;CX PASS LOGIC BOX SX-111 102X102X55MM S/ EMB IP55;1;R$ 10,22;7;9,75;R$ 0,99
ST9470000;CX PASS SHOCK BOX 340X282X260 PT 12 DISJ IP54;1;R$ 2.161,18;7;9,75;R$ 210,71
S4100;CX PASS SHOCK BOX 4 TOM BRAS/SCHUK 8 DISJ;1;R$ 136,36;7;9,75;R$ 13,29
S188MD;CX PASS SHOCK BOX P/8 DISJ DIN;1;R$ 197,18;7;9,75;R$ 19,22
S1812GMD;CX PASS SHOCK BOX SHOCK BOX 1X12 DISJ DIN IP67;1;R$ 320,97;7;9,75;R$ 31,29
S1824GM;CX PASS SHOCK BOX SHOCK BOX P/24 DISJ DIN;1;R$ 380,59;7;9,75;R$ 37,10
S188P;CX PASS SHOCK BOX SHOCK BOX P/8 DISJ DIN;1;R$ 128,39;7;9,75;R$ 12,51
SM03304;CX PASSAG ECOLOGY BOX P/ DISJ S/ EQUIP IP55;1;R$ 36,69;7;9,75;R$ 3,57
SPR1006M;CX SOB PRATIKA BOX C/TOM 2P+T 10A C/DISJ 1P 06A;1;R$ 21,41;4;9,75;R$ 2,08
SPR1006B;CX SOB PRATIKA BOX C/TOM 2P+T 10A C/DISJ 2P 06A;1;R$ 21,50;7;9,75;R$ 2,09
SPR1000;CX SOB PRATIKA BOX C/TOM 2P+T 10A S/DISJ;1;R$ 17,71;7;9,75;R$ 1,72
SPR2016M;CX SOB PRATIKA BOX C/TOM 2P+T 20A C/DISJ 1P 16A;1;R$ 32,98;4;9,75;R$ 3,21
SPR2020M;CX SOB PRATIKA BOX C/TOM 2P+T 20A C/DISJ 1P 20A;1;R$ 23,42;4;9,75;R$ 2,28
SPR2020B;CX SOB PRATIKA BOX C/TOM 2P+T 20A C/DISJ 2P 20A;1;R$ 45,04;7;9,75;R$ 4,39
SPR2000;CX SOB PRATIKA BOX C/TOM 2P+T 20A S/DISJ;1;R$ 14,66;7;9,75;R$ 1,42
S301;EMBUTE PVC;1;R$ 4,10;7;9,75;R$ 0,39
S610014;ESPELHO SHOCK BOX FURACAO P/ S864X TOM NBR QUASAR;1;R$ 98,90;7;9,75;R$ 9,64
S000002;PLACA DE MONTAGEM CX LIGHT ST44XX0N 356X274X0.9MM;1;R$ 92,92;7;9,75;R$ 9,05
S000046;PLACA DE MONTAGEM CX LIGHT ST44XXXN 444X335X0.9MM;1;R$ 121,52;7;9,75;R$ 11,84
S000056;PLACA DE MONTAGEM CX LIGHT SXX322/A 290X210X0.9MM;1;R$ 18,97;7;9,75;R$ 1,84
S000055;PLACA DE MONTAGEM CX LIGTH SXX231/A 230X170X0.9MM;1;R$ 31,95;7;10;R$ 3,19
S000054;PLACA MONTAGEM CX LIGHT SXX171 165X140X0.9MM;1;R$ 19,88;7;9,75;R$ 1,93
SEB9T;QUADRO SOB ECOBOX 9 DISJ PORTA TRANSP;1;R$ 174,69;7;9,75;R$ 17,03
SCD13POR;QUADRO SOB ECOLOGY BOX 13 DISJ OPACA ROSCA IP55;1;R$ 84,19;7;9,75;R$ 8,20
SCD13PTR;QUADRO SOB ECOLOGY BOX 13 DISJ TRANSP ROSCA IP55;1;R$ 92,60;7;9,75;R$ 9,02
SCD4PO;QUADRO SOB ECOLOGY BOX 4 DISJ OPACA 1/4V IP55;1;R$ 48,71;7;9,75;R$ 4,74
SCD4PT;QUADRO SOB ECOLOGY BOX 4 DISJ TRANSP 1/4V IP55;1;R$ 60,90;7;9,75;R$ 5,93
SCD6PO;QUADRO SOB ECOLOGY BOX 6 DISJ OPACA 1/4V IP55;1;R$ 58,45;7;9,75;R$ 5,69
SCD6PT;QUADRO SOB ECOLOGY BOX 6 DISJ TRANSP 1/4 IP55;1;R$ 64,31;7;9,75;R$ 6,27
SCD9POR;QUADRO SOB ECOLOGY BOX 9 DISJ OPACA ROSCA IP55;1;R$ 70,14;7;9,75;R$ 6,83
SCD9PTR;QUADRO SOB ECOLOGY BOX 9 DISJ TRANSP ROSCA IP55;1;R$ 77,16;7;9,75;R$ 7,52
SSO17P;SUPORTE PARA CAIXA SHOCK BOX;1;R$ 168,52;7;9,75;R$ 16,43
SEX171T;TAMPA CX LIGHT EX-171 170X145X90 IP55;1;R$ 8,11;7;9,75;R$ 0,79
SEX231T;TAMPA CX LIGHT EX-231 234X174X90 IP55;1;R$ 13,22;7;15;R$ 1,98
SEX231AT;TAMPA CX LIGHT EX-231A 234X174X143 ALTA IP55;20;R$ 19,21;7;15;R$ 2,88
SEX322T;TAMPA CX LIGHT EX-322 300X220X120 IP55;20;R$ 22,26;7;15;R$ 3,33
SEX322AT;TAMPA CX LIGHT EX-322A 300X220X148 ALTA IP55;10;R$ 21,61;7;15;R$ 3,24
SCM24A748;QDLF-SALAO DE FESTAS CM24 IDR 4P 40A/30MA DISJ DPS;1;R$ 135,83;4;9,75;R$ 13,24
AP0002-BR;CABO DE ENERGIA APC POWER CORD 16A;1;R$ 41,61;4;5;R$ 2,08
SDR22530A;INTERRUPTOR DIFERENCIAL 2P 25A 30MA TIPO A;1;R$ 83,67;4;6,5;R$ 5,43
SDR24030A;INTERRUPTOR DIFERENCIAL 2P 40A 30MA TIPO A;1;R$ 105,81;4;6,5;R$ 6,86
SDR26330A;INTERRUPTOR DIFERENCIAL 2P 63A 30MA TIPO A;1;R$ 133,82;4;6,5;R$ 8,69
SDR42530A;INTERRUPTOR DIFERENCIAL 4P 25A 30MA TIPO A;1;R$ 111,53;4;6,5;R$ 7,24
SDR44030A;INTERRUPTOR DIFERENCIAL 4P 40A 30MA TIPO A;1;R$ 132,41;4;6,5;R$ 8,60
SDR46330A;INTERRUPTOR DIFERENCIAL 4P 63A 30MA TIPO A;1;R$ 156,84;4;6,5;R$ 10,19
PRODUTO;DESCRICAO;LOTE MINIMO;PRECO;%ICMS;%IPI;IPI
H3056;ACOP TRITON 2P+T 16A 200/250V 6H AZ IP44;1;R$ 26,56;4;9,75;R$ 2,58
H3059;ACOP TRITON 2P+T 16A 380/415V 9H VM IP44;1;R$ 26,56;4;9,75;R$ 2,58
H3256;ACOP TRITON 2P+T 32A 200/250V 6H AZ IP44;1;R$ 33,43;4;9,75;R$ 3,25
H3259;ACOP TRITON 2P+T 32A 380/415V 9H VM IP44;1;R$ 33,43;4;9,75;R$ 3,25
H5056;ACOP TRITON 3P+N+T 16A 240/415V 6H VM IP44;1;R$ 37,97;4;9,75;R$ 3,70
H5256;ACOP TRITON 3P+N+T 32A 240/415V 6H VM IP44;1;R$ 74,74;4;9,75;R$ 7,28
H4059;ACOP TRITON 3P+T 16A 200/250V 9H AZ IP44;1;R$ 30,98;4;9,75;R$ 3,02
H4056;ACOP TRITON 3P+T 16A 380/440V 6H VM IP44;1;R$ 30,98;4;9,75;R$ 3,02
H4259;ACOP TRITON 3P+T 32A 200/250V 9H AZ IP44;1;R$ 36,86;4;9,75;R$ 3,59
H4256;ACOP TRITON 3P+T 32A 380/415V 6H VM IP44;1;R$ 36,86;4;9,75;R$ 3,59
H3076;PLUG TRITON 2P+T 16A 200/250V 6H AZ IP44;1;R$ 20,09;4;9,75;R$ 1,95
H3079;PLUG TRITON 2P+T 16A 380/415V 9H VM IP44;1;R$ 20,09;4;9,75;R$ 1,95
H3276;PLUG TRITON 2P+T 32A 200/250V 6H AZ IP44;1;R$ 27,03;4;9,75;R$ 2,63
H3279;PLUG TRITON 2P+T 32A 380/415V 9H VM IP44;1;R$ 27,03;4;9,75;R$ 2,63
H5076;PLUG TRITON 3P+N+T 16A 240/415V 6H VM IP44;1;R$ 29,79;4;9,75;R$ 2,90
H5276;PLUG TRITON 3P+N+T 32A 240/415V 6H VM IP44;1;R$ 35,02;4;9,75;R$ 3,41
H4079;PLUG TRITON 3P+T 16A 200/250V 9H AZ IP44;1;R$ 24,10;4;9,75;R$ 2,34
H4076;PLUG TRITON 3P+T 16A 380/440V 6H VM IP44;1;R$ 24,10;4;9,75;R$ 2,34
H4279;PLUG TRITON 3P+T 32A 200/250V 9H AZ IP44;1;R$ 31,98;4;9,75;R$ 3,11
H4276;PLUG TRITON 3P+T 32A 380/440V 6H VM IP44;1;R$ 31,98;4;9,75;R$ 3,11
H3046;TOM EMB TRITON 2P+T 16A 200/250V 6H AZ IP44;1;R$ 20,40;4;9,75;R$ 1,98
H3049;TOM EMB TRITON 2P+T 16A 380/415V 9H VM IP44;1;R$ 20,40;4;9,75;R$ 1,98
H3246;TOM EMB TRITON 2P+T 32A 200/250V 6H AZ IP44;1;R$ 28,70;4;9,75;R$ 2,79
H3249;TOM EMB TRITON 2P+T 32A 380/415V 9H VM IP44;1;R$ 28,70;4;9,75;R$ 2,79
H5046;TOM EMB TRITON 3P+N+T 16A 240/415V 6H VM IP44;1;R$ 33,29;4;9,75;R$ 3,24
H5246;TOM EMB TRITON 3P+N+T 32A 240/415V 6H VM IP44;1;R$ 42,06;4;9,75;R$ 4,10
H4049;TOM EMB TRITON 3P+T 16A 200/250V 9H AZ IP44;1;R$ 27,10;4;9,75;R$ 2,64
H4046;TOM EMB TRITON 3P+T 16A 380/440V 6H VM IP44;1;R$ 27,10;4;9,75;R$ 2,64
H4249;TOM EMB TRITON 3P+T 32A 200/250V 9H AZ IP44;1;R$ 29,52;4;9,75;R$ 2,87
H4246;TOM EMB TRITON 3P+T 32A 380/440V 6H VM IP44;1;R$ 29,52;4;9,75;R$ 2,87
H4009;TOM SOB NEXUS 3P+T 16A 200/250V 9H AZ IP44;1;R$ 34,01;4;9,75;R$ 3,31
H3006;TOM SOB TRITON 2P+T 16A 200/250V 6H AZ IP44;1;R$ 26,26;4;9,75;R$ 2,56
H3009;TOM SOB TRITON 2P+T 16A 380/415V 9H VM IP44;1;R$ 26,26;4;9,75;R$ 2,56
H3206;TOM SOB TRITON 2P+T 32A 200/250V 6H AZ IP44;1;R$ 34,24;4;9,75;R$ 3,33
H3209;TOM SOB TRITON 2P+T 32A 380/415V 9H VM IP44;1;R$ 34,24;4;9,75;R$ 3,33
H5006;TOM SOB TRITON 3P+N+T 16A 240/415V 6H VM IP44;1;R$ 41,14;4;9,75;R$ 4,01
H5206;TOM SOB TRITON 3P+N+T 32A 240/415V 6H VM IP44;1;R$ 52,89;4;9,75;R$ 5,15
H4006;TOM SOB TRITON 3P+T 16A 380/440V 6H VM IP44;1;R$ 34,01;4;9,75;R$ 3,31
H4209;TOM SOB TRITON 3P+T 32A 200/250V 9H AZ IP44;1;R$ 34,44;4;9,75;R$ 3,35
H4206;TOM SOB TRITON 3P+T 32A 380/415V 6H VM IP44;1;R$ 34,44;4;9,75;R$ 3,35
BLOD1250;BLOQUEIO TRAVA P/ CX MOLD 1250A;1;R$ 109,84;4;9,75;R$ 10,70
BLOD800;BLOQUEIO TRAVA P/ CX MOLD 400/630/800A;1;R$ 57,19;4;9,75;R$ 5,57
BLOD250;BLOQUEIO TRAVA P/ CX MOLD 63/100/250A;1;R$ 50,84;4;9,75;R$ 4,95
BLOD63;BLOQUEIO TRAVA P/ MINI-DISJ 63;1;R$ 22,74;4;9,75;R$ 2,21
BLOD125;BLOQUEIO TRAVA P/ MINI-DISJ 80/100/125A;1;R$ 22,74;4;9,75;R$ 2,21
BLOP250;BLOQUEIO TRAVA PARA PLUGS 16/250A;1;R$ 87,47;4;9,75;R$ 8,52
CADVM;CADEADO PARA DISPOSITIVOS DE BLOQUEIO;1;R$ 49,93;4;9,75;R$ 4,86
SM8623;CAIXA MULTIPLEX COM 2 x S-8623;1;R$ 74,29;7;9,75;R$ 7,24
SM5810;CX MULTIPLEX COM 1 X S-8640;1;R$ 94,88;7;9,75;R$ 9,25
SM5820;CX MULTIPLEX COM 1 X S8641;1;R$ 106,15;7;9,75;R$ 10,34
SM8621;CX MULTIPLEX COM 2 x S-8621;1;R$ 59,96;7;9,75;R$ 5,84
PLA15A;ANILHAS 10 X 5 X 0.8MM;1;R$ 0,86;4;9,75;R$ 0,08
PLA10BN;BARRAMENTO NEUTRO 80A 10 TERMINAIS PLATINNUM BOX;1;R$ 21,39;4;9,75;R$ 2,08
PLA10BT;BARRAMENTO TERRA 80A 10 TERMINAIS PLATINNUM BOX;1;R$ 21,39;4;9,75;R$ 2,08
PLA18Y90;FECHADURA METALICA C/ CHAVE P90;1;R$ 45,39;4;0;R$ 0,00
PLA18YALE;FECHADURA METÁLICA NI221 PLATINNUM BOX;1;R$ 37,41;4;0;R$ 0,00
PLA18TRIA;FECHADURA TRIANG PLASTICO T10MM;1;R$ 9,36;4;0;R$ 0,00
PLA15MDO;MOLA PARA DOBRADICA;1;R$ 0,86;4;0;R$ 0,00
PLA15MDA;MOLA PARA DOBRADICA PERNO DE LATAO P/ QUADROS 500M;1;R$ 0,86;4;9,75;R$ 0,08
PLA15PEX;PARAFUSO C PORCA JUNCAO SMX EXT;1;R$ 14,79;4;9,75;R$ 1,44
PLA15D20;PARAFUSO DIN7985 DACR M4X20 P/ QUADROS P125;1;R$ 0,86;4;6,5;R$ 0,05
PLA15D16;PARAFUSO PCL 82 DACR M4X16 P/ QUADRO P90;1;R$ 0,86;4;6,5;R$ 0,05
PLA15PIN;PARAFUSO PLASTICO C PORCA JUNCAO SMX INT;1;R$ 8,67;4;9,75;R$ 0,84
PLA15PCF;PARAFUSO PLASTICO COM FURO 1/4 DE VOLTA;1;R$ 14,79;4;9,75;R$ 1,44
PLA15PSF;PARAFUSO PLASTICO SEM FURO 1/4 DE VOLTA;1;R$ 4,72;4;9,75;R$ 0,46
PLA18RP90;PUXADOR RODAR PLASTICO PLANO P90;1;R$ 10,11;4;3,25;R$ 0,32
PLA18PUXA;PUXADOR RODAR PLÁSTICO P125;1;R$ 7,82;4;3,25;R$ 0,25
PA15AA4;PILHA ALCALINA 1.5V AA PACK C/4;18;R$ 3,87;4;9,75;R$ 0,37
PA15AA2;PILHA ALCALINA STECK 1.5V TIPO AA PACK C/2;18;R$ 1,95;4;9,75;R$ 0,19
PA15AAA2;PILHA ALCALINA STECK 1.5V TIPO AAA PACK C/2;16;R$ 2,35;4;9,75;R$ 0,22
PA15AAA4;PILHA ALCALINA STECK 1.5V TIPO AAA PACK C/4;16;R$ 4,32;4;9,75;R$ 0,42
PA15C2;PILHA ALCALINA STECK 1.5V TIPO C PACK C/2;6;R$ 5,46;4;9,75;R$ 0,53
PA15D2;PILHA ALCALINA STECK 1.5V TIPO D PACK C/2;6;R$ 7,82;4;9,75;R$ 0,76
PA09V;PILHA ALCALINA STECK 9V PACK C/1;12;R$ 4,70;4;9,75;R$ 0,45
SM1SZ11;FIM DE CURSO METAL 1 ENT HASTE FLEX ACO;1;R$ 72,99;4;9,75;R$ 7,11
SM1DZ11;FIM DE CURSO METAL 1 ENT PIST C/ ROLDANA;1;R$ 52,84;4;9,75;R$ 5,15
SM1WZ11;FIM DE CURSO METAL METÁLICO COM 1 ENTRADA, HASTE P;1;R$ 72,99;4;9,75;R$ 7,11
SP1EZ11;FIM DE CURSO PLAST 1 ENT AL C/ROLD AT HZ;1;R$ 38,95;4;9,75;R$ 3,79
SP1KZ11;FIM DE CURSO PLAST 1 ENT AL ROLD COMP VA;1;R$ 37,58;4;9,75;R$ 3,66
SM1GZ11;FIM DE CURSO STECK METAL 1 ENT AL C/ROLD AT 2X;1;R$ 46,16;4;9,75;R$ 4,50
SM1EZ11;FIM DE CURSO STECK METAL 1 ENT AL C/ROLD AT HZ;1;R$ 49,81;4;9,75;R$ 4,85
SM1FZ11;FIM DE CURSO STECK METAL 1 ENT AL C/ROLD AT VT;1;R$ 58,36;4;9,75;R$ 5,69
SM1UZ11;FIM DE CURSO STECK METAL 1 ENT AL ROLD COMP VA;1;R$ 48,61;4;9,75;R$ 4,73
SM1RZ11;FIM DE CURSO STECK METAL 1 ENT HASTE FLEXIVEL;1;R$ 50,64;4;9,75;R$ 4,93
SM1CZ11;FIM DE CURSO STECK METAL 1 ENT PIST SMPS CURTO;1;R$ 59,64;4;9,75;R$ 5,81
SP1GZ11;FIM DE CURSO STECK PLAST 1 ENT AL C/ROLD AT 2X;1;R$ 34,59;4;9,75;R$ 3,37
SP1WZ11;FIM DE CURSO STECK PLAST 1 ENT HASTE RED REGUL;1;R$ 39,00;4;9,75;R$ 3,80
SP1DZ11;FIM DE CURSO STECK PLAST 1 ENT PIST C/ ROLDANA;1;R$ 33,17;4;9,75;R$ 3,23
SP1CZ11;FIM DE CURSO STECK PLAST 1 ENT PIST SMPS CURTO;1;R$ 31,93;4;9,75;R$ 3,11
PRODUTO;DESCRICAO;LOTE MINIMO;PRECO;%ICMS;%IPI;IPI
SM3GZ11;FIM DE CURSO STECO METAL 3 ENT AL C/ROLD AT 2X;1;R$ 55,41;4;9,75;R$ 5,40
SM3EZ11;FIM DE CURSO STECO METAL 3 ENT AL C/ROLD AT HZ;1;R$ 48,62;4;9,75;R$ 4,74
SM3UZ11;FIM DE CURSO STECO METAL 3 ENT AL ROLD COMP VA;1;R$ 48,44;4;9,75;R$ 4,72
SM3RZ11;FIM DE CURSO STECO METAL 3 ENT HASTE FLEXIVEL;1;R$ 49,86;4;9,75;R$ 4,86
SM3DZ11;FIM DE CURSO STECO METAL 3 ENT PIST C/ ROLDANA;1;R$ 47,33;4;9,75;R$ 4,61
SM3CZ11;FIM DE CURSO STECO METAL 3 ENT PIST SMPS CURTO;1;R$ 58,83;4;9,75;R$ 5,73
SP1FZ11;FIM DE CURSO STECO PLAST 1 ENT AL C/ROLD AT VT;1;R$ 35,23;4;9,75;R$ 3,43
SP1UZ11;FIM DE CURSO STECO PLAST 1 ENT AL ROLD COMP VA;1;R$ 33,28;4;9,75;R$ 3,24
SP1SZ11;FIM DE CURSO STECO PLAST 1 ENT HASTE FLEX ACO;1;R$ 35,80;4;9,75;R$ 3,49
SMD115;BASE FIX INDIVIDUAL FRAME 11.5 RELE S-D2;1;R$ 1,57;4;9,75;R$ 0,15
SMD25;BASE FIX INDIVIDUAL FRAME 25 RELE SD2/SRT;1;R$ 30,69;4;9,75;R$ 2,99
SMD36;BASE FIX INDIVIDUAL FRAME 36 RELE SD2/SRT;1;R$ 34,72;4;9,75;R$ 3,38
SMD93;BASE FIX INDIVIDUAL FRAME 93 RELE SD2/SRT;1;R$ 97,55;4;9,75;R$ 9,51
SR2115Z0B;MINI RELE TERMICO CHALLENGER 0.16A-0.25A;1;R$ 62,57;4;3,25;R$ 2,03
SR2115Z0D;MINI RELE TERMICO CHALLENGER 0.40A-0.63A;1;R$ 68,70;4;3,25;R$ 2,23
SR2115Z0E;MINI RELE TERMICO CHALLENGER 0.63A-1A;1;R$ 89,64;4;3,25;R$ 2,91
SR2115Z1C;MINI RELE TERMICO CHALLENGER 1.6A-2.5A;1;R$ 84,70;4;3,25;R$ 2,75
SR2115Z1A;MINI RELE TERMICO CHALLENGER 1A-1.6A;1;R$ 69,66;4;3,25;R$ 2,26
SR2115Z1D;MINI RELE TERMICO CHALLENGER 2.5A-4A;1;R$ 78,21;4;3,25;R$ 2,54
SR2115Z1E;MINI RELE TERMICO CHALLENGER 4A-6A;1;R$ 66,56;4;3,25;R$ 2,16
SR2115Z1F;MINI RELE TERMICO CHALLENGER 5.5A-8A;1;R$ 74,66;4;3,25;R$ 2,42
SR2115Z1G;MINI RELE TERMICO CHALLENGER 7A-10A;1;R$ 68,74;4;3,25;R$ 2,23
SR2115Z1H;MINI RELE TERMICO CHALLENGER 9A-13A;1;R$ 65,07;4;3,25;R$ 2,11
SD21801D;RELE CHALLENGER SD2 FRAME 180 50/60HZ 90A-120A;1;R$ 205,08;4;3,25;R$ 6,66
SD24001B;RELE CHALLENGER SD2 FRAME 400 50/60HZ 125i200A;1;R$ 503,73;4;3,25;R$ 16,37
SD24003A;RELE CHALLENGER SD2 FRAME 400 50/60HZ 160i250A;1;R$ 421,51;4;3,25;R$ 13,69
SD24001C;RELE CHALLENGER SD2 FRAME 400 50/60HZ 200A-320A;1;R$ 213,62;4;3,25;R$ 6,94
SD24003C;RELE CHALLENGER SD2 FRAME 400 50/60HZ 250A-400A;1;R$ 203,91;4;3,25;R$ 6,62
SHXJ9400;RELE FALTA E SEQUENCIA FASE 400VCA;1;R$ 194,37;4;3,25;R$ 6,31
SRT25P16;RELE SRT FRAME 25 50/60HZ 0.1-0.16A;1;R$ 48,24;4;3,25;R$ 1,56
SRT25P25;RELE SRT FRAME 25 50/60HZ 0.16-0.25A;1;R$ 48,24;4;3,25;R$ 1,56
SRT25P4;RELE SRT FRAME 25 50/60HZ 0.25-0.4A;1;R$ 48,24;4;3,25;R$ 1,56
SRT251;RELE SRT FRAME 25 50/60HZ 0.63-1A;1;R$ 48,24;4;3,25;R$ 1,56
SRT251P6;RELE SRT FRAME 25 50/60HZ 1.00-1.6A;1;R$ 48,24;4;3,25;R$ 1,56
SRT252P5;RELE SRT FRAME 25 50/60HZ 1.60-2.5A;1;R$ 48,24;4;3,25;R$ 1,56
SRT2518;RELE SRT FRAME 25 50/60HZ 12-18A;1;R$ 48,24;4;3,25;R$ 1,56
SRT2525;RELE SRT FRAME 25 50/60HZ 17-25A;1;R$ 58,12;4;3,25;R$ 1,88
SRT254;RELE SRT FRAME 25 50/60HZ 2.5-4A;1;R$ 48,24;4;3,25;R$ 1,56
SRT256;RELE SRT FRAME 25 50/60HZ 4-6A;1;R$ 48,24;4;3,25;R$ 1,56
SRT258;RELE SRT FRAME 25 50/60HZ 5.5-8A;1;R$ 48,24;4;3,25;R$ 1,56
SRT2510;RELE SRT FRAME 25 50/60HZ 7-10A;1;R$ 48,24;4;3,25;R$ 1,56
SRT2513;RELE SRT FRAME 25 50/60HZ 9-13A;1;R$ 48,24;4;3,25;R$ 1,56
SRT3632;RELE SRT FRAME 36 50/60HZ 23-32A;1;R$ 58,12;4;3,25;R$ 1,88
SRT3832;RELE SRT FRAME 38 50/60HZ 23-32A;1;R$ 63,92;4;3,25;R$ 2,07
SRT3840;RELE SRT FRAME 38 50/60HZ 30-40A;1;R$ 48,24;4;3,25;R$ 1,56
SRT9332;RELE SRT FRAME 93 50/60HZ 23-32A;1;R$ 76,59;4;3,25;R$ 2,48
SRT9340;RELE SRT FRAME 93 50/60HZ 30-40A;1;R$ 76,59;4;3,25;R$ 2,48
SRT9350;RELE SRT FRAME 93 50/60HZ 37-50A;1;R$ 109,69;4;3,25;R$ 3,56
SRT9365;RELE SRT FRAME 93 50/60HZ 48-65A;1;R$ 129,86;4;3,25;R$ 4,22
SRT9370;RELE SRT FRAME 93 50/60HZ 55-70A;1;R$ 129,86;4;3,25;R$ 4,22
SRT9380;RELE SRT FRAME 93 50/60HZ 63-80A;1;R$ 129,86;4;3,25;R$ 4,22
SRT9393;RELE SRT FRAME 93 50/60HZ 80-93A;1;R$ 161,38;4;3,25;R$ 5,24
SHKG816B230;TIMER DIGITAL SAIDAS 16-ON 16-OFF 230VCA;1;R$ 53,99;4;3,25;R$ 1,75
SSRM;BOB DE DISP REM DJ MOTOR CHALLENGER FRAME 25 230V~;1;R$ 36,75;4;9,75;R$ 3,58
SSRQ;BOBINA DE DISPARO REMOTO DISJ MOTOR FRAME 25 400V~;1;R$ 53,01;4;9,75;R$ 5,16
SACF11;CONT AUX FRONTAL 1NA+1NF CHALLENGER;1;R$ 19,45;4;9,75;R$ 1,89
SACF20;CONT AUX FRONTAL 2NA+0NF CHALLENGER;1;R$ 19,39;4;9,75;R$ 1,89
SACL11;CONT AUX LAT 1NA+1NF DJ MOTOR CHALLENGER FRAME 25;1;R$ 21,48;4;9,75;R$ 2,09
SACL11B;CONT AUX LAT 1NA+1NF DJ MOTOR CHALLENGER FRAME 80;1;R$ 25,08;4;9,75;R$ 2,44
SACL20;CONT AUX LAT 2NA+0NF DJ MOTOR CHALLENGER FRAME 25;1;R$ 21,84;4;9,75;R$ 2,12
SACL20B;CONT AUX LATERAL 2NA+0NF P/ DISJ MOTOR FRAME 80;1;R$ 21,85;4;9,75;R$ 2,13
SLS2250A;DISJ MOTOR CHALLENGER 3P 25A 0.1-0.16A;1;R$ 87,85;4;6,5;R$ 5,71
SLS2250B;DISJ MOTOR CHALLENGER 3P 25A 0.16-0.25A;1;R$ 87,85;4;6,5;R$ 5,71
SLS2250C;DISJ MOTOR CHALLENGER 3P 25A 0.25-0.4A;1;R$ 87,85;4;6,5;R$ 5,71
SLS2250D;DISJ MOTOR CHALLENGER 3P 25A 0.4-0.63A;1;R$ 87,85;4;6,5;R$ 5,71
SLS2250E;DISJ MOTOR CHALLENGER 3P 25A 0.63-1A;1;R$ 87,85;4;6,5;R$ 5,71
SLS2251A;DISJ MOTOR CHALLENGER 3P 25A 1-1.6A;1;R$ 87,85;4;6,5;R$ 5,71
SLS2251B;DISJ MOTOR CHALLENGER 3P 25A 1.6-2.5A;1;R$ 87,85;4;6,5;R$ 5,71
SLS2252A;DISJ MOTOR CHALLENGER 3P 25A 13-18A;1;R$ 105,46;4;6,5;R$ 6,85
SLS2252B;DISJ MOTOR CHALLENGER 3P 25A 17-23A;1;R$ 108,37;4;6,5;R$ 7,04
SLS2251C;DISJ MOTOR CHALLENGER 3P 25A 2.5-4A;1;R$ 87,85;4;6,5;R$ 5,71
SLS2252D;DISJ MOTOR CHALLENGER 3P 25A 24-32A;1;R$ 210,92;4;6,5;R$ 13,70
SLS2251D;DISJ MOTOR CHALLENGER 3P 25A 4-6.3A;1;R$ 87,85;4;6,5;R$ 5,71
SLS2251E;DISJ MOTOR CHALLENGER 3P 25A 6-10A;1;R$ 105,46;4;6,5;R$ 6,85
SLS2802B;DISJ MOTOR CHALLENGER 3P 80A 25-40A;1;R$ 210,92;4;6,5;R$ 13,70
SLS2802C;DISJ MOTOR CHALLENGER 3P 80A 40-63A;1;R$ 363,34;4;6,5;R$ 23,61
SLS2802D;DISJ MOTOR CHALLENGER 3P 80A 56-80A;1;R$ 363,34;4;6,5;R$ 23,61
SLS2252C;DISJUNTOR MOTOR CHALLENGER 3P 25A 20-25A;1;R$ 108,37;4;6,5;R$ 7,04
SLS2251F;DISJUNTOR MOTOR CHALLENGER 3P 25A 9-14A;1;R$ 105,46;4;6,5;R$ 6,85
CHP38TP16M1;CH PART DIR 3F CHALLENGER 0.16CV 230VCA 0.63-1A;1;R$ 142,09;4;3,25;R$ 4,61
CHP38TP16QP63;CH PART DIR 3F CHALLENGER 0.16CV 400VCA 0.4-0.63A;1;R$ 142,09;4;3,25;R$ 4,61
CHP38TP1MP63;CH PART DIR 3F CHALLENGER 0.1CV 230VCA 0.4-0.63A;1;R$ 142,09;4;3,25;R$ 4,61
CHP38TP25M1P6;CH PART DIR 3F CHALLENGER 0.25CV 230VCA 1-1.6A;1;R$ 142,09;4;3,25;R$ 4,61
CHP38TP5M2P5;CH PART DIR 3F CHALLENGER 0.5CV 230VCA 1.6-2.5A;1;R$ 142,09;4;3,25;R$ 4,61
CHP38T1P5M6;CH PART DIR 3F CHALLENGER 1.5CV 230VCA 4-6A;1;R$ 142,09;4;3,25;R$ 4,61
CHP38T15M40;CH PART DIR 3F CHALLENGER 15CV 230VCA 30-40A;1;R$ 257,64;4;3,25;R$ 8,37
CHP95T15M40;CH PART DIR 3F CHALLENGER 15CV 230VCA 30-40A;1;R$ 257,64;4;3,25;R$ 8,37
CHP38T15Q25;CH PART DIR 3F CHALLENGER 15CV 400VCA 17-25A;1;R$ 176,64;4;3,25;R$ 5,74
CHP38T1M4;CH PART DIR 3F CHALLENGER 1CV 230VCA 2.5-4A;1;R$ 142,09;4;3,25;R$ 4,61
PRODUTO;DESCRICAO;LOTE MINIMO;PRECO;%ICMS;%IPI;IPI
CHP38T1Q2P5;CH PART DIR 3F CHALLENGER 1CV 400VCA 1.6-2.5A;1;R$ 142,09;4;3,25;R$ 4,61
CHP95T20M50;CH PART DIR 3F CHALLENGER 20CV 230VCA 37-50A;1;R$ 435,58;4;3,25;R$ 14,15
CHP38T20Q32;CH PART DIR 3F CHALLENGER 20CV 400VCA 23-32A;1;R$ 259,08;4;3,25;R$ 8,42
CHP95T25M65;CH PART DIR 3F CHALLENGER 25CV 230VCA 48-65A;1;R$ 504,04;4;3,25;R$ 16,38
CHP38T25Q40;CH PART DIR 3F CHALLENGER 25CV 400VCA 30-40A;1;R$ 352,33;4;3,25;R$ 11,45
CHP95T25Q40;CH PART DIR 3F CHALLENGER 25CV 400VCA 30-40A;1;R$ 352,33;4;3,25;R$ 11,45
CHP38T2M8;CH PART DIR 3F CHALLENGER 2CV 230VCA 5.5-8A;1;R$ 148,33;4;3,25;R$ 4,82
CHP38T2Q4;CH PART DIR 3F CHALLENGER 2CV 400VCA 2.5-4A;1;R$ 142,09;4;3,25;R$ 4,61
CHP95T30Q50;CH PART DIR 3F CHALLENGER 30CV 400VCA 37-50A;1;R$ 435,58;4;3,25;R$ 14,15
CHP95T35M93;CH PART DIR 3F CHALLENGER 35CV 230VCA 80-93A;1;R$ 467,10;4;3,25;R$ 15,18
CHP38T3M10;CH PART DIR 3F CHALLENGER 3CV 230VCA 7-10A;1;R$ 148,33;4;3,25;R$ 4,82
CHP38T3Q6;CH PART DIR 3F CHALLENGER 3CV 400VCA 4-6A;1;R$ 142,09;4;3,25;R$ 4,61
CHP95T40Q65;CH PART DIR 3F CHALLENGER 40CV 400VCA 48-65A;1;R$ 504,04;4;3,25;R$ 16,38
CHP38T4Q8;CH PART DIR 3F CHALLENGER 4CV 400VCA 5.5-8A;1;R$ 148,33;4;3,25;R$ 4,82
CHP95T50Q80;CH PART DIR 3F CHALLENGER 50CV 400VCA 63-80A;1;R$ 746,86;4;3,25;R$ 24,27
CHP38T5M18;CH PART DIR 3F CHALLENGER 5CV 230VCA 12-18A;1;R$ 167,14;4;3,25;R$ 5,43
CHP38T5Q10;CH PART DIR 3F CHALLENGER 5CV 400VCA 7-10A;1;R$ 148,33;4;3,25;R$ 4,82
CHP38T7P5M25;CH PART DIR 3F CHALLENGER 7.5CV 230VCA 17-25A;1;R$ 176,64;4;3,25;R$ 5,74
CHP38T7P5Q13;CH PART DIR 3F CHALLENGER 7.5CV 400VCA 9-13A;1;R$ 157,65;4;3,25;R$ 5,12
SDT25R2BT;CH PART DIR CHALLENGER D125A+D225Z2B 440V 15CV;1;R$ 203,95;4;3,25;R$ 6,62
CHP38T10M32;CHAVE PART DIR 3F CHALLENGER 220V 23-32A;1;R$ 259,08;4;3,25;R$ 8,42
CHP95T30M80;CHAVE PART DIR 3F CHALLENGER 220V 63-80A;1;R$ 746,86;4;3,25;R$ 24,27
CHP38T4M13;CHAVE PART DIR 3F CHALLENGER 220V 9-13A;1;R$ 157,65;4;3,25;R$ 5,12
CHP38T10Q18;CHAVE PART DIR 3F CHALLENGER 400VCA 12-18A;1;R$ 167,14;4;3,25;R$ 5,43
CHP95T60Q93;CHAVE PART DIR 3F CHALLENGER 400VCA 80-93A;1;R$ 467,10;4;3,25;R$ 15,18
51063017;ARRUELA TRAVA 63A 6H M-690 VERMELHA;1;R$ 7,38;7;9,75;R$ 0,71
2000279;ARTICULACAO CX S.178.P M544;1;R$ 37,65;7;9,75;R$ 3,67
2442111;BASE CX PASS ALT 474x396x78 M569;1;R$ 150,65;7;9,75;R$ 14,68
02SCE367;BASE CX S.CM.36/24N M507;1;R$ 135,17;7;9,75;R$ 13,17
02SCE483;BASE CX S.CM.48 BR M507;1;R$ 374,31;7;9,75;R$ 36,49
2610016;ESPELHO SHOCK BOX C/FUR TOM QUASAR S864X;1;R$ 49,33;7;9,75;R$ 4,80
2000278;PARAF PL ROSCA TRAPEZOIDAL M545;1;R$ 13,81;7;9,75;R$ 1,34
2032206;PARAFUSO 1/4 VOLTA CX EX-322 M392;1;R$ 5,43;7;9,75;R$ 0,52
02S1880150;PORTA S-188M COM TRAVA M511;1;R$ 110,57;7;9,75;R$ 10,78
2030603;TAMPA S-306 TRANSPARENTE M265;1;R$ 11,60;7;9,75;R$ 1,13
51000005;TERMINAL PVC 32A M687;1;R$ 1,03;7;9,75;R$ 0,10
02330403A;VISOR P/DISJ CX SM-03304 C/TRAVA M461;1;R$ 3,27;7;9,75;R$ 0,31
2000020;TRILHO FIX DISJ DIN CX CV/CM 244.0MM;1;R$ 2,65;7;9,75;R$ 0,25
51016008;SUPOR PINO 16A 3P;1;R$ 157,71;7;9,75;R$ 15,37
51016009;SUPOR PINO 16A 4P MT;1;R$ 189,15;7;9,75;R$ 18,44
24030810;SUPORTE BUCHA 30A 4P (Montada);1;R$ 621,63;7;9,75;R$ 60,60
19250CUP;SUPORTE PINO 3P+T+PIL 250A MT COBRE;1;R$ 734,66;7;9,75;R$ 71,62
02KIT12;KIT DE PARAFUSO E TRAVA PARA CENTRINHOS;1;R$ 0,99;7;9,75;R$ 0,09
63017;PARAF INJET CZ TIPO FENDA IMPERDI M129;250;R$ 3,07;7;9,75;R$ 0,29
2023104;PARAFUSO 1/4 DE VOLTA CZ M412;1;R$ 19,89;7;9,75;R$ 1,93
2023103;PARAFUSO 1/4 VOLTA (ART) M412;1;R$ 19,89;7;9,75;R$ 1,93
02SCM1223;PORTA CM12/8N OPAC BR WALL M559;1;R$ 24,98;7;9,75;R$ 2,43
02SCM163;PORTA CX S.CM.16 OPACA BR M552;1;R$ 8,07;7;9,75;R$ 0,78
02SCM2424;PORTA CX SCM24/16N OPAC WALL M572;1;R$ 4,64;7;9,75;R$ 0,45
19264;SUPORTE BUCHA 4P 200A FIB VID CU CR MONT DIAM 21.5;1;R$ 434,82;7;9,75;R$ 42,39
02SCM162;TAMPA CAIXA S.CM.16 BR M551;1;R$ 11,27;7;9,75;R$ 1,09
02SCM2421;TAMPA CX CM / CV 24 DIN BR;1;R$ 5,80;7;9,75;R$ 0,56
200040;TRILHO DIN PLAS SCV/SCM24 SCS/SCE36/48 TORRE M850;1;R$ 1,98;7;9,75;R$ 0,19
24060760;VEDACAO EXTERNA 60A M263 (R);1;R$ 5,01;7;9,75;R$ 0,48
U502468;LENOVO / WINDOWS 11 PRO 64;1;R$ 6.869,80;7;0;R$ 0,00
EVH5A11N2C5;CARREGADOR VEICULAR 11KW, 3P+N, COM CABO DE 5M;1;R$ 2.930,05;4;5;R$ 146,50
EVH5A11N2C7;CARREGADOR VEICULAR 11KW, 3P+N, COM CABO DE 7M;1;R$ 2.827,48;4;5;R$ 141,37
EVH5A22N2S;CARREGADOR VEICULAR 7,4/11/22KW, 1P/3PN, T2S;1;R$ 2.725,27;4;5;R$ 136,26
EVH5A07N2C5;CARREGADOR VEICULAR 7,4KW, 1P+N, COM CABO DE 5M;1;R$ 2.779,80;4;5;R$ 138,99
EVH5A07N2C7;CARREGADOR VEICULAR 7,4KW, 1P+N, COM CABO DE 7M C;1;R$ 2.793,39;4;5;R$ 139,66
CVES-0232;CARREGADOR VEICULAR STECK 220V 32A 7KW IP65;1;R$ 2.703,62;7;6,5;R$ 175,73
SCVECARD;CARTÃO RFID DESBLOQ DE RECARGA WALLBOX STECK;1;R$ 24,76;4;0;R$ 0,00
SCVEW11C5OC;Carregador Veicular Steck Wallbox AC 11KW C/ Cabo;1;R$ 2.229,72;4;5;R$ 111,48
SCVEW22C5OCD;Carregador Veicular Steck Wallbox AC 22KW C/ Cabo;1;R$ 3.448,36;4;5;R$ 172,41
SCVEW7C5OC;Carregador Veicular Steck Wallbox AC 7KW C/ Cabo 5;1;R$ 2.074,16;4;5;R$ 103,70
SCVEW7C5;Carregador Veicular Steck Wallbox AC 7KW C/ Cabo 5;1;R$ 1.400,04;4;5;R$ 70,00
SCVETOT;TOTEM DE INSTALAÇÃO PARA CARREGADOR WALLBOX STECK;1;R$ 1.711,70;4;0;R$ 0,00
SDR2100003;INTERRUPTOR DIFERENCIAL 2P 100A 30MA;1;R$ 105,38;4;6,5;R$ 6,84
SDR2125003;INTERRUPTOR DIFERENCIAL 2P 125A 30MA;1;R$ 242,36;4;6,5;R$ 15,75
SDR225300;INTERRUPTOR DIFERENCIAL 2P 25A 300MA;1;R$ 55,47;4;6,5;R$ 3,60
SDR22530;INTERRUPTOR DIFERENCIAL 2P 25A 30MA;1;R$ 51,85;4;6,5;R$ 3,37
SDR240300;INTERRUPTOR DIFERENCIAL 2P 40A 300MA;1;R$ 61,01;4;6,5;R$ 3,96
SDR24030;INTERRUPTOR DIFERENCIAL 2P 40A 30MA;1;R$ 57,02;4;6,5;R$ 3,70
SDR263300;INTERRUPTOR DIFERENCIAL 2P 63A 300MA;1;R$ 67,12;4;6,5;R$ 4,36
SDR26330;INTERRUPTOR DIFERENCIAL 2P 63A 30MA;1;R$ 62,73;4;6,5;R$ 4,07
SDR410003;INTERRUPTOR DIFERENCIAL 4P 100A 300MA;1;R$ 131,62;4;6,5;R$ 8,55
SDR4100003;INTERRUPTOR DIFERENCIAL 4P 100A 30MA;1;R$ 123,00;4;6,5;R$ 7,99
SDR412503;INTERRUPTOR DIFERENCIAL 4P 125A 300MA;1;R$ 439,71;4;6,5;R$ 28,58
SDR4125003;INTERRUPTOR DIFERENCIAL 4P 125A 30MA;1;R$ 282,90;4;6,5;R$ 18,38
SDR425300;INTERRUPTOR DIFERENCIAL 4P 25A 300MA;1;R$ 65,32;4;6,5;R$ 4,24
SDR42530;INTERRUPTOR DIFERENCIAL 4P 25A 30MA;1;R$ 62,20;4;6,5;R$ 4,04
SDR440300;INTERRUPTOR DIFERENCIAL 4P 40A 300MA;1;R$ 71,21;4;6,5;R$ 4,62
SDR44030;INTERRUPTOR DIFERENCIAL 4P 40A 30MA;1;R$ 66,56;4;6,5;R$ 4,32
SDR463300;INTERRUPTOR DIFERENCIAL 4P 63A 300MA;1;R$ 78,34;4;6,5;R$ 5,09
SDR463300E;INTERRUPTOR DIFERENCIAL 4P 63A 300MA 480V~;1;R$ 235,02;4;6,5;R$ 15,27
SDR46330;INTERRUPTOR DIFERENCIAL 4P 63A 30MA;1;R$ 73,22;4;6,5;R$ 4,75
SDR46330E;INTERRUPTOR DIFERENCIAL 4P 63A 30MA 480V~;1;R$ 235,02;4;6,5;R$ 15,27
SDR48003;INTERRUPTOR DIFERENCIAL 4P 80A 300MA;1;R$ 109,68;4;6,5;R$ 7,12
SDR480003;INTERRUPTOR DIFERENCIAL 4P 80A 30MA;1;R$ 102,50;4;6,5;R$ 6,66
PRODUTO;DESCRICAO;LOTE MINIMO;PRECO;%ICMS;%IPI;IPI
SDR280003;INTERRUPTOR DIFERENCIAL 80A 2P 30MA;1;R$ 87,82;4;6,5;R$ 5,70
CARTDPS65;CARTUCHO P/ DPS 65KA 275V CLASSE II;12;R$ 44,90;4;9,75;R$ 4,37
CARTDPS20V;CARTUCHO P/ DPS PROT SURT 20KA 275V CLASSE II;240;R$ 28,69;4;15;R$ 4,30
CARTDPS40V;CARTUCHO P/ DPS PROT SURT 40KA 275V CLASSE II;240;R$ 34,02;4;15;R$ 5,10
CARTDPS65V;CARTUCHO P/ DPS PROT SURT 65KA 275V CLASSE II;240;R$ 44,90;4;15;R$ 6,73
DPS15275V;DPS PROT SURT C/ CARTUCHO 15KA 275V CLASSE II;1;R$ 19,90;4;9,75;R$ 1,94
DPS20275V;DPS PROT SURT C/ CARTUCHO 20KA 275V CLASSE II;12;R$ 20,89;4;9,75;R$ 2,03
DPS40275V;DPS PROT SURT C/ CARTUCHO 40KA 275V CLASSE II;12;R$ 27,15;4;9,75;R$ 2,64
DPS65275V;DPS PROT SURT C/ CARTUCHO 65KA 275V CLASSE II;12;R$ 43,45;4;9,75;R$ 4,23
DPS40275C;PROT SUR C/ CARTUCHO 40KA 275V CLASSE II;12;R$ 27,15;4;9,75;R$ 2,64
DPSYPV40;PROT SUR STECKELETRONIC 40KA 1000VCC;12;R$ 83,81;4;9,75;R$ 8,17
SMDCUPS1;CONTROLE UNIVERSAL WI-FI INFRAVERMELHO SMARTECK;1;R$ 53,47;4;13;R$ 6,95
SLAMP3;FITA DE LED RGB+ 3 METROS STECK AMBIENTE CONECTADO;1;R$ 88,46;4;6,5;R$ 5,74
KITECOMM011;KIT 5 LAMPADAS 12W STECK AMBIENTE CONECTADO;1;R$ 105,51;7;6,5;R$ 6,85
KITECOMM002;KIT 5 LAMPADAS 7W STECK AMBIENTE CONECTADO;1;R$ 78,71;7;3,25;R$ 2,55
KITECOMM023;KIT 5 LAMPADAS SPOT GU10 4.8W STECK AMBIENTE CONEC;1;R$ 86,16;7;6,5;R$ 5,60
KITECOMM004;KIT LAMPADA 12W + TOMADA STECK AMBIENTE CONECTADO;1;R$ 41,25;7;6,5;R$ 2,68
SLAMP1;LAMPADA RGB+ E27 STECK AMBIENTE CONECTADO 12W;1;R$ 23,68;4;6,5;R$ 1,53
SMAL2US1;LAMPADA SMARTECK RGB E27 12W BIVOLT;1;R$ 44,17;4;6,5;R$ 2,87
SMAL1US1;LAMPADA SMARTECK RGB E27 7W BIVOLT;1;R$ 33,12;4;6,5;R$ 2,15
SMAL3US1;LAMPADA SPOT SMARTECK 4.8W;1;R$ 38,64;4;6,5;R$ 2,51
SLAMP2;LAMPADA SPOT STECK AMBIENTE CONECTADO 4.8W;1;R$ 30,25;4;6,5;R$ 1,96
SMDHUBS1;HUB ZIGBEE P/ CONTROLE DE SENSORES STECK AMBIENTE;1;R$ 126,89;4;9,75;R$ 12,37
SMPM1US1;MEDIDOR DE POTENCIA WIFI STECK AMBIENTE CONECTADO;1;R$ 213,05;4;3,25;R$ 6,92
SMDS2BS1;SENSOR DE ABERTURA STECK AMBIENTE CONECTADO (NECES;1;R$ 63,42;4;15;R$ 9,51
SMDS1BS1;SENSOR DE MOVIMENTO STECK AMBIENTE CONECTADO (NECE;1;R$ 78,64;4;15;R$ 11,79
SMDTSBS1;TERMOSTATO P/ CONTROLE DE AR CONDICIONADO STECK AM;1;R$ 531,85;4;9,75;R$ 51,85
SLOCK3PS1;FECHADURA INTELIGENTE COM MACANETA STECK AMBIENTE;1;R$ 450,00;4;0;R$ 0,00
SLOCK5PS1;FECHADURA INTELIGENTE COM RECONHECIMENTO FACIAL ST;1;R$ 1.125,08;4;0;R$ 0,00
KITECOMM001;KIT FECHADURA AMBIENTE CONECTADO + PILHA ALCALINA;1;R$ 379,72;7;0;R$ 0,00
SCAM6BS1;CAMERA DE SEGURANCA EXTERNA FIXA COM BATERIA STECK;1;R$ 227,35;4;15;R$ 34,10
SCAM5BS1;CAMERA DE SEGURANCA EXTERNA FIXA LIGHT (VISAO NOTU;1;R$ 176,81;4;15;R$ 26,52
SCAM7BS1;CAMERA DE SEGURANCA EXTERNA FIXA SOLAR STECK AMBIE;1;R$ 262,71;4;15;R$ 39,40
SCAM2BS1;CAMERA DE SEGURANCA EXTERNA FIXA STECK AMBIENTE CO;1;R$ 116,16;4;15;R$ 17,42
SCAM4BS1;CAMERA DE SEGURANCA EXTERNA PTZ 360 STECK AMBIENTE;1;R$ 176,81;4;15;R$ 26,52
SCAM3BS1;CAMERA DE SEGURANCA INTERNA PTZ 360 STECK AMBIENTE;1;R$ 111,12;4;15;R$ 16,66
SMBC1BS1;CAMERA DE SEGURANCA INTERNA SMARTECK;1;R$ 99,46;4;15;R$ 14,91
SMBC2BS2;FOTO PORTEIRO STECK AMBIENTE CONECTADO;1;R$ 127,63;4;10;R$ 12,76
KITECOMM015;KIT 2 CAMERAS INTERNAS STECK AMBIENTE CONECTADO;1;R$ 161,87;7;0;R$ 0,00
SMBC1BS2;VIDEO PORTEIRO STECK AMBIENTE CONECTADO;1;R$ 265,79;4;10;R$ 26,57
SINTZ2P1;"INTERRUPTOR MECANICO STECK AMBIENTE CONECTADO 4X2""";1;R$ 118,71;4;3,25;R$ 3,85
SINTZ3C1;"INTERRUPTOR MECANICO STECK AMBIENTE CONECTADO 4X2""";1;R$ 130,02;4;9,75;R$ 12,67
SINTZ3P1;"INTERRUPTOR MECANICO STECK AMBIENTE CONECTADO 4X2""";1;R$ 130,02;4;3,25;R$ 4,22
SINTZ3B1;"INTERRUPTOR MECANICO STECK AMBIENTE CONECTADO 4X2""";1;R$ 124,36;4;3,25;R$ 4,04
SINTZ1P1;"INTERRUPTOR MECANICO STECK AMBIENTE CONECTADO 4X2""";1;R$ 107,40;4;3,25;R$ 3,49
SINTZ2C1;"INTERRUPTOR MECANICO STECK AMBIENTE CONECTADO 4X2""";1;R$ 118,71;4;9,75;R$ 11,57
SINTZ1C1;"INTERRUPTOR MECANICO STECK AMBIENTE CONECTADO 4X2""";1;R$ 107,40;4;9,75;R$ 10,47
SINTZ2B1;"INTERRUPTOR MECANICO STECK AMBIENTE CONECTADO 4X2""";1;R$ 113,05;4;3,25;R$ 3,67
SINTZ1B1;"INTERRUPTOR MECANICO STECK AMBIENTE CONECTADO 4X2""";1;R$ 101,75;4;3,25;R$ 3,30
SMCI4PS1;"INTERRUPTOR SMARTECK 4X2"" 4 MODULOS TOUCH PRETO";1;R$ 168,48;4;3,25;R$ 5,47
SMCD1BS1;"INTERRUPTOR SMARTECK 4X2"" DIMMER TOUCH BRANCO";1;R$ 168,48;4;3,25;R$ 5,47
SMCD1PS1;"INTERRUPTOR SMARTECK 4X2"" DIMMER TOUCH PRETO";1;R$ 168,48;4;3,25;R$ 5,47
SMCV1BS1;"INTERRUPTOR SMARTECK 4X2"" VENTILADOR TOUCH BRANCO";1;R$ 168,48;4;3,25;R$ 5,47
SMCV1PS1;"INTERRUPTOR SMARTECK 4X2"" VENTILADOR TOUCH PRETO";1;R$ 168,48;4;3,25;R$ 5,47
SMCI4PS2;"INTERRUPTOR SMARTECK 4X4"" 4 MODULOS TOUCH PRETO";1;R$ 196,56;4;3,25;R$ 6,38
SMCI4BS2;"INTERRUPTOR SMARTECK 4X4"" 4 MÓDULOS TOUCH BRANCO";1;R$ 196,56;4;3,25;R$ 6,38
SMCI6PS2;"INTERRUPTOR SMARTECK 4X4"" 6 MÓDULOS TOUCH PRETO";1;R$ 202,18;4;3,25;R$ 6,57
SINT4P2;"INTERRUPTOR STECK AMBIENTE CONECTADO 4X4"" 4 MODULO";1;R$ 107,40;4;3,25;R$ 3,49
SINT1B1;"INTERRUPTOR WI-FI 4X2"" 1 MÓDULO BRANCO STECK AMBIE";1;R$ 56,50;4;3,25;R$ 1,83
SINT1P1;"INTERRUPTOR WI-FI 4X2"" 1 MÓDULO PRETO STECK AMBIEN";1;R$ 56,50;4;3,25;R$ 1,83
SINT2P1B1;"INTERRUPTOR WI-FI 4X2"" 2 MÓDULOS + TOMADA BRANCO S";1;R$ 101,75;4;3,25;R$ 3,30
SINT2P1P1;"INTERRUPTOR WI-FI 4X2"" 2 MÓDULOS + TOMADA PRETO ST";1;R$ 101,75;4;3,25;R$ 3,30
SINT2B1;"INTERRUPTOR WI-FI 4X2"" 2 MÓDULOS BRANCO STECK AMBI";1;R$ 62,15;4;3,25;R$ 2,01
SINT2P1;"INTERRUPTOR WI-FI 4X2"" 2 MÓDULOS PRETO STECK AMBIE";1;R$ 62,15;4;3,25;R$ 2,01
SINT3B1;"INTERRUPTOR WI-FI 4X2"" 3 MÓDULOS BRANCO STECK AMBI";1;R$ 73,46;4;3,25;R$ 2,38
SINT3P1;"INTERRUPTOR WI-FI 4X2"" 3 MÓDULOS PRETO STECK AMBIE";1;R$ 73,46;4;3,25;R$ 2,38
SINT4B1;"INTERRUPTOR WI-FI 4X2"" 4 MÓDULOS BRANCO STECK AMBI";1;R$ 79,12;4;3,25;R$ 2,57
SINT4P1;"INTERRUPTOR WI-FI 4X2"" 4 MÓDULOS PRETO STECK AMBIE";1;R$ 79,12;4;3,25;R$ 2,57
SINT4P2B2;"INTERRUPTOR WI-FI 4X4"" 4 MÓDULOS + 2 TOMADAS BRANC";1;R$ 130,02;4;3,25;R$ 4,22
SINT4P2P2;"INTERRUPTOR WI-FI 4X4"" 4 MÓDULOS + 2 TOMADAS PRETO";1;R$ 130,02;4;3,25;R$ 4,22
SINT4B2;"INTERRUPTOR WI-FI 4X4"" 4 MÓDULOS BRANCO STECK AMBI";1;R$ 107,40;4;3,25;R$ 3,49
SINT6B2;"INTERRUPTOR WI-FI 4X4"" 6 MÓDULOS BRANCO STECK AMBI";1;R$ 113,07;4;3,25;R$ 3,67
SINT6P2;"INTERRUPTOR WI-FI 4X4"" 6 MÓDULOS PRETO STECK AMBIE";1;R$ 113,07;4;3,25;R$ 3,67
KITECOMM013;"KIT 2 INTERRUPTORES 4X2"" 2 MODULOS TOUCH BRANCO ST";1;R$ 72,11;7;3,25;R$ 2,34
KITECOMM014;"KIT 2 INTERRUPTORES 4X2"" 3 MODULOS TOUCH BRANCO ST";1;R$ 106,65;7;3,25;R$ 3,46
KITECOMM018;"KIT 2 INTERRUPTORES 4X2"" 3 MODULOS TOUCH PRETO STE";1;R$ 93,01;7;3,25;R$ 3,02
KITECOMM005;"KIT 2 INTERRUPTORES 4X2"" 4 MODULOS TOUCH BRANCO ST";1;R$ 137,65;7;3,25;R$ 4,47
KITECOMM010;"KIT 2 INTERRUPTORES 4X2"" 4 MODULOS TOUCH PRETO STE";1;R$ 144,67;7;3,25;R$ 4,70
KITECOMM006;"KIT 2 INTERRUPTORES 4X4"" 4 MODULOS TOUCH BRANCO ST";1;R$ 173,61;7;3,25;R$ 5,64
KITECOMM009;"KIT 2 INTERRUPTORES 4X4"" 4 MODULOS TOUCH PRETO STE";1;R$ 173,61;7;3,25;R$ 5,64
KITECOMM019;"KIT 2 INTERRUPTORES 4X4"" 6 MODULOS TOUCH PRETO STE";1;R$ 192,92;7;3,25;R$ 6,26
KITECOMM021;KIT 2 MODULOS INTERRUPTOR INTERNO MINI STECK AMBIE;1;R$ 77,11;7;3,25;R$ 2,50
SMCIIUS4;MODULO DE INTERRUPTOR INTERNO MINI 2 CANAIS STECK;1;R$ 66,75;4;3,25;R$ 2,16
SMCIIUS5;MODULO DE INTERRUPTOR INTERNO MINI 3 CANAIS STECK;1;R$ 77,04;4;3,25;R$ 2,50
SMCIIUS2;MODULO DE INTERRUPTOR INTERNO MINI SMARTECK;1;R$ 45,19;4;3,25;R$ 1,46
SMCIIUS3;MODULO RELE P/ PERSIANA STECK AMBIENTE CONECTADO;1;R$ 77,04;4;3,25;R$ 2,50
SPLUG1US2;PLUGUE INTELIGENTE 2P+T 20A STECK AMBIENTE CONECTA;1;R$ 39,53;4;3,25;R$ 1,28
SMCT1US2;TOMADA / PLUGUE INTELIGENTE 10A STECK AMBIENTE CON;1;R$ 31,97;4;9,75;R$ 3,11
EZ9L33120;PROTETOR DE SURTO EASY9 1P 20KA CLASSE II;1;R$ 28,16;4;9,75;R$ 2,74
PRODUTO;DESCRICAO;LOTE MINIMO;PRECO;%ICMS;%IPI;IPI
EZ9L33145;PROTETOR DE SURTO EASY9 1P 45KA CLASSE II;1;R$ 36,61;4;9,75;R$ 3,56
EZ9R33225;INTERRUPTOR DIFERENCIAL RESIDUAL EASY9 2P 30MA 25A;1;R$ 69,85;4;6,5;R$ 4,53
EZ9R33240;INTERRUPTOR DIFERENCIAL RESIDUAL EASY9 2P 30MA 40A;1;R$ 76,85;4;6,5;R$ 4,99
EZ9R33263;INTERRUPTOR DIFERENCIAL RESIDUAL EASY9 2P 30MA 63A;1;R$ 84,53;4;6,5;R$ 5,49
EZ9R33325;INTERRUPTOR DIFERENCIAL RESIDUAL EASY9 3P 30MA 25A;1;R$ 80,34;4;6,5;R$ 5,22
EZ9R33340;INTERRUPTOR DIFERENCIAL RESIDUAL EASY9 3P 30MA 40A;1;R$ 88,37;4;6,5;R$ 5,74
EZ9R33363;INTERRUPTOR DIFERENCIAL RESIDUAL EASY9 3P 30MA 63A;1;R$ 97,21;4;6,5;R$ 6,31
EZ9R33380;INTERRUPTOR DIFERENCIAL RESIDUAL EASY9 3P 30MA 80A;1;R$ 126,38;4;6,5;R$ 8,21
EZ9R33425;INTERRUPTOR DIFERENCIAL RESIDUAL EASY9 4P 30MA 25A;1;R$ 83,84;4;6,5;R$ 5,44
EZ9R33440;INTERRUPTOR DIFERENCIAL RESIDUAL EASY9 4P 30MA 40A;1;R$ 92,23;4;6,5;R$ 5,99
EZ9R33463;INTERRUPTOR DIFERENCIAL RESIDUAL EASY9 4P 30MA 63A;1;R$ 101,44;4;6,5;R$ 6,58
EZ9R33480;INTERRUPTOR DIFERENCIAL RESIDUAL EASY9 4P 30MA 80A;1;R$ 142,02;4;6,5;R$ 9,22
S1632T;BASE SOBREPOR TOMADA BLOQUEIO MEC COMPACTO 16/32A;1;R$ 61,54;7;9,75;R$ 6,00
SS4006MIT;CHAVE BLOQ LIG/DES/T SURELOCK 3P+T 16A 380/440VCA;1;R$ 798,23;7;9,75;R$ 77,82
S63300006;CONJ BLOQ MEC 3P+T 32A 380/415V 6H VM IDR DJM IP56;1;R$ 3.637,95;7;9,75;R$ 354,70
S63300014;CONJ BQ MEC 2P+T 16A 200/250V 6H AZ IP66;1;R$ 1.792,01;7;9,75;R$ 174,72
S63300013;CONJ BQ MEC 2P+T 32A 200/250V 6H AZ IP66;1;R$ 1.971,21;7;9,75;R$ 192,19
S63300018;CONJ BQ MEC 3P+T 125A 380/415V 6H VM BQ AL DR;1;R$ 5.467,53;7;9,75;R$ 533,08
S63300012ES;CONJ BQ MEC 3P+T 63A 380/440V 6H VM IP66;1;R$ 2.207,76;7;9,75;R$ 215,25
S63300012;CONJ BQ MEC 3P+T 63A 380/440V 6H VM IP66;1;R$ 2.207,76;7;9,75;R$ 215,25
S63300005;CONJ BQ MECAN SURELOCK 3P+T 32A 380/440V 6H DUPL;1;R$ 3.228,56;7;9,75;R$ 314,78
S63300007;CONJ BQ MECAN SURELOCK 3P+T 32A 380/440V 6H TETRA;1;R$ 5.438,97;7;9,75;R$ 530,29
S4506D66;CONJ TOM SOB 4P 63A 380/440V 6H VM DUPLO;1;R$ 5.013,54;7;9,75;R$ 488,82
S04806KTM;KIT MANOPLA TOM SOB S-4806BWMR;1;R$ 44,34;7;9,75;R$ 4,32
S4509BKIT;KIT TAMPA TRAVA BQ MEC 63A 4P AZ;240;R$ 14,87;7;9,75;R$ 1,44
S4209DKIT;KIT TAMPA TRAVA S4209D;240;R$ 14,87;7;9,75;R$ 1,44
S3044T;TOM EMB SURELOCK 2P+T 16A 100/130V 4H AM BQ IP44;1;R$ 234,73;7;9,75;R$ 22,88
S3046T;TOM EMB SURELOCK 2P+T 16A 200/250 6H AZ BQ IP44;1;R$ 234,73;7;9,75;R$ 22,88
S3049T;TOM EMB SURELOCK 2P+T 16A 380/415V 9H VM BQ IP44;1;R$ 234,73;7;9,75;R$ 22,88
S3244T;TOM EMB SURELOCK 2P+T 32A 100/130V 4H AM BQ;1;R$ 258,45;7;9,75;R$ 25,19
S3246T;TOM EMB SURELOCK 2P+T 32A 200/250V 6H AZ BQ IP44;1;R$ 258,45;7;9,75;R$ 25,19
S5046T;TOM EMB SURELOCK 3P+N+T 16A 380/440V 6H VM BQ;1;R$ 276,22;7;9,75;R$ 26,93
S50411T;TOM EMB SURELOCK 3P+N+T 16A 440/460V 11H VM IP44;1;R$ 507,69;7;9,75;R$ 49,49
S5249T;TOM EMB SURELOCK 3P+N+T 32A 200/250V 9H AZ BQ;1;R$ 352,08;7;9,75;R$ 34,32
S5246T;TOM EMB SURELOCK 3P+N+T 32A 380/415V 6H VM BQ IP44;1;R$ 352,08;7;9,75;R$ 34,32
S4049T;TOM EMB SURELOCK 3P+T 16A 200/250V 9H AZ BQ IP44;1;R$ 272,80;7;9,75;R$ 26,59
S4046T;TOM EMB SURELOCK 3P+T 16A 380/415V 6H VM BQ IP44;1;R$ 272,80;7;9,75;R$ 26,59
S4249T;TOM EMB SURELOCK 3P+T 32A 200/250V 9H AZ BQ IP44;1;R$ 309,62;7;9,75;R$ 30,18
S4246T;TOM EMB SURELOCK 3P+T 32A 380/415V 6H VM BQ IP44;1;R$ 309,62;7;9,75;R$ 30,18
S4546TRM;TOM EMB SURELOCK 3P+T 63A 380/415V 6H VM BQ AL;1;R$ 1.157,52;7;9,75;R$ 112,85
SEVC12;TOM SOB P/EVC 2P+T 32A 220V DISJ IDR DPS IP65;1;R$ 639,29;7;9,75;R$ 62,33
S4509D2P;TOM SOB SURELOCK 2P+N+PE 63A 200/250V 9H AZ IP67;1;R$ 4.329,72;7;9,75;R$ 422,14
S3606D;TOM SOB SURELOCK 2P+T 125A 200/250V 6H AZ MDJ IP67;1;R$ 6.183,42;7;9,75;R$ 602,88
S3609DR;TOM SOB SURELOCK 2P+T 125A 380/415V 9H VM DR IP67;1;R$ 7.438,13;7;9,75;R$ 725,21
SS3004B;TOM SOB SURELOCK 2P+T 16A 100/130V 4H AM BQ IP67;1;R$ 424,48;7;9,75;R$ 41,38
SS3004DDR;TOM SOB SURELOCK 2P+T 16A 100/130V 4H AM DDR IP67;1;R$ 683,21;4;9,75;R$ 66,61
SS3004D;TOM SOB SURELOCK 2P+T 16A 100/130V 4H AM DJ IP67;1;R$ 527,54;7;15;R$ 79,13
SS3004DR;TOM SOB SURELOCK 2P+T 16A 100/130V 4H AM DR IP67;1;R$ 641,60;7;15;R$ 96,24
SS3006B;TOM SOB SURELOCK 2P+T 16A 200/250V 6H AZ BQ IP67;1;R$ 424,48;7;9,75;R$ 41,38
SS3006DDR;TOM SOB SURELOCK 2P+T 16A 200/250V 6H AZ DDR IP67;1;R$ 717,37;4;9,75;R$ 69,94
SS3006D;TOM SOB SURELOCK 2P+T 16A 200/250V 6H AZ DJ BQ;1;R$ 480,67;7;9,75;R$ 46,86
S3006D;TOM SOB SURELOCK 2P+T 16A 200/250V 6H AZ DJ BQ;1;R$ 479,58;7;15;R$ 71,93
SS3006DD;TOM SOB SURELOCK 2P+T 16A 200/250V 6H AZ DJM IP67;1;R$ 649,06;4;9,75;R$ 63,28
SS3006DR;TOM SOB SURELOCK 2P+T 16A 200/250V 6H AZ DR IP67;1;R$ 584,61;7;9,75;R$ 56,99
SS3009B;TOM SOB SURELOCK 2P+T 16A 380/415V 9H VM BQ IP67;1;R$ 424,48;7;9,75;R$ 41,38
SS3009DDR;TOM SOB SURELOCK 2P+T 16A 380/415V 9H VM DDR IP67;1;R$ 683,21;4;9,75;R$ 66,61
SS3009D;TOM SOB SURELOCK 2P+T 16A 380/415V 9H VM DJ IP67;1;R$ 480,67;7;9,75;R$ 46,86
SS3009DD;TOM SOB SURELOCK 2P+T 16A 380/415V 9H VM DJM IP67;1;R$ 649,06;4;9,75;R$ 63,28
SS3009DR;TOM SOB SURELOCK 2P+T 16A 380/415V 9H VM DR IP67;1;R$ 636,92;7;15;R$ 95,53
S3804DDR;TOM SOB SURELOCK 2P+T 200A 100/130V 4H AM BQ AL DJ;1;R$ 14.694,83;7;9,75;R$ 1.432,74
S3806DDR;TOM SOB SURELOCK 2P+T 200A 200/250V 6H AZ BQ AL DJ;1;R$ 14.694,83;7;9,75;R$ 1.432,74
S3809DDR;TOM SOB SURELOCK 2P+T 200A 380/440V 9H VM BQ AL DJ;1;R$ 14.694,83;7;9,75;R$ 1.432,74
SS3204B;TOM SOB SURELOCK 2P+T 32A 100/130V 4H AM BQ IP67;1;R$ 450,72;7;9,75;R$ 43,94
SS3204DDR;TOM SOB SURELOCK 2P+T 32A 100/130V 4H AM DDR IP67;1;R$ 751,53;4;9,75;R$ 73,27
SS3204D;TOM SOB SURELOCK 2P+T 32A 100/130V 4H AM DJ IP67;1;R$ 449,47;7;9,75;R$ 43,82
SS3204DR;TOM SOB SURELOCK 2P+T 32A 100/130V 4H AM DR IP67;1;R$ 675,37;7;15;R$ 101,30
SS3206B;TOM SOB SURELOCK 2P+T 32A 200/250V 6H AZ BQ;1;R$ 450,72;7;9,75;R$ 43,94
SS3206DDR;TOM SOB SURELOCK 2P+T 32A 200/250V 6H AZ DDR IP67;1;R$ 751,53;4;9,75;R$ 73,27
SS3206D;TOM SOB SURELOCK 2P+T 32A 200/250V 6H AZ DJ BQ;1;R$ 516,87;7;9,75;R$ 50,39
SS3206DR;TOM SOB SURELOCK 2P+T 32A 200/250V 6H AZ DR IP67;1;R$ 615,38;7;9,75;R$ 59,99
SS3209B;TOM SOB SURELOCK 2P+T 32A 380/415V 9H VM BQ IP67;1;R$ 450,72;7;9,75;R$ 43,94
SS3209DDR;TOM SOB SURELOCK 2P+T 32A 380/415V 9H VM DDR IP67;1;R$ 751,53;4;9,75;R$ 73,27
SS3209DR;TOM SOB SURELOCK 2P+T 32A 380/415V 9H VM IDR IP67;1;R$ 675,37;7;15;R$ 101,30
S3504DDR;TOM SOB SURELOCK 2P+T 63A 100/130V 4H AM DDR IP67;1;R$ 2.971,98;4;9,75;R$ 289,76
S3506B;TOM SOB SURELOCK 2P+T 63A 200/250V 6H AZ BQ IP67;1;R$ 1.093,85;7;9,75;R$ 106,65
S3506DDR;TOM SOB SURELOCK 2P+T 63A 200/250V 6H AZ DDR IP67;1;R$ 2.971,98;4;9,75;R$ 289,76
S3506D;TOM SOB SURELOCK 2P+T 63A 200/250V 6H AZ DJ IP67;1;R$ 1.384,52;7;9,75;R$ 134,99
S3506DR;TOM SOB SURELOCK 2P+T 63A 200/250V 6H AZ IDR IP67;1;R$ 2.770,60;7;15;R$ 415,59
S3509B;TOM SOB SURELOCK 2P+T 63A 380/415V 9H VM BQ IP67;1;R$ 1.093,85;7;9,75;R$ 106,65
S3509DDR;TOM SOB SURELOCK 2P+T 63A 380/415V 9H VM DDR IP67;1;R$ 2.971,98;4;9,75;R$ 289,76
S3509D;TOM SOB SURELOCK 2P+T 63A 380/415V 9H VM DJ IP67;1;R$ 1.384,52;7;15;R$ 207,67
S3509DJ;TOM SOB SURELOCK 2P+T 63A 380/415V 9H VM DJ IP67;1;R$ 1.261,52;7;9,75;R$ 122,99
SS3006B3;TOM SOB SURELOCK 3P 016A 200/250V 6H AZ BQ DJ DR;1;R$ 807,69;7;9,75;R$ 78,74
S5606B;TOM SOB SURELOCK 3P+N+T 125A 380/415V 6H VM IP67;1;R$ 5.169,20;7;9,75;R$ 503,99
S56011B;TOM SOB SURELOCK 3P+N+T 125A 440/460V 11H VM IP67;1;R$ 3.762,05;7;15;R$ 564,30
S5607B;TOM SOB SURELOCK 3P+N+T 125A 480/500V 7H PT IP67;1;R$ 4.525,73;7;15;R$ 678,85
SS5009DDR;TOM SOB SURELOCK 3P+N+T 16A 200/250V 9H AZ DDR 67;1;R$ 813,03;4;9,75;R$ 79,27
SS5009D;TOM SOB SURELOCK 3P+N+T 16A 200/250V 9H AZ DJ BQ;1;R$ 623,02;7;9,75;R$ 60,74
SS5009DR;TOM SOB SURELOCK 3P+N+T 16A 200/250V 9H AZ DR IP67;1;R$ 709,15;7;15;R$ 106,37
PRODUTO;DESCRICAO;LOTE MINIMO;PRECO;%ICMS;%IPI;IPI
SS5009B;TOM SOB SURELOCK 3P+N+T 16A 200/250V 9H AZ IP67;1;R$ 539,36;7;9,75;R$ 52,58
SS5006B;TOM SOB SURELOCK 3P+N+T 16A 380/415V 6H VM BQ IP67;1;R$ 539,36;7;9,75;R$ 52,58
SS5006D;TOM SOB SURELOCK 3P+N+T 16A 380/415V 6H VM DJ IP67;1;R$ 623,02;7;9,75;R$ 60,74
SS5006DR;TOM SOB SURELOCK 3P+N+T 16A 380/415V 6H VM DR IP67;1;R$ 646,15;7;9,75;R$ 62,99
SS5006DDR;TOM SOB SURELOCK 3P+N+T 16A 380/415V 6H VM DR IP67;1;R$ 813,03;4;9,75;R$ 79,27
S5809DDR;TOM SOB SURELOCK 3P+N+T 200A 200/250V 9H AZ BQ AL;1;R$ 15.239,08;7;9,75;R$ 1.485,81
S5805DDR;TOM SOB SURELOCK 3P+N+T 200A 600/690V 5H PT BQ AL;1;R$ 15.239,08;7;9,75;R$ 1.485,81
S5805B;TOM SOB SURELOCK 3P+N+T 200A 600/690V 5H PT BQ AL;1;R$ 11.175,32;7;9,75;R$ 1.089,59
S5209T;TOM SOB SURELOCK 3P+N+T 32A 200/250V 9H AZ BQ;1;R$ 554,32;7;15;R$ 83,14
SS5209B;TOM SOB SURELOCK 3P+N+T 32A 200/250V 9H AZ BQ IP67;1;R$ 555,58;7;9,75;R$ 54,16
SS5209DDR;TOM SOB SURELOCK 3P+N+T 32A 200/250V 9H AZ DDR 67;1;R$ 854,01;4;9,75;R$ 83,26
SS5209D;TOM SOB SURELOCK 3P+N+T 32A 200/250V 9H AZ DJ IP67;1;R$ 563,45;7;9,75;R$ 54,93
SS5209DR;TOM SOB SURELOCK 3P+N+T 32A 200/250V 9H AZ DR IP67;1;R$ 742,92;7;15;R$ 111,43
SS5206DR;TOM SOB SURELOCK 3P+N+T 32A 380/415V 6H VM BQ IP67;1;R$ 650,72;7;9,75;R$ 63,44
SS5206B;TOM SOB SURELOCK 3P+N+T 32A 380/415V 6H VM BQ IP67;1;R$ 555,58;7;9,75;R$ 54,16
SS5206DDR;TOM SOB SURELOCK 3P+N+T 32A 380/415V 6H VM DDR;1;R$ 907,07;7;9,75;R$ 88,43
SS5206D;TOM SOB SURELOCK 3P+N+T 32A 380/415V 6H VM DJ IP67;1;R$ 647,99;7;9,75;R$ 63,17
SS5206DD;TOM SOB SURELOCK 3P+N+T 32A 380/415V 6H VM DM IP67;1;R$ 798,23;7;9,75;R$ 77,82
SS52011B;TOM SOB SURELOCK 3P+N+T 32A 440/460V 11H VM IP67;1;R$ 776,69;7;15;R$ 116,50
SA5509DDJ;TOM SOB SURELOCK 3P+N+T 63A 200/250V 9H AZ BQ AL D;1;R$ 3.715,37;7;9,75;R$ 362,24
S5509DJ;TOM SOB SURELOCK 3P+N+T 63A 200/250V 9H AZ DJ BQ;1;R$ 1.443,29;7;9,75;R$ 140,72
S5509D;TOM SOB SURELOCK 3P+N+T 63A 200/250V 9H AZ DJ IP67;1;R$ 1.443,29;7;9,75;R$ 140,72
S5509DR;TOM SOB SURELOCK 3P+N+T 63A 200/250V 9H AZ DR IP67;1;R$ 2.465,15;7;15;R$ 369,77
S5509DDR;TOM SOB SURELOCK 3P+N+T 63A 200/250V 9H AZ DR IP67;1;R$ 3.142,79;4;9,75;R$ 306,42
S5506B;TOM SOB SURELOCK 3P+N+T 63A 380/415V 6H VM BQ IP67;1;R$ 1.284,71;7;9,75;R$ 125,25
S5506DJ;TOM SOB SURELOCK 3P+N+T 63A 380/415V 6H VM DJ IP67;1;R$ 1.443,29;7;9,75;R$ 140,72
S5506DDR;TOM SOB SURELOCK 3P+N+T 63A 380/415V 6H VM DR IP67;1;R$ 3.142,79;4;9,75;R$ 306,42
S5506DR;TOM SOB SURELOCK 3P+N+T 63A 380/415V 6H VM DR IP67;1;R$ 2.246,15;7;9,75;R$ 218,99
S55011DDJ;TOM SOB SURELOCK 3P+N+T 63A 440/460V 11H VM DJM;1;R$ 2.018,58;4;15;R$ 302,78
S55011B;TOM SOB SURELOCK 3P+N+T 63A 440/460V 11H VM IP67;1;R$ 1.691,98;7;15;R$ 253,79
S5505B;TOM SOB SURELOCK 3P+N+T 63A 600/690V 5H PT BQ;1;R$ 1.541,68;7;9,75;R$ 150,31
S4609B;TOM SOB SURELOCK 3P+T 125A 200/250V 9H AZ BQ IP67;1;R$ 5.046,14;7;9,75;R$ 491,99
S4609D;TOM SOB SURELOCK 3P+T 125A 200/250V 9H AZ MDJ IP67;1;R$ 5.363,86;7;9,75;R$ 522,97
S4606B;TOM SOB SURELOCK 3P+T 125A 380/415V 6H VM BQ IP67;1;R$ 4.045,24;7;9,75;R$ 394,41
S4606BTECN;TOM SOB SURELOCK 3P+T 125A 380/415V 6H VM BQ IP67;1;R$ 13.926,20;7;9,75;R$ 1.357,80
S4606DDR;TOM SOB SURELOCK 3P+T 125A 380/415V 6H VM DDR IP55;1;R$ 7.763,45;4;9,75;R$ 756,93
S4606DR;TOM SOB SURELOCK 3P+T 125A 380/415V 6H VM IDR IP67;1;R$ 7.619,54;7;9,75;R$ 742,90
S4606D;TOM SOB SURELOCK 3P+T 125A 380/415V 6H VM MDJ IP67;1;R$ 5.363,86;7;9,75;R$ 522,97
S46011B;TOM SOB SURELOCK 3P+T 125A 440/460V 11H VM BQ IP67;1;R$ 6.645,74;7;15;R$ 996,86
S46011DDR01;TOM SOB SURELOCK 3P+T 125A 440/460V 11H VM DDR BQ;1;R$ 7.168,19;7;9,75;R$ 698,89
S46011DDR;TOM SOB SURELOCK 3P+T 125A 440/460V 11H VM DDR BQ;1;R$ 10.468,40;7;9,75;R$ 1.020,66
S4607B;TOM SOB SURELOCK 3P+T 125A 480/500V 7H PT BQ IP67;1;R$ 7.140,60;7;9,75;R$ 696,20
SS4009B;TOM SOB SURELOCK 3P+T 16A 200/250V 9H AZ BQ;1;R$ 449,47;7;9,75;R$ 43,82
SS4009DDR;TOM SOB SURELOCK 3P+T 16A 200/250V 9H AZ DDR IP67;1;R$ 798,23;7;9,75;R$ 77,82
SS4009D;TOM SOB SURELOCK 3P+T 16A 200/250V 9H AZ DJ BQ;1;R$ 533,10;7;9,75;R$ 51,97
SS4009DR;TOM SOB SURELOCK 3P+T 16A 200/250V 9H AZ DR IP67;1;R$ 599,99;7;9,75;R$ 58,49
SS4006DDR;TOM SOB SURELOCK 3P+T 16A 380/415V 6H VM DDR IP67;1;R$ 798,23;7;9,75;R$ 77,82
SS4006D;TOM SOB SURELOCK 3P+T 16A 380/415V 6H VM DJ IP67;1;R$ 533,10;7;9,75;R$ 51,97
SS4006DD;TOM SOB SURELOCK 3P+T 16A 380/415V 6H VM DJM IP67;1;R$ 707,54;7;9,75;R$ 68,98
SS4006DR;TOM SOB SURELOCK 3P+T 16A 380/415V 6H VM DR IP67;1;R$ 599,99;7;9,75;R$ 58,49
SS4006B;TOM SOB SURELOCK 3P+T 16A 380/440V 6H VM BQ;1;R$ 449,47;7;9,75;R$ 43,82
SS40011B;TOM SOB SURELOCK 3P+T 16A 440/460V 11H VM BQ IP67;1;R$ 523,07;7;9,75;R$ 50,99
SS40011DD;TOM SOB SURELOCK 3P+T 16A 440/460V 11H VM DJM IP67;1;R$ 798,23;7;9,75;R$ 77,82
SS4007B;TOM SOB SURELOCK 3P+T 16A 480/500V 7H PT BQ IP67;1;R$ 523,07;7;9,75;R$ 50,99
SS4007DD;TOM SOB SURELOCK 3P+T 16A 480/500V 7H PT DJM IP67;1;R$ 798,23;7;9,75;R$ 77,82
SS4005B;TOM SOB SURELOCK 3P+T 16A 600/690V 5H PT BQ IP67;1;R$ 523,07;7;9,75;R$ 50,99
SS4005DD;TOM SOB SURELOCK 3P+T 16A 600/690V 5H PT DJM IP67;1;R$ 798,23;7;9,75;R$ 77,82
S4803BCST;TOM SOB SURELOCK 3P+T 200A 200/250V 5H AZ BQ CST;1;R$ 23.339,25;7;9,75;R$ 2.275,57
S4806DDR;TOM SOB SURELOCK 3P+T 200A 380/415V 6H VM BQ DDR;1;R$ 12.615,32;7;9,75;R$ 1.229,99
S4806B;TOM SOB SURELOCK 3P+T 200A 380/415V 6H VM BQ IP67;1;R$ 9.880,37;7;9,75;R$ 963,33
S4806DD;TOM SOB SURELOCK 3P+T 200A 380/415V 6H VM DCM IP56;1;R$ 12.156,85;7;15;R$ 1.823,52
S48011B;TOM SOB SURELOCK 3P+T 200A 440/460V 11H VM BQ IP67;1;R$ 9.175,65;7;9,75;R$ 894,62
S4805B;TOM SOB SURELOCK 3P+T 200A 600/690V 5H PT BQ AL;1;R$ 9.175,65;7;9,75;R$ 894,62
S4805DDR;TOM SOB SURELOCK 3P+T 200A 600/690V 5H PT BQ AL DJ;1;R$ 14.876,26;7;9,75;R$ 1.450,43
S4806BWMR;TOM SOB SURELOCK 3P+T 250A 380/440V 6H BQ IP67;1;R$ 5.754,30;7;9,75;R$ 561,04
S4806BAGA;TOM SOB SURELOCK 3P+T 250A 380/440V 6H BQ IP67;1;R$ 5.429,01;7;9,75;R$ 529,32
S4806RWMR;TOM SOB SURELOCK 3P+T 250A 380/440V 6H VM BQ AL DJ;1;R$ 19.955,94;7;9,75;R$ 1.945,70
SS4209B;TOM SOB SURELOCK 3P+T 32A 200/250V 9H AZ BQ IP67;1;R$ 502,91;7;9,75;R$ 49,03
SS4209DDR;TOM SOB SURELOCK 3P+T 32A 200/250V 9H AZ DDR IP67;1;R$ 785,70;4;9,75;R$ 76,60
SS4209D;TOM SOB SURELOCK 3P+T 32A 200/250V 9H AZ DJ BQ;1;R$ 594,67;7;9,75;R$ 57,98
SS4209DR;TOM SOB SURELOCK 3P+T 32A 200/250V 9H AZ DR IP67;1;R$ 630,76;7;9,75;R$ 61,49
SS4206B;TOM SOB SURELOCK 3P+T 32A 380/415V 6H VM BQ IP67;1;R$ 502,91;7;9,75;R$ 49,03
SS4206DDR;TOM SOB SURELOCK 3P+T 32A 380/415V 6H VM DDR IP67;1;R$ 785,70;4;9,75;R$ 76,60
SS4206D;TOM SOB SURELOCK 3P+T 32A 380/415V 6H VM DJ IP67;1;R$ 594,67;7;9,75;R$ 57,98
SS4206DD;TOM SOB SURELOCK 3P+T 32A 380/415V 6H VM DJM IP67;1;R$ 692,27;7;15;R$ 103,84
SS4206DR;TOM SOB SURELOCK 3P+T 32A 380/415V 6H VM DR IP67;1;R$ 692,27;7;9,75;R$ 67,49
SS4206BTECN;TOM SOB SURELOCK 3P+T 32A 380/415V 6H VM IP67;1;R$ 1.448,25;7;9,75;R$ 141,20
SS4203B3;TOM SOB SURELOCK 3P+T 32A 380/440V 3H VM ADPT PG21;1;R$ 646,38;7;9,75;R$ 63,02
SS4203B;TOM SOB SURELOCK 3P+T 32A 380/440V 3H VM BQ IP67;1;R$ 502,91;7;9,75;R$ 49,03
SS4203B4;TOM SOB SURELOCK 3P+T 32A 380/440V 3H VM BQ PG21;1;R$ 619,61;7;9,75;R$ 60,41
SS4203D;TOM SOB SURELOCK 3P+T 32A 380/440V 3H VM DJ IP67;1;R$ 594,67;7;9,75;R$ 57,98
SS4203DD;TOM SOB SURELOCK 3P+T 32A 380/440V 3H VM DJM IP67;1;R$ 537,00;4;15;R$ 80,55
SS4203DR;TOM SOB SURELOCK 3P+T 32A 380/440V 3H VM DR IP67;1;R$ 630,76;7;9,75;R$ 61,49
SS42011B;TOM SOB SURELOCK 3P+T 32A 440/460V 11H VM BQ IP67;1;R$ 742,92;7;15;R$ 111,43
SS42011DD;TOM SOB SURELOCK 3P+T 32A 440/460V 11H VM DJM IP67;1;R$ 776,69;7;15;R$ 116,50
SS4207B;TOM SOB SURELOCK 3P+T 32A 480/500V 7H PT BQ IP67;1;R$ 742,92;7;9,75;R$ 72,43
SS4207DD;TOM SOB SURELOCK 3P+T 32A 480/500V 7H PT DJM IP67;1;R$ 834,52;7;9,75;R$ 81,36
SS4205B;TOM SOB SURELOCK 3P+T 32A 600/690V 5H PT BQ;1;R$ 676,91;7;9,75;R$ 65,99
SS4205DD;TOM SOB SURELOCK 3P+T 32A 600/690V 5H PT DJM IP67;1;R$ 834,52;7;9,75;R$ 81,36
PRODUTO;DESCRICAO;LOTE MINIMO;PRECO;%ICMS;%IPI;IPI
S4506D78;TOM SOB SURELOCK 3P+T 380/440V 63A 11H VM DJ DR BQ;1;R$ 3.166,11;7;9,75;R$ 308,69
S4506D20;TOM SOB SURELOCK 3P+T 380/440V 6H DR+DJ BQ;1;R$ 3.442,10;7;9,75;R$ 335,60
S4509B;TOM SOB SURELOCK 3P+T 63A 200/250V 9H AZ BQ;1;R$ 1.117,41;7;9,75;R$ 108,94
S4509DDR;TOM SOB SURELOCK 3P+T 63A 200/250V 9H AZ DDR IP67;1;R$ 3.084,72;4;9,75;R$ 300,76
S4509DJ5;TOM SOB SURELOCK 3P+T 63A 200/250V 9H AZ DISJ BQ;1;R$ 2.219,07;7;9,75;R$ 216,35
S4509DJ;TOM SOB SURELOCK 3P+T 63A 200/250V 9H AZ DJ IP67;1;R$ 1.286,13;7;9,75;R$ 125,39
S4509D;TOM SOB SURELOCK 3P+T 63A 200/250V 9H AZ DJ IP67;1;R$ 1.286,13;7;9,75;R$ 125,39
S4509DDJ;TOM SOB SURELOCK 3P+T 63A 200/250V 9H AZ DJM IP67;1;R$ 2.459,57;4;9,75;R$ 239,80
S4509DR;TOM SOB SURELOCK 3P+T 63A 200/250V 9H AZ DR IP67;1;R$ 2.612,42;7;9,75;R$ 254,71
S4509DJ2;TOM SOB SURELOCK 3P+T 63A 200/250V 9H DJ MOT BQ;1;R$ 1.441,37;7;9,75;R$ 140,53
S4506B;TOM SOB SURELOCK 3P+T 63A 380/415V 6H VM BQ IP67;1;R$ 1.117,41;7;9,75;R$ 108,94
S4506DDR;TOM SOB SURELOCK 3P+T 63A 380/415V 6H VM DDR IP67;1;R$ 3.276,41;7;9,75;R$ 319,44
S4506DDRM;TOM SOB SURELOCK 3P+T 63A 380/415V 6H VM DDRM IP67;1;R$ 3.669,58;7;9,75;R$ 357,78
S4506D;TOM SOB SURELOCK 3P+T 63A 380/415V 6H VM DJ IP67;1;R$ 1.286,13;7;9,75;R$ 125,39
S4506DJ;TOM SOB SURELOCK 3P+T 63A 380/415V 6H VM DJ IP67;1;R$ 1.286,13;7;9,75;R$ 125,39
S4506DDJ;TOM SOB SURELOCK 3P+T 63A 380/415V 6H VM DJM IP55;1;R$ 2.459,57;4;9,75;R$ 239,80
S4506DR;TOM SOB SURELOCK 3P+T 63A 380/415V 6H VM DR IP67;1;R$ 2.612,42;7;9,75;R$ 254,71
S4506D59;TOM SOB SURELOCK 3P+T 63A 380/415V 6H VM IDR IP55;1;R$ 7.441,20;7;9,75;R$ 725,51
S4506D10;TOM SOB SURELOCK 3P+T 63A 380/440V 6H DISJ AB BQ;1;R$ 162,20;7;9,75;R$ 15,81
S4506B36;TOM SOB SURELOCK 3P+T 63A 380/440V 6H VM ADP BQ;1;R$ 1.117,41;7;9,75;R$ 108,94
S4506BK1;TOM SOB SURELOCK 3P+T 63A 380/440V 6H VM BQ;1;R$ 889,65;7;9,75;R$ 86,74
S4509DJ7;TOM SOB SURELOCK 3P+T 63A 380/440V 9H DJM 40A BQ;1;R$ 2.658,45;7;9,75;R$ 259,19
S45011B;TOM SOB SURELOCK 3P+T 63A 440/460V 11H VM BQ IP67;1;R$ 1.340,89;7;9,75;R$ 130,73
S45011DDR;TOM SOB SURELOCK 3P+T 63A 440/460V 11H VM DDR IP55;1;R$ 3.519,51;7;9,75;R$ 343,15
S45011DJ;TOM SOB SURELOCK 3P+T 63A 440/460V 11H VM DISJ BQ;1;R$ 1.693,87;7;15;R$ 254,08
S45011DDJ;TOM SOB SURELOCK 3P+T 63A 440/460V 11H VM DJM IP55;1;R$ 2.757,55;7;9,75;R$ 268,86
S45011DR;TOM SOB SURELOCK 3P+T 63A 440/460V 11H VM DR IP67;1;R$ 2.527,90;4;9,75;R$ 246,47
SA4507DDJ;TOM SOB SURELOCK 3P+T 63A 480/500V 7H PT BQ AL DR;1;R$ 3.892,28;7;9,75;R$ 379,49
S4507B;TOM SOB SURELOCK 3P+T 63A 480/500V 7H PT BQ IP67;1;R$ 1.471,63;7;9,75;R$ 143,48
S4507DDR01;TOM SOB SURELOCK 3P+T 63A 480/500V 7H PT DDR IP55;1;R$ 2.439,50;7;9,75;R$ 237,85
S4507DDR;TOM SOB SURELOCK 3P+T 63A 480/500V 7H PT DDR IP55;1;R$ 3.519,51;7;9,75;R$ 343,15
S4507DD;TOM SOB SURELOCK 3P+T 63A 480/500V 7H PT DJM IP55;1;R$ 2.757,55;7;9,75;R$ 268,86
S4507DR;TOM SOB SURELOCK 3P+T 63A 480/500V 7H PT DR IP67;1;R$ 2.655,16;4;15;R$ 398,27
S4505B;TOM SOB SURELOCK 3P+T 63A 600/690V 5H PT BQ IP67;1;R$ 1.340,89;7;9,75;R$ 130,73
S4505D04;TOM SOB SURELOCK 3P+T 63A 600/690V 5H PT DDR 480V;1;R$ 2.667,18;7;9,75;R$ 260,05
S4505DD;TOM SOB SURELOCK 3P+T 63A 600/690V 5H PT DJM IP55;1;R$ 2.757,55;7;9,75;R$ 268,86
S4509DJ6;TOM SOB SURELOCK 4P 63A 380/440V 9H AZ DJ MOT BQ;1;R$ 3.134,89;7;9,75;R$ 305,65
S55011DDR;TOM SOB SURELOCK 4P+T 63A 440/460V 11H VM DDR IP55;1;R$ 2.422,30;4;15;R$ 363,34
S5606D;TOM SOB SURELOCK 5P 125A 380/415V 6H VM DJ BQ IP67;1;R$ 5.909,90;7;9,75;R$ 576,21
S55011DR;TOM SOB SURELOCK 5P 63A 440/460V 11H VM DR BQ IP67;1;R$ 1.900,71;7;15;R$ 285,10
S4506D58;TOM SOB SURELOCK 63A 3P+T 380/415V 6H VM DJM IP55;1;R$ 6.011,49;7;9,75;R$ 586,12
S4506DAB;TOM SOB SURELOCK 63A 3P+T 380/440V 6H VM BQ VISOR;1;R$ 1.805,91;7;9,75;R$ 176,07
S4505D02;TOM SOB SURELOCK 63A 3P+T 5H PT DR 480V DJMT IP55;1;R$ 2.449,26;4;9,75;R$ 238,80
S4506D101;TOM SOB SURELOCK 63A 4P 380/440V 6H VM DR 300MA BQ;1;R$ 3.020,54;7;9,75;R$ 294,50
S4506D57;TOM SOB SURELOCK 63A 4P 380/440V 6H VM DR(500V)BQ;1;R$ 4.656,28;7;9,75;R$ 453,98
SDCAT04;CARC ACOP MULTIPOLAR LOGIC 1 TRA 04P PC SUP;1;R$ 74,57;7;9,75;R$ 7,27
SCPSA1T06;CARC ACOP MULTIPOLAR LOGIC 1 TRA 06P PC SUP;1;R$ 87,79;7;9,75;R$ 8,55
SDCAT08;CARC ACOP MULTIPOLAR LOGIC 1 TRA 08P PC SUP;1;R$ 80,96;7;9,75;R$ 7,89
SCPSA1T10;CARC ACOP MULTIPOLAR LOGIC 1 TRA 10P PC SUP;1;R$ 117,32;7;9,75;R$ 11,43
SCPSA1T16;CARC ACOP MULTIPOLAR LOGIC 1 TRA 16P PC SUP;1;R$ 127,91;7;9,75;R$ 12,47
SCPSA1T24;CARC ACOP MULTIPOLAR LOGIC 1 TRA 24P PC SUP;1;R$ 115,67;7;9,75;R$ 11,27
SCPSA2T10;CARC ACOP MULTIPOLAR LOGIC 2 TRA 10P PC SUP;1;R$ 122,66;7;9,75;R$ 11,95
SCPSA2T16;CARC ACOP MULTIPOLAR LOGIC 2 TRA 16P PC SUP;1;R$ 132,90;7;9,75;R$ 12,95
SCPSA2T24;CARC ACOP MULTIPOLAR LOGIC 2 TRA 24P PC SUP;1;R$ 142,38;7;9,75;R$ 13,88
SCPSA2T32;CARC ACOP MULTIPOLAR LOGIC 2 TRA 32P PC SUP;1;R$ 149,00;7;9,75;R$ 14,52
SCBA1T06;CARC BASE ALTA MULTIPOLAR LOGIC 1 TRA 06P;1;R$ 80,27;7;9,75;R$ 7,82
SCBA1T10;CARC BASE ALTA MULTIPOLAR LOGIC 1 TRA 10P;1;R$ 93,55;7;9,75;R$ 9,12
SCBA1T16;CARC BASE ALTA MULTIPOLAR LOGIC 1 TRA 16P;1;R$ 132,76;7;9,75;R$ 12,94
SCBA1T24;CARC BASE ALTA MULTIPOLAR LOGIC 1 TRA 24P;1;R$ 166,59;7;9,75;R$ 16,24
SCBA1TTM06;CARC BASE ALTA MULTIPOLAR LOGIC 1 TRA TP MOLA 06P;1;R$ 87,85;7;9,75;R$ 8,56
SCBA1TTM10;CARC BASE ALTA MULTIPOLAR LOGIC 1 TRA TP MOLA 10P;1;R$ 135,26;7;9,75;R$ 13,18
SCBA1TTM16;CARC BASE ALTA MULTIPOLAR LOGIC 1 TRA TP MOLA 16P;1;R$ 141,26;7;9,75;R$ 13,77
SCBA1TTM24;CARC BASE ALTA MULTIPOLAR LOGIC 1 TRA TP MOLA 24P;1;R$ 129,45;7;9,75;R$ 12,62
SCBA2T10;CARC BASE ALTA MULTIPOLAR LOGIC 2 TRA 10P;1;R$ 108,30;7;9,75;R$ 10,55
SCBA2T16;CARC BASE ALTA MULTIPOLAR LOGIC 2 TRA 16P;1;R$ 137,64;7;9,75;R$ 13,41
SCBA2T24;CARC BASE ALTA MULTIPOLAR LOGIC 2 TRA 24P;1;R$ 163,17;7;9,75;R$ 15,90
SCBB0000;CARC BASE BAI 2TRA 10P + MIOLO FEMEA 10P;1;R$ 82,28;7;9,75;R$ 8,02
SCBB1T06;CARC BASE BAIXA MULTIPOLAR LOGIC 1 TRA 06P;1;R$ 54,44;7;9,75;R$ 5,30
SCBB1T10;CARC BASE BAIXA MULTIPOLAR LOGIC 1 TRA 10P;1;R$ 61,06;7;9,75;R$ 5,95
SCBB1T16;CARC BASE BAIXA MULTIPOLAR LOGIC 1 TRA 16P;1;R$ 67,57;7;9,75;R$ 6,58
SCBB1T24;CARC BASE BAIXA MULTIPOLAR LOGIC 1 TRA 24P;1;R$ 72,70;7;9,75;R$ 7,08
SCBB1T48;CARC BASE BAIXA MULTIPOLAR LOGIC 1 TRA 48P;1;R$ 113,69;7;9,75;R$ 11,08
SCBB1TTM06;CARC BASE BAIXA MULTIPOLAR LOGIC 1 TRA TP MOLA 06P;1;R$ 79,60;7;9,75;R$ 7,76
SCBB1TTM10;CARC BASE BAIXA MULTIPOLAR LOGIC 1 TRA TP MOLA 10P;1;R$ 112,73;7;9,75;R$ 10,99
SCBB1TTM16;CARC BASE BAIXA MULTIPOLAR LOGIC 1 TRA TP MOLA 16P;1;R$ 106,75;7;9,75;R$ 10,40
SCBB1TTM24;CARC BASE BAIXA MULTIPOLAR LOGIC 1 TRA TP MOLA 24P;1;R$ 98,98;7;9,75;R$ 9,65
SCBB2T10;CARC BASE BAIXA MULTIPOLAR LOGIC 2 TRA 10P;1;R$ 63,65;7;9,75;R$ 6,20
SCBB2T16;CARC BASE BAIXA MULTIPOLAR LOGIC 2 TRA 16P;1;R$ 66,95;7;9,75;R$ 6,52
SCBB2T24;CARC BASE BAIXA MULTIPOLAR LOGIC 2 TRA 24P;1;R$ 75,56;7;9,75;R$ 7,36
SCBB2T48;CARC BASE BAIXA MULTIPOLAR LOGIC 2 TRA 48P;1;R$ 98,87;7;9,75;R$ 9,63
SCBB4R24;CARC BASE BAIXA MULTIPOLAR LOGIC 4 REB 24P;1;R$ 57,93;7;9,75;R$ 5,64
SCBB4R24S;CARC BASE BAIXA MULTIPOLAR LOGIC 4 REB 24P S GUARN;1;R$ 104,29;7;9,75;R$ 10,16
SDCT04;CARC BASE MULTIPOLAR LOGIC 1 TRA 04P;1;R$ 55,76;7;9,75;R$ 5,43
SDCT08;CARC BASE MULTIPOLAR LOGIC 1 TRA 08P;1;R$ 52,92;7;9,75;R$ 5,15
SDCT0490;CARC BASE MULTIPOLAR LOGIC 90 GRAUS 1 TRA 04P;1;R$ 49,63;4;9,75;R$ 4,83
SDCT0890;CARC BASE MULTIPOLAR LOGIC 90 GRAUS 1 TRA 08P;1;R$ 70,33;4;9,75;R$ 6,85
SDCP04;CARC PLUG MULTIPOLAR LOGIC 2 REB 04P PC SUP;1;R$ 71,48;7;9,75;R$ 6,96
SCPL2R06;CARC PLUG MULTIPOLAR LOGIC 2 REB 06P PC LAT;1;R$ 35,51;7;9,75;R$ 3,46
SCPS2R06;CARC PLUG MULTIPOLAR LOGIC 2 REB 06P PC SUP;1;R$ 39,13;7;9,75;R$ 3,81
PRODUTO;DESCRICAO;LOTE MINIMO;PRECO;%ICMS;%IPI;IPI
SDCP08;CARC PLUG MULTIPOLAR LOGIC 2 REB 08P PC SUP;1;R$ 73,62;7;9,75;R$ 7,17
SCPL2R10;CARC PLUG MULTIPOLAR LOGIC 2 REB 10P PC LAT;1;R$ 45,99;7;9,75;R$ 4,48
SCPS2R10;CARC PLUG MULTIPOLAR LOGIC 2 REB 10P PC SUP;1;R$ 39,27;7;9,75;R$ 3,82
SCPL2R16;CARC PLUG MULTIPOLAR LOGIC 2 REB 16P PC LAT;1;R$ 46,35;7;9,75;R$ 4,51
SCPS2R16;CARC PLUG MULTIPOLAR LOGIC 2 REB 16P PC SUP;1;R$ 47,00;7;9,75;R$ 4,58
SCPL2R24;CARC PLUG MULTIPOLAR LOGIC 2 REB 24P PC LAT;1;R$ 48,40;7;9,75;R$ 4,71
SCPS2R24;CARC PLUG MULTIPOLAR LOGIC 2 REB 24P PC SUP;1;R$ 51,29;7;9,75;R$ 5,00
SCPL2R32;CARC PLUG MULTIPOLAR LOGIC 2 REB 32P PC LAT;1;R$ 73,86;7;9,75;R$ 7,20
SCPS2R32;CARC PLUG MULTIPOLAR LOGIC 2 REB 32P PC SUP;1;R$ 75,31;7;9,75;R$ 7,34
SCPL4R10;CARC PLUG MULTIPOLAR LOGIC 4 REB 10P PC LAT;1;R$ 44,24;7;9,75;R$ 4,31
SCPS4R10;CARC PLUG MULTIPOLAR LOGIC 4 REB 10P PC SUP;1;R$ 44,47;7;9,75;R$ 4,33
SCPL4R16;CARC PLUG MULTIPOLAR LOGIC 4 REB 16P PC LAT;1;R$ 43,83;7;9,75;R$ 4,27
SCPS4R16;CARC PLUG MULTIPOLAR LOGIC 4 REB 16P PC SUP;1;R$ 46,08;7;9,75;R$ 4,49
SCPL4R24;CARC PLUG MULTIPOLAR LOGIC 4 REB 24P PC LAT;1;R$ 49,87;7;9,75;R$ 4,86
SCPS4R24;CARC PLUG MULTIPOLAR LOGIC 4 REB 24P PC SUP;1;R$ 49,98;7;9,75;R$ 4,87
SCPL4R32;CARC PLUG MULTIPOLAR LOGIC 4 REB 32P PC LAT;1;R$ 61,84;7;9,75;R$ 6,02
SCPS4R32;CARC PLUG MULTIPOLAR LOGIC 4 REB 32P PC SUP;1;R$ 70,47;7;9,75;R$ 6,87
SCPS4R48;CARC PLUG MULTIPOLAR LOGIC 4 REB 48P PC SUP;1;R$ 190,77;7;9,75;R$ 18,60
S637;CONT CRIMP MULTIPOLAR LOGIC FEMEA 15A;1;R$ 7,54;7;9,75;R$ 0,73
S636;CONT CRIMP MULTIPOLAR LOGIC MACHO 15A;20;R$ 7,54;7;9,75;R$ 0,73
SMB06;MIOLO FEMEA MULTIPOLAR LOGIC 06P 16A 600V;1;R$ 39,43;7;9,75;R$ 3,84
SDMF04P;MIOLO FEMEA MULTIPOLAR LOGIC 04P C/ PARAF 10A 250V;1;R$ 83,52;7;9,75;R$ 8,14
SDMF06C;MIOLO FEMEA MULTIPOLAR LOGIC 06P 10A 250V;1;R$ 84,64;7;9,75;R$ 8,25
SMB635;MIOLO FEMEA MULTIPOLAR LOGIC 06P 35A 400V;1;R$ 307,33;4;9,75;R$ 29,96
SDMF08;MIOLO FEMEA MULTIPOLAR LOGIC 08P 10A 250V;1;R$ 123,14;7;9,75;R$ 12,00
SMB10;MIOLO FEMEA MULTIPOLAR LOGIC 10P 16A 600V;1;R$ 50,94;7;9,75;R$ 4,96
SMB63512;MIOLO FEMEA MULTIPOLAR LOGIC 12P 35A 400V;1;R$ 261,21;7;9,75;R$ 25,46
SMB16;MIOLO FEMEA MULTIPOLAR LOGIC 16P 16A 600V;1;R$ 77,63;7;9,75;R$ 7,56
SMB24;MIOLO FEMEA MULTIPOLAR LOGIC 24P 16A 600V;1;R$ 101,04;7;9,75;R$ 9,85
SMBPR16;MIOLO FEMEA MULTIPOLAR LOGIC PT 16P 16A 600V;1;R$ 78,69;7;9,75;R$ 7,67
SMBPR24;MIOLO FEMEA MULTIPOLAR LOGIC PT 24P 16A 600V;1;R$ 102,13;7;9,75;R$ 9,95
SDMM06C;MIOLO MACHO MULTIPOLAR LOGIC 06P 10A 250V;1;R$ 95,55;7;9,75;R$ 9,31
SMP06;MIOLO MACHO MULTIPOLAR LOGIC 06P 16A 600V;1;R$ 37,99;7;9,75;R$ 3,70
SDMM08;MIOLO MACHO MULTIPOLAR LOGIC 08P 10A 250V;1;R$ 99,62;7;9,75;R$ 9,71
SMP10;MIOLO MACHO MULTIPOLAR LOGIC 10P 16A 600V;1;R$ 54,11;7;9,75;R$ 5,27
SMP16;MIOLO MACHO MULTIPOLAR LOGIC 16P 16A 600V;1;R$ 71,36;7;9,75;R$ 6,95
SMP24;MIOLO MACHO MULTIPOLAR LOGIC 24P 16A 600V;1;R$ 101,03;7;9,75;R$ 9,85
SDMM04P;MIOLO MACHO MULTIPOLAR LOGIC 4P C/ PARAF 10A 250V;1;R$ 78,14;7;9,75;R$ 7,61
SMP635;MIOLO MACHO MULTIPOLAR LOGIC 6P 35A 400V;1;R$ 296,88;7;9,75;R$ 28,94
SMPPR16;MIOLO MACHO MULTIPOLAR LOGIC PT 16P 16A 600V;1;R$ 68,07;7;9,75;R$ 6,63
SMPPR24;MIOLO MACHO MULTIPOLAR LOGIC PT 24P 16A 600V;1;R$ 97,48;7;9,75;R$ 9,50
SPBS;PINO BLOQUEIO MULTIPOLAR LOGIC;1;R$ 8,67;7;9,75;R$ 0,84
STMF06;TAMPA P/ MIOLO MULTIPOLAR LOGIC 06 POLOS;1;R$ 41,86;4;9,75;R$ 4,08
SUDFC09;TOM MULTIPOLAR C/CONECTOR SUB 9P FEME CRIMP;1;R$ 117,18;7;9,75;R$ 11,42
SUDMC09;TOM MULTIPOLAR CONEC SUB 9P MACH CRIM;1;R$ 123,04;7;9,75;R$ 11,99
SCPL4R16CJ1;TOMADA FEMEA SMB16+SCPL4R16;1;R$ 105,40;7;9,75;R$ 10,27
S9201;BASE SOLENOIDE NOD 3P CURVA;1;R$ 33,64;7;9,75;R$ 3,27
S9101;BASE SOLENOIDE NOD 3P RETA;1;R$ 27,98;7;9,75;R$ 2,72
S9200;BASE SOLENOIDE NOD 4P CURVA;1;R$ 19,23;7;9,75;R$ 1,87
S9100;BASE SOLENOIDE NOD 4P RETA;1;R$ 25,57;7;9,75;R$ 2,49
SB70045;CONECTOR FEMEA TORK CABO 10mm2/16mm2;1;R$ 45,19;7;9,75;R$ 4,40
SB70041;CONECTOR FEMEA TORK CABO1/0=53;1;R$ 72,09;7;9,75;R$ 7,02
SB70042;CONECTOR FEMEA TORK CABO2/0=67;1;R$ 45,62;7;9,75;R$ 4,44
SB70043;CONECTOR FEMEA TORK CABO3/0=85;1;R$ 45,19;7;9,75;R$ 4,40
SB70044;CONECTOR FEMEA TORK CABO4/0=107;1;R$ 45,19;7;9,75;R$ 4,40
SB7008AZ;CONECTOR FEMEA TORK PAINEL AZ;1;R$ 53,75;7;9,75;R$ 5,24
SB7008MR;CONECTOR FEMEA TORK PAINEL MR;1;R$ 83,08;7;9,75;R$ 8,10
SB7008;CONECTOR FEMEA TORK PAINEL PT;1;R$ 49,61;7;9,75;R$ 4,83
SB7008VD;CONECTOR FEMEA TORK PAINEL VD;1;R$ 53,75;7;9,75;R$ 5,24
SB7008VM;CONECTOR FEMEA TORK PAINEL VM;1;R$ 53,75;7;9,75;R$ 5,24
SB70055;CONECTOR MACHO TORK CABO 10mm2/16mm2;1;R$ 45,19;7;9,75;R$ 4,40
SB70052;CONECTOR MACHO TORK CABO2/0=67;1;R$ 47,98;7;9,75;R$ 4,67
SB70053;CONECTOR MACHO TORK CABO3/0=85;1;R$ 50,01;7;9,75;R$ 4,87
SB70054;CONECTOR MACHO TORK CABO4/0=107;1;R$ 46,28;7;9,75;R$ 4,51
SB70051;CONECTOR MACHO TORK P/ CABO 1/0=53;1;R$ 57,36;7;9,75;R$ 5,59
SB7009;CONECTOR MACHO TORK PAINEL PT;1;R$ 76,36;7;9,75;R$ 7,44
SB7009VD;CONECTOR MACHO TORK PAINEL VD;1;R$ 91,65;7;9,75;R$ 8,93
SB7009VM;CONECTOR MACHO TORK PAINEL VM;1;R$ 91,65;7;9,75;R$ 8,93
S9004;CONECTOR SOL NOD 3P+T PR 250V PG11 PAR 34MM WEG;1;R$ 41,10;4;9,75;R$ 4,00
S9315C;CONECTOR SOLENOIDE NOD 2P+T CZ LED SUP 250V PG11;1;R$ 177,41;7;9,75;R$ 17,29
S9361P;CONECTOR SOLENOIDE NOD 2P+T LED SUP 110V PG9 PT;1;R$ 116,59;7;9,75;R$ 11,36
S9341;CONECTOR SOLENOIDE NOD 3P C/SUPR PG09 CZ;1;R$ 124,92;7;9,75;R$ 12,17
S9000;CONECTOR SOLENOIDE NOD 3P CZ 250V PG09;1;R$ 61,21;7;9,75;R$ 5,96
S9005;CONECTOR SOLENOIDE NOD 3P CZ 250V PG11;1;R$ 29,32;7;9,75;R$ 2,85
S9150;CONECTOR SOLENOIDE NOD 3P CZ LED 024V PG09;1;R$ 65,38;7;9,75;R$ 6,37
S9155;CONECTOR SOLENOIDE NOD 3P CZ LED 024V PG11;1;R$ 120,45;7;9,75;R$ 11,74
S9135;CONECTOR SOLENOIDE NOD 3P CZ LED 110V PG11;1;R$ 111,89;7;9,75;R$ 10,90
S9115;CONECTOR SOLENOIDE NOD 3P CZ LED 250V PG11;1;R$ 199,08;7;9,75;R$ 19,41
S9365C;CONECTOR SOLENOIDE NOD 3P CZ LED SUPRE 012V PG11;1;R$ 164,90;7;9,75;R$ 16,07
S9355C;CONECTOR SOLENOIDE NOD 3P CZ LED SUPRE 024V PG11;1;R$ 201,86;7;9,75;R$ 19,68
S9335C;CONECTOR SOLENOIDE NOD 3P CZ LED SUPRE 110V PG11;1;R$ 217,16;7;9,75;R$ 21,17
S9361C;CONECTOR SOLENOIDE NOD 3P LED SUP 110V PG9 CZ;1;R$ 218,61;7;9,75;R$ 21,31
S9001;CONECTOR SOLENOIDE NOD 3P PR 250V PG09;1;R$ 34,02;7;9,75;R$ 3,31
S9006;CONECTOR SOLENOIDE NOD 3P PR 250V PG11;1;R$ 29,44;7;9,75;R$ 2,87
S9151;CONECTOR SOLENOIDE NOD 3P PR LED 024V PG09;1;R$ 173,25;7;9,75;R$ 16,89
S9131;CONECTOR SOLENOIDE NOD 3P PR LED 110V PG09;1;R$ 199,08;7;9,75;R$ 19,41
S9136;CONECTOR SOLENOIDE NOD 3P PR LED 110V PG11;1;R$ 181,40;7;9,75;R$ 17,68
S9156;CONECTOR SOLENOIDE NOD 3P PR LED 24V PG11;1;R$ 141,17;7;9,75;R$ 13,76
S9111;CONECTOR SOLENOIDE NOD 3P PR LED 250V PG09;1;R$ 118,12;7;9,75;R$ 11,51
PRODUTO;DESCRICAO;LOTE MINIMO;PRECO;%ICMS;%IPI;IPI
S9116;CONECTOR SOLENOIDE NOD 3P PR LED 250V PG11;1;R$ 147,82;7;9,75;R$ 14,41
S9335P;CONECTOR SOLENOIDE NOD 3P PR LED SUP 110V PG11;1;R$ 53,51;7;9,75;R$ 5,21
S9355P;CONECTOR SOLENOIDE NOD 3P PR LED SUP 24V PG11;1;R$ 104,38;7;9,75;R$ 10,17
S9315P;CONECTOR SOLENOIDE NOD 3P PR LED SUP 250V PG11;1;R$ 79,07;7;9,75;R$ 7,70
S9341P;CONECTOR SOLENOIDE NOD 3P PR LED SUPRE PT;1;R$ 51,60;7;9,75;R$ 5,03
S9365P;CONECTOR SOLENOIDE NOD 3P PR LED SUPRES 12V PG11;1;R$ 38,12;7;9,75;R$ 3,71
S9506;CONECTOR SOLENOIDE NOD 3P PR PG09;1;R$ 17,52;7;9,75;R$ 1,70
S9381;CONECTOR SOLENOIDE NOD 3P PT LED SUP 24V PG9;1;R$ 48,21;7;9,75;R$ 4,70
S9414;CONECTOR SOLENOIDE NOD 3P PT SUPRE 250V PG09;1;R$ 147,94;7;9,75;R$ 14,42
S9003;CONECTOR SOLENOIDE NOD 3P+T CZ 250V PG11;1;R$ 67,43;7;9,75;R$ 6,57
S9114;CONECTOR SOLENOIDE NOD 3P+T PR LED 250V PG-11;1;R$ 121,16;7;9,75;R$ 11,81
S9504;CONECTOR SOLENOIDE NOD 4P 250V PT PG09;1;R$ 43,65;7;9,75;R$ 4,25
S9503;CONECTOR SOLENOIDE NOD 4P CZ 250V PG09;1;R$ 33,28;7;9,75;R$ 3,24
S9153;CONECTOR SOLENOIDE NOD 4P CZ LED 024V PG11;1;R$ 192,66;7;9,75;R$ 18,78
S9113;CONECTOR SOLENOIDE NOD 4P CZ LED 250V PG11;1;R$ 214,01;7;9,75;R$ 20,86
S9353C;CONECTOR SOLENOIDE NOD 4P CZ LED SUPRE 024V PG11;1;R$ 126,76;7;9,75;R$ 12,35
S9313C;CONECTOR SOLENOIDE NOD 4P CZ LED SUPRE 250V;1;R$ 246,30;7;9,75;R$ 24,01
S9154;CONECTOR SOLENOIDE NOD 4P PR LED 024V PG11;1;R$ 110,26;7;9,75;R$ 10,75
S9134;CONECTOR SOLENOIDE NOD 4P PR LED 110V PG11;1;R$ 236,10;7;9,75;R$ 23,01
S9333P;CONECTOR SOLENOIDE NOD 4P PR LED SUP 110V PG11;1;R$ 135,69;7;9,75;R$ 13,22
S9353P;CONECTOR SOLENOIDE NOD 4P PR LED SUP 24V PG11;1;R$ 122,88;7;9,75;R$ 11,98
S9313P;CONECTOR SOLENOIDE NOD 4P PR LED SUP 250V PG11;1;R$ 152,35;7;9,75;R$ 14,85
S9413;CONECTOR SOLENOIDE NOD 4P PT SUPRE 250V PG11;1;R$ 115,14;7;9,75;R$ 11,22
SB1006;CONJ CONECTOR TORK SB7002+7003+7004/4+7005/4;1;R$ 186,95;7;9,75;R$ 18,22
SB7003AZ;MANOPLA BORRACHA FEMEA TORK AZ;1;R$ 67,94;7;9,75;R$ 6,62
SB7003MR;MANOPLA BORRACHA FEMEA TORK MR;1;R$ 67,94;7;9,75;R$ 6,62
SB7003;MANOPLA BORRACHA FEMEA TORK PT;1;R$ 51,08;7;9,75;R$ 4,98
SB7003VD;MANOPLA BORRACHA FEMEA TORK VD;1;R$ 67,94;7;9,75;R$ 6,62
SB7003VM;MANOPLA BORRACHA FEMEA TORK VM;1;R$ 67,94;7;9,75;R$ 6,62
SB7002AZ;MANOPLA BORRACHA MACHO TORK AZ;1;R$ 66,40;7;9,75;R$ 6,47
SB7002MR;MANOPLA BORRACHA MACHO TORK MR;1;R$ 113,68;7;9,75;R$ 11,08
SB7002;MANOPLA BORRACHA MACHO TORK PT;1;R$ 71,97;7;9,75;R$ 7,01
SB7002VD;MANOPLA BORRACHA MACHO TORK VD;1;R$ 66,40;7;9,75;R$ 6,47
SB7002VM;MANOPLA BORRACHA MACHO TORK VM;1;R$ 69,70;7;9,75;R$ 6,79
SDM9904;BARRA ISOL. 2P 4MOD. 14 FUROS 100A;1;R$ 148,08;4;9,75;R$ 14,43
SDM9906;BARRA ISOL. 2P 8MOD. 30 FUROS 125A;1;R$ 135,58;4;9,75;R$ 13,21
SDM9907;BARRA ISOL. 4P 4MOD. 28 FUROS 100A;1;R$ 119,58;4;9,75;R$ 11,65
SDM9911;BARRA ISOL. 4P 6MOD. 44 FUROS 125A;1;R$ 217,29;4;9,75;R$ 21,18
SDM9915;BLOCO DE DISTRIBUIÇÃO 4P 15 CONEXÕES 125A 18KA;1;R$ 238,61;4;9,75;R$ 23,26
SBI125A;BLOCO DE DISTRIBUIÇÃO SBI 125A 690V;1;R$ 112,97;4;9,75;R$ 11,01
SBI160A;BLOCO DE DISTRIBUIÇÃO SBI 160A 690V;1;R$ 193,45;4;9,75;R$ 18,86
SBI250A;BLOCO DE DISTRIBUIÇÃO SBI 250A 690V;1;R$ 260,00;4;9,75;R$ 25,35
SBI400A;BLOCO DE DISTRIBUIÇÃO SBI 400A 690V;1;R$ 257,46;4;9,75;R$ 25,10
SBI500A;BLOCO DE DISTRIBUIÇÃO SBI 500A 690V;1;R$ 348,98;4;9,75;R$ 34,02
SBI80A;BLOCO DE DISTRIBUIÇÃO SBI 80A 690V;1;R$ 44,94;4;9,75;R$ 4,38
SKN10;CONECTOR BORNE K 10.0MM AZ;1;R$ 3,41;4;9,75;R$ 0,33
SK10;CONECTOR BORNE K 10.0mm BG;1;R$ 2,07;4;9,75;R$ 0,20
SKN16;CONECTOR BORNE K 16.0mm AZ;1;R$ 5,50;4;9,75;R$ 0,53
SK16;CONECTOR BORNE K 16.0mm BG;1;R$ 2,94;4;9,75;R$ 0,28
SKN25;CONECTOR BORNE K 2.5mm AZ;1;R$ 1,76;4;9,75;R$ 0,17
SK25;CONECTOR BORNE K 2.5mm BG;1;R$ 0,99;4;9,75;R$ 0,09
SKN35;CONECTOR BORNE K 35.0MM AZ;1;R$ 10,63;4;9,75;R$ 1,03
SK35;CONECTOR BORNE K 35.0mm BG;1;R$ 6,12;4;9,75;R$ 0,59
SKN4;CONECTOR BORNE K 4.0mm AZ;1;R$ 2,28;4;9,75;R$ 0,22
SK4;CONECTOR BORNE K 4.0mm BG;1;R$ 1,27;4;9,75;R$ 0,12
SKN50;CONECTOR BORNE K 50.0mm AZ;1;R$ 21,78;4;9,75;R$ 2,12
SK50;CONECTOR BORNE K 50.0mm BG;1;R$ 9,76;4;9,75;R$ 0,95
SKN6;CONECTOR BORNE K 6.0mm AZ;1;R$ 2,65;4;9,75;R$ 0,25
SK6;CONECTOR BORNE K 6.0mm BG;1;R$ 1,58;4;9,75;R$ 0,15
SKN70;CONECTOR BORNE K 70.0mm AZ;1;R$ 33,02;4;9,75;R$ 3,21
SK70;CONECTOR BORNE K 70.0mm BG;1;R$ 19,62;4;9,75;R$ 1,91
SK95;CONECTOR BORNE K 95.0MM BG;1;R$ 29,51;4;9,75;R$ 2,87
SKN95;CONECTOR BORNE K 95.0mm AZ;1;R$ 52,14;4;9,75;R$ 5,08
SKT10;CONECTOR TERRA BORNE K 10.0MM;1;R$ 6,45;4;9,75;R$ 0,62
SKT16;CONECTOR TERRA BORNE K 16.0MM;1;R$ 6,40;4;9,75;R$ 0,62
SKT25;CONECTOR TERRA BORNE K 2.5mm;1;R$ 3,91;4;9,75;R$ 0,38
SKT35;CONECTOR TERRA BORNE K 35.0mm;1;R$ 12,39;4;9,75;R$ 1,20
SKT4;CONECTOR TERRA BORNE K 4.0mm;1;R$ 4,02;4;9,75;R$ 0,39
SKT6;CONECTOR TERRA BORNE K 6.0mm;1;R$ 5,74;4;9,75;R$ 0,55
SKIA;IDENTIFICADOR COM LETRA A;100;R$ 0,20;4;9,75;R$ 0,01
SKIB;IDENTIFICADOR COM LETRA B;100;R$ 0,20;4;9,75;R$ 0,01
SKIC;IDENTIFICADOR COM LETRA C;100;R$ 0,20;4;9,75;R$ 0,01
SKID;IDENTIFICADOR COM LETRA D;100;R$ 0,20;4;9,75;R$ 0,01
SKIE;IDENTIFICADOR COM LETRA E;100;R$ 0,20;4;9,75;R$ 0,01
SKII;IDENTIFICADOR COM LETRA I;100;R$ 0,20;4;9,75;R$ 0,01
SKIJ;IDENTIFICADOR COM LETRA J;100;R$ 0,20;4;9,75;R$ 0,01
SKIL;IDENTIFICADOR COM LETRA L;100;R$ 0,20;4;9,75;R$ 0,01
SKIM;IDENTIFICADOR COM LETRA M;100;R$ 0,20;4;9,75;R$ 0,01
SKIN;IDENTIFICADOR COM LETRA N;100;R$ 0,22;4;9,75;R$ 0,02
SKIO;IDENTIFICADOR COM LETRA O;100;R$ 0,20;4;9,75;R$ 0,01
SKIP;IDENTIFICADOR COM LETRA P;100;R$ 0,20;4;9,75;R$ 0,01
SKIQ;IDENTIFICADOR COM LETRA Q;100;R$ 0,20;4;9,75;R$ 0,01
SKIR;IDENTIFICADOR COM LETRA R;100;R$ 0,24;4;9,75;R$ 0,02
SKIS;IDENTIFICADOR COM LETRA S;100;R$ 0,24;4;9,75;R$ 0,02
SKIT;IDENTIFICADOR COM LETRA T;100;R$ 0,24;4;9,75;R$ 0,02
SKIU;IDENTIFICADOR COM LETRA U;100;R$ 0,20;4;9,75;R$ 0,01
SKIV;IDENTIFICADOR COM LETRA V;100;R$ 0,20;4;9,75;R$ 0,01
SKIW;IDENTIFICADOR COM LETRA W;100;R$ 0,20;4;9,75;R$ 0,01
SKIX;IDENTIFICADOR COM LETRA X;100;R$ 0,20;4;9,75;R$ 0,01
PRODUTO;DESCRICAO;LOTE MINIMO;PRECO;%ICMS;%IPI;IPI
SKIY;IDENTIFICADOR COM LETRA Y;100;R$ 0,20;4;9,75;R$ 0,01
SKIZ;IDENTIFICADOR COM LETRA Z;100;R$ 0,20;4;9,75;R$ 0,01
SKI1;IDENTIFICADOR COM NUMERO 1;100;R$ 1,04;4;9,75;R$ 0,10
SKI10;IDENTIFICADOR COM NUMERO 10;100;R$ 0,37;4;9,75;R$ 0,03
SKI100;IDENTIFICADOR COM NUMERO 100;100;R$ 0,20;4;9,75;R$ 0,01
SKI101;IDENTIFICADOR COM NUMERO 101;100;R$ 0,20;4;9,75;R$ 0,01
SKI102;IDENTIFICADOR COM NUMERO 102;100;R$ 0,20;4;9,75;R$ 0,01
SKI103;IDENTIFICADOR COM NUMERO 103;100;R$ 0,20;4;9,75;R$ 0,01
SKI104;IDENTIFICADOR COM NUMERO 104;100;R$ 0,20;4;9,75;R$ 0,01
SKI105;IDENTIFICADOR COM NUMERO 105;100;R$ 0,20;4;9,75;R$ 0,01
SKI106;IDENTIFICADOR COM NUMERO 106;100;R$ 0,20;4;9,75;R$ 0,01
SKI107;IDENTIFICADOR COM NUMERO 107;100;R$ 0,20;4;9,75;R$ 0,01
SKI108;IDENTIFICADOR COM NUMERO 108;100;R$ 0,20;4;9,75;R$ 0,01
SKI109;IDENTIFICADOR COM NUMERO 109;100;R$ 0,20;4;9,75;R$ 0,01
SKI11;IDENTIFICADOR COM NUMERO 11;100;R$ 0,37;4;9,75;R$ 0,03
SKI110;IDENTIFICADOR COM NUMERO 110;100;R$ 0,20;4;9,75;R$ 0,01
SKI111;IDENTIFICADOR COM NUMERO 111;100;R$ 0,20;4;9,75;R$ 0,01
SKI112;IDENTIFICADOR COM NUMERO 112;100;R$ 0,20;4;9,75;R$ 0,01
SKI113;IDENTIFICADOR COM NUMERO 113;100;R$ 0,20;4;9,75;R$ 0,01
SKI114;IDENTIFICADOR COM NUMERO 114;100;R$ 0,20;4;9,75;R$ 0,01
SKI115;IDENTIFICADOR COM NUMERO 115;100;R$ 0,20;4;9,75;R$ 0,01
SKI116;IDENTIFICADOR COM NUMERO 116;100;R$ 0,20;4;9,75;R$ 0,01
SKI117;IDENTIFICADOR COM NUMERO 117;100;R$ 0,20;4;9,75;R$ 0,01
SKI118;IDENTIFICADOR COM NUMERO 118;100;R$ 0,20;4;9,75;R$ 0,01
SKI119;IDENTIFICADOR COM NUMERO 119;100;R$ 0,20;4;9,75;R$ 0,01
SKI12;IDENTIFICADOR COM NUMERO 12;100;R$ 0,37;4;9,75;R$ 0,03
SKI120;IDENTIFICADOR COM NUMERO 120;100;R$ 0,20;4;9,75;R$ 0,01
SKI121;IDENTIFICADOR COM NUMERO 121;100;R$ 0,20;4;9,75;R$ 0,01
SKI122;IDENTIFICADOR COM NUMERO 122;100;R$ 0,20;4;9,75;R$ 0,01
SKI123;IDENTIFICADOR COM NUMERO 123;100;R$ 0,20;4;9,75;R$ 0,01
SKI124;IDENTIFICADOR COM NUMERO 124;100;R$ 0,20;4;9,75;R$ 0,01
SKI125;IDENTIFICADOR COM NUMERO 125;100;R$ 0,20;4;9,75;R$ 0,01
SKI126;IDENTIFICADOR COM NUMERO 126;100;R$ 0,20;4;9,75;R$ 0,01
SKI127;IDENTIFICADOR COM NUMERO 127;100;R$ 0,20;4;9,75;R$ 0,01
SKI128;IDENTIFICADOR COM NUMERO 128;100;R$ 0,20;4;9,75;R$ 0,01
SKI129;IDENTIFICADOR COM NUMERO 129;100;R$ 0,20;4;9,75;R$ 0,01
SKI13;IDENTIFICADOR COM NUMERO 13;100;R$ 0,37;4;9,75;R$ 0,03
SKI130;IDENTIFICADOR COM NUMERO 130;100;R$ 0,20;4;9,75;R$ 0,01
SKI131;IDENTIFICADOR COM NUMERO 131;100;R$ 0,20;4;9,75;R$ 0,01
SKI132;IDENTIFICADOR COM NUMERO 132;100;R$ 0,20;4;9,75;R$ 0,01
SKI133;IDENTIFICADOR COM NUMERO 133;100;R$ 0,20;4;9,75;R$ 0,01
SKI134;IDENTIFICADOR COM NUMERO 134;100;R$ 0,20;4;9,75;R$ 0,01
SKI135;IDENTIFICADOR COM NUMERO 135;100;R$ 0,20;4;9,75;R$ 0,01
SKI136;IDENTIFICADOR COM NUMERO 136;100;R$ 0,20;4;9,75;R$ 0,01
SKI137;IDENTIFICADOR COM NUMERO 137;100;R$ 0,20;4;9,75;R$ 0,01
SKI138;IDENTIFICADOR COM NUMERO 138;100;R$ 0,20;4;9,75;R$ 0,01
SKI139;IDENTIFICADOR COM NUMERO 139;100;R$ 0,20;4;9,75;R$ 0,01
SKI14;IDENTIFICADOR COM NUMERO 14;100;R$ 0,20;4;9,75;R$ 0,01
SKI15;IDENTIFICADOR COM NUMERO 15;100;R$ 0,37;4;9,75;R$ 0,03
SKI16;IDENTIFICADOR COM NUMERO 16;100;R$ 0,37;4;9,75;R$ 0,03
SKI161;IDENTIFICADOR COM NUMERO 161;100;R$ 0,20;4;9,75;R$ 0,01
SKI162;IDENTIFICADOR COM NUMERO 162;100;R$ 0,20;4;9,75;R$ 0,01
SKI163;IDENTIFICADOR COM NUMERO 163;100;R$ 0,20;4;9,75;R$ 0,01
SKI164;IDENTIFICADOR COM NUMERO 164;100;R$ 0,20;4;9,75;R$ 0,01
SKI165;IDENTIFICADOR COM NUMERO 165;100;R$ 0,20;4;9,75;R$ 0,01
SKI166;IDENTIFICADOR COM NUMERO 166;100;R$ 0,20;4;9,75;R$ 0,01
SKI167;IDENTIFICADOR COM NUMERO 167;100;R$ 0,20;4;9,75;R$ 0,01
SKI168;IDENTIFICADOR COM NUMERO 168;100;R$ 0,20;4;9,75;R$ 0,01
SKI169;IDENTIFICADOR COM NUMERO 169;100;R$ 0,20;4;9,75;R$ 0,01
SKI17;IDENTIFICADOR COM NUMERO 17;100;R$ 0,37;4;9,75;R$ 0,03
SKI170;IDENTIFICADOR COM NUMERO 170;100;R$ 0,20;4;9,75;R$ 0,01
SKI171;IDENTIFICADOR COM NUMERO 171;100;R$ 0,20;4;9,75;R$ 0,01
SKI172;IDENTIFICADOR COM NUMERO 172;100;R$ 0,20;4;9,75;R$ 0,01
SKI173;IDENTIFICADOR COM NUMERO 173;100;R$ 0,20;4;9,75;R$ 0,01
SKI174;IDENTIFICADOR COM NUMERO 174;100;R$ 0,20;4;9,75;R$ 0,01
SKI175;IDENTIFICADOR COM NUMERO 175;100;R$ 0,20;4;9,75;R$ 0,01
SKI176;IDENTIFICADOR COM NUMERO 176;100;R$ 0,20;4;9,75;R$ 0,01
SKI177;IDENTIFICADOR COM NUMERO 177;100;R$ 0,20;4;9,75;R$ 0,01
SKI178;IDENTIFICADOR COM NUMERO 178;100;R$ 0,20;4;9,75;R$ 0,01
SKI179;IDENTIFICADOR COM NUMERO 179;100;R$ 0,20;4;9,75;R$ 0,01
SKI18;IDENTIFICADOR COM NUMERO 18;100;R$ 0,20;4;9,75;R$ 0,01
SKI180;IDENTIFICADOR COM NUMERO 180;100;R$ 0,20;4;9,75;R$ 0,01
SKI182;IDENTIFICADOR COM NUMERO 182;100;R$ 0,20;4;9,75;R$ 0,01
SKI183;IDENTIFICADOR COM NUMERO 183;100;R$ 0,20;4;9,75;R$ 0,01
SKI184;IDENTIFICADOR COM NUMERO 184;100;R$ 0,20;4;9,75;R$ 0,01
SKI185;IDENTIFICADOR COM NUMERO 185;100;R$ 0,20;4;9,75;R$ 0,01
SKI186;IDENTIFICADOR COM NUMERO 186;100;R$ 0,20;4;9,75;R$ 0,01
SKI187;IDENTIFICADOR COM NUMERO 187;100;R$ 0,20;4;9,75;R$ 0,01
SKI188;IDENTIFICADOR COM NUMERO 188;100;R$ 0,20;4;9,75;R$ 0,01
SKI189;IDENTIFICADOR COM NUMERO 189;100;R$ 0,20;4;9,75;R$ 0,01
SKI19;IDENTIFICADOR COM NUMERO 19;100;R$ 0,37;4;9,75;R$ 0,03
SKI190;IDENTIFICADOR COM NUMERO 190;100;R$ 0,20;4;9,75;R$ 0,01
SKI191;IDENTIFICADOR COM NUMERO 191;100;R$ 0,20;4;9,75;R$ 0,01
SKI192;IDENTIFICADOR COM NUMERO 192;100;R$ 0,20;4;9,75;R$ 0,01
SKI193;IDENTIFICADOR COM NUMERO 193;100;R$ 0,20;4;9,75;R$ 0,01
SKI194;IDENTIFICADOR COM NUMERO 194;100;R$ 0,20;4;9,75;R$ 0,01
SKI195;IDENTIFICADOR COM NUMERO 195;100;R$ 0,20;4;9,75;R$ 0,01
SKI196;IDENTIFICADOR COM NUMERO 196;100;R$ 0,20;4;9,75;R$ 0,01
SKI197;IDENTIFICADOR COM NUMERO 197;100;R$ 0,20;4;9,75;R$ 0,01
PRODUTO;DESCRICAO;LOTE MINIMO;PRECO;%ICMS;%IPI;IPI
SKI198;IDENTIFICADOR COM NUMERO 198;100;R$ 0,20;4;9,75;R$ 0,01
SKI199;IDENTIFICADOR COM NUMERO 199;100;R$ 0,20;4;9,75;R$ 0,01
SKI2;IDENTIFICADOR COM NUMERO 2;100;R$ 1,04;4;9,75;R$ 0,10
SKI20;IDENTIFICADOR COM NUMERO 20;100;R$ 0,37;4;9,75;R$ 0,03
SKI200;IDENTIFICADOR COM NUMERO 200;100;R$ 0,20;4;9,75;R$ 0,01
SKI201;IDENTIFICADOR COM NUMERO 201;100;R$ 0,20;4;9,75;R$ 0,01
SKI202;IDENTIFICADOR COM NUMERO 202;100;R$ 0,20;4;9,75;R$ 0,01
SKI203;IDENTIFICADOR COM NUMERO 203;100;R$ 0,20;4;9,75;R$ 0,01
SKI204;IDENTIFICADOR COM NUMERO 204;100;R$ 0,20;4;9,75;R$ 0,01
SKI205;IDENTIFICADOR COM NUMERO 205;100;R$ 0,20;4;9,75;R$ 0,01
SKI206;IDENTIFICADOR COM NUMERO 206;100;R$ 0,20;4;9,75;R$ 0,01
SKI207;IDENTIFICADOR COM NUMERO 207;100;R$ 0,20;4;9,75;R$ 0,01
SKI208;IDENTIFICADOR COM NUMERO 208;100;R$ 0,20;4;9,75;R$ 0,01
SKI209;IDENTIFICADOR COM NUMERO 209;100;R$ 0,20;4;9,75;R$ 0,01
SKI21;IDENTIFICADOR COM NUMERO 21;100;R$ 0,37;4;9,75;R$ 0,03
SKI210;IDENTIFICADOR COM NUMERO 210;100;R$ 0,20;4;9,75;R$ 0,01
SKI211;IDENTIFICADOR COM NUMERO 211;100;R$ 0,20;4;9,75;R$ 0,01
SKI212;IDENTIFICADOR COM NUMERO 212;100;R$ 0,20;4;9,75;R$ 0,01
SKI213;IDENTIFICADOR COM NUMERO 213;100;R$ 0,20;4;9,75;R$ 0,01
SKI214;IDENTIFICADOR COM NUMERO 214;100;R$ 0,20;4;9,75;R$ 0,01
SKI215;IDENTIFICADOR COM NUMERO 215;100;R$ 0,20;4;9,75;R$ 0,01
SKI216;IDENTIFICADOR COM NUMERO 216;100;R$ 0,20;4;9,75;R$ 0,01
SKI22;IDENTIFICADOR COM NUMERO 22;100;R$ 0,20;4;9,75;R$ 0,01
SKI23;IDENTIFICADOR COM NUMERO 23;100;R$ 0,20;4;9,75;R$ 0,01
SKI24;IDENTIFICADOR COM NUMERO 24;100;R$ 0,37;4;9,75;R$ 0,03
SKI25;IDENTIFICADOR COM NUMERO 25;100;R$ 0,37;4;9,75;R$ 0,03
SKI26;IDENTIFICADOR COM NUMERO 26;100;R$ 0,37;4;9,75;R$ 0,03
SKI27;IDENTIFICADOR COM NUMERO 27;100;R$ 0,37;4;9,75;R$ 0,03
SKI28;IDENTIFICADOR COM NUMERO 28;100;R$ 0,37;4;9,75;R$ 0,03
SKI29;IDENTIFICADOR COM NUMERO 29;100;R$ 0,20;4;9,75;R$ 0,01
SKI3;IDENTIFICADOR COM NUMERO 3;100;R$ 1,04;4;9,75;R$ 0,10
SKI30;IDENTIFICADOR COM NUMERO 30;100;R$ 0,37;4;9,75;R$ 0,03
SKI31;IDENTIFICADOR COM NUMERO 31;100;R$ 0,37;4;9,75;R$ 0,03
SKI32;IDENTIFICADOR COM NUMERO 32;100;R$ 0,37;4;9,75;R$ 0,03
SKI33;IDENTIFICADOR COM NUMERO 33;100;R$ 0,37;4;9,75;R$ 0,03
SKI34;IDENTIFICADOR COM NUMERO 34;100;R$ 0,20;4;9,75;R$ 0,01
SKI35;IDENTIFICADOR COM NUMERO 35;100;R$ 0,37;4;9,75;R$ 0,03
SKI36;IDENTIFICADOR COM NUMERO 36;100;R$ 0,37;4;9,75;R$ 0,03
SKI37;IDENTIFICADOR COM NUMERO 37;100;R$ 0,37;4;9,75;R$ 0,03
SKI38;IDENTIFICADOR COM NUMERO 38;100;R$ 0,37;4;9,75;R$ 0,03
SKI39;IDENTIFICADOR COM NUMERO 39;100;R$ 0,37;4;9,75;R$ 0,03
SKI4;IDENTIFICADOR COM NUMERO 4;100;R$ 1,04;4;9,75;R$ 0,10
SKI40;IDENTIFICADOR COM NUMERO 40;100;R$ 0,37;4;9,75;R$ 0,03
SKI41;IDENTIFICADOR COM NUMERO 41;100;R$ 0,37;4;9,75;R$ 0,03
SKI42;IDENTIFICADOR COM NUMERO 42;100;R$ 0,37;4;9,75;R$ 0,03
SKI43;IDENTIFICADOR COM NUMERO 43;100;R$ 0,37;4;9,75;R$ 0,03
SKI44;IDENTIFICADOR COM NUMERO 44;100;R$ 0,37;4;9,75;R$ 0,03
SKI45;IDENTIFICADOR COM NUMERO 45;100;R$ 0,37;4;9,75;R$ 0,03
SKI46;IDENTIFICADOR COM NUMERO 46;100;R$ 0,37;4;9,75;R$ 0,03
SKI47;IDENTIFICADOR COM NUMERO 47;100;R$ 0,37;4;9,75;R$ 0,03
SKI48;IDENTIFICADOR COM NUMERO 48;100;R$ 0,37;4;9,75;R$ 0,03
SKI49;IDENTIFICADOR COM NUMERO 49;100;R$ 0,20;4;9,75;R$ 0,01
SKI5;IDENTIFICADOR COM NUMERO 5;100;R$ 1,04;4;9,75;R$ 0,10
SKI50;IDENTIFICADOR COM NUMERO 50;100;R$ 0,37;4;9,75;R$ 0,03
SKI51;IDENTIFICADOR COM NUMERO 51;100;R$ 0,20;4;9,75;R$ 0,01
SKI52;IDENTIFICADOR COM NUMERO 52;100;R$ 0,37;4;9,75;R$ 0,03
SKI53;IDENTIFICADOR COM NUMERO 53;100;R$ 0,37;4;9,75;R$ 0,03
SKI54;IDENTIFICADOR COM NUMERO 54;100;R$ 0,20;4;9,75;R$ 0,01
SKI55;IDENTIFICADOR COM NUMERO 55;100;R$ 0,20;4;9,75;R$ 0,01
SKI56;IDENTIFICADOR COM NUMERO 56;100;R$ 0,37;4;9,75;R$ 0,03
SKI57;IDENTIFICADOR COM NUMERO 57;100;R$ 0,37;4;9,75;R$ 0,03
SKI58;IDENTIFICADOR COM NUMERO 58;100;R$ 0,37;4;9,75;R$ 0,03
SKI59;IDENTIFICADOR COM NUMERO 59;100;R$ 0,20;4;9,75;R$ 0,01
SKI6;IDENTIFICADOR COM NUMERO 6;100;R$ 1,04;4;9,75;R$ 0,10
SKI60;IDENTIFICADOR COM NUMERO 60;100;R$ 0,37;4;9,75;R$ 0,03
SKI61;IDENTIFICADOR COM NUMERO 61;100;R$ 0,24;4;9,75;R$ 0,02
SKI62;IDENTIFICADOR COM NUMERO 62;100;R$ 0,20;4;9,75;R$ 0,01
SKI63;IDENTIFICADOR COM NUMERO 63;100;R$ 0,24;4;9,75;R$ 0,02
SKI64;IDENTIFICADOR COM NUMERO 64;100;R$ 0,20;4;9,75;R$ 0,01
SKI65;IDENTIFICADOR COM NUMERO 65;100;R$ 0,24;4;9,75;R$ 0,02
SKI66;IDENTIFICADOR COM NUMERO 66;100;R$ 0,24;4;9,75;R$ 0,02
SKI67;IDENTIFICADOR COM NUMERO 67;100;R$ 0,24;4;9,75;R$ 0,02
SKI68;IDENTIFICADOR COM NUMERO 68;100;R$ 0,24;4;9,75;R$ 0,02
SKI69;IDENTIFICADOR COM NUMERO 69;100;R$ 0,24;4;9,75;R$ 0,02
SKI7;IDENTIFICADOR COM NUMERO 7;100;R$ 1,04;4;9,75;R$ 0,10
SKI70;IDENTIFICADOR COM NUMERO 70;100;R$ 0,24;4;9,75;R$ 0,02
SKI71;IDENTIFICADOR COM NUMERO 71;100;R$ 0,24;4;9,75;R$ 0,02
SKI72;IDENTIFICADOR COM NUMERO 72;100;R$ 0,24;4;9,75;R$ 0,02
SKI73;IDENTIFICADOR COM NUMERO 73;100;R$ 0,24;4;9,75;R$ 0,02
SKI74;IDENTIFICADOR COM NUMERO 74;100;R$ 0,24;4;9,75;R$ 0,02
SKI75;IDENTIFICADOR COM NUMERO 75;100;R$ 0,20;4;9,75;R$ 0,01
SKI76;IDENTIFICADOR COM NUMERO 76;100;R$ 0,24;4;9,75;R$ 0,02
SKI77;IDENTIFICADOR COM NUMERO 77;100;R$ 0,20;4;9,75;R$ 0,01
SKI78;IDENTIFICADOR COM NUMERO 78;100;R$ 0,24;4;9,75;R$ 0,02
SKI79;IDENTIFICADOR COM NUMERO 79;100;R$ 0,20;4;9,75;R$ 0,01
SKI8;IDENTIFICADOR COM NUMERO 8;100;R$ 0,37;4;9,75;R$ 0,03
SKI80;IDENTIFICADOR COM NUMERO 80;100;R$ 0,20;4;9,75;R$ 0,01
SKI81;IDENTIFICADOR COM NUMERO 81;100;R$ 0,20;4;9,75;R$ 0,01
SKI82;IDENTIFICADOR COM NUMERO 82;100;R$ 0,20;4;9,75;R$ 0,01
PRODUTO;DESCRICAO;LOTE MINIMO;PRECO;%ICMS;%IPI;IPI
SKI83;IDENTIFICADOR COM NUMERO 83;100;R$ 0,24;4;9,75;R$ 0,02
SKI84;IDENTIFICADOR COM NUMERO 84;100;R$ 0,24;4;9,75;R$ 0,02
SKI85;IDENTIFICADOR COM NUMERO 85;100;R$ 0,20;4;9,75;R$ 0,01
SKI86;IDENTIFICADOR COM NUMERO 86;100;R$ 0,20;4;9,75;R$ 0,01
SKI87;IDENTIFICADOR COM NUMERO 87;100;R$ 0,20;4;9,75;R$ 0,01
SKI88;IDENTIFICADOR COM NUMERO 88;100;R$ 0,20;4;9,75;R$ 0,01
SKI89;IDENTIFICADOR COM NUMERO 89;100;R$ 0,24;4;9,75;R$ 0,02
SKI9;IDENTIFICADOR COM NUMERO 9;100;R$ 0,37;4;9,75;R$ 0,03
SKI90;IDENTIFICADOR COM NUMERO 90;100;R$ 0,24;4;9,75;R$ 0,02
SKI91;IDENTIFICADOR COM NUMERO 91;100;R$ 0,20;4;9,75;R$ 0,01
SKI92;IDENTIFICADOR COM NUMERO 92;100;R$ 0,20;4;9,75;R$ 0,01
SKI93;IDENTIFICADOR COM NUMERO 93;100;R$ 0,20;4;9,75;R$ 0,01
SKI94;IDENTIFICADOR COM NUMERO 94;100;R$ 0,20;4;9,75;R$ 0,01
SKI95;IDENTIFICADOR COM NUMERO 95;100;R$ 0,24;4;9,75;R$ 0,02
SKI96;IDENTIFICADOR COM NUMERO 96;100;R$ 0,24;4;9,75;R$ 0,02
SKI97;IDENTIFICADOR COM NUMERO 97;100;R$ 0,20;4;9,75;R$ 0,01
SKI98;IDENTIFICADOR COM NUMERO 98;100;R$ 0,24;4;9,75;R$ 0,02
SKI99;IDENTIFICADOR COM NUMERO 99;100;R$ 0,20;4;9,75;R$ 0,01
SKI0M;IDENTIFICADOR COM SIMBOLO +;100;R$ 0,24;4;9,75;R$ 0,02
SKI0T;IDENTIFICADOR COM SIMBOLO -;100;R$ 0,24;4;9,75;R$ 0,02
SKI0P;IDENTIFICADOR COM SIMBOLO .;100;R$ 0,20;4;9,75;R$ 0,01
SKI0B;IDENTIFICADOR COM SIMBOLO /;100;R$ 0,20;4;9,75;R$ 0,01
SKI0I;IDENTIFICADOR COM SIMBOLO =;100;R$ 0,20;4;9,75;R$ 0,01
SKI0PE;IDENTIFICADOR COM SIMBOLO TERRA;100;R$ 0,25;4;9,75;R$ 0,02
SKI0A;IDENTIFICADOR COM SIMBOLO ~;100;R$ 0,20;4;9,75;R$ 0,01
SKIL1;IDENTIFICADOR L1;100;R$ 0,20;4;9,75;R$ 0,01
SKIL2;IDENTIFICADOR L2;100;R$ 0,20;4;9,75;R$ 0,01
SKIL3;IDENTIFICADOR L3;100;R$ 0,20;4;9,75;R$ 0,01
SKIN1;IDENTIFICADOR N1;100;R$ 0,20;4;9,75;R$ 0,01
SKIN2;IDENTIFICADOR N2;100;R$ 0,20;4;9,75;R$ 0,01
SKIN3;IDENTIFICADOR N3;100;R$ 0,20;4;9,75;R$ 0,01
SKIR1;IDENTIFICADOR R1;100;R$ 0,20;4;9,75;R$ 0,01
SKIR2;IDENTIFICADOR R2;100;R$ 0,20;4;9,75;R$ 0,01
SKIR3;IDENTIFICADOR R3;100;R$ 0,20;4;9,75;R$ 0,01
SKIS1;IDENTIFICADOR S1;100;R$ 0,20;4;9,75;R$ 0,01
SKIS2;IDENTIFICADOR S2;100;R$ 0,20;4;9,75;R$ 0,01
SKIS3;IDENTIFICADOR S3;100;R$ 0,20;4;9,75;R$ 0,01
SKIT1;IDENTIFICADOR T1;100;R$ 0,20;4;9,75;R$ 0,01
SKIT2;IDENTIFICADOR T2;100;R$ 0,20;4;9,75;R$ 0,01
SKIT3;IDENTIFICADOR T3;100;R$ 0,20;4;9,75;R$ 0,01
SKIU1;IDENTIFICADOR U1;100;R$ 0,37;4;9,75;R$ 0,03
SKIU2;IDENTIFICADOR U2;100;R$ 0,20;4;9,75;R$ 0,01
SKIU3;IDENTIFICADOR U3;100;R$ 0,20;4;9,75;R$ 0,01
SKIV1;IDENTIFICADOR V1;100;R$ 0,20;4;9,75;R$ 0,01
SKIV2;IDENTIFICADOR V2;100;R$ 0,20;4;9,75;R$ 0,01
SKIV3;IDENTIFICADOR V3;100;R$ 0,20;4;9,75;R$ 0,01
SKIW1;IDENTIFICADOR W1;100;R$ 0,20;4;9,75;R$ 0,01
SKIW2;IDENTIFICADOR W2;100;R$ 0,20;4;9,75;R$ 0,01
SKIW3;IDENTIFICADOR W3;100;R$ 0,20;4;9,75;R$ 0,01
SKIX1;IDENTIFICADOR X1;100;R$ 0,20;4;9,75;R$ 0,01
SKIX2;IDENTIFICADOR X2;100;R$ 0,50;4;9,75;R$ 0,04
SKIX3;IDENTIFICADOR X3;100;R$ 0,20;4;9,75;R$ 0,01
SKIY1;IDENTIFICADOR Y1;100;R$ 0,50;4;9,75;R$ 0,04
SKIY2;IDENTIFICADOR Y2;100;R$ 0,50;4;9,75;R$ 0,04
SKIY3;IDENTIFICADOR Y3;100;R$ 0,20;4;9,75;R$ 0,01
SKIZ1;IDENTIFICADOR Z1;100;R$ 0,50;4;9,75;R$ 0,04
SKIZ2;IDENTIFICADOR Z2;100;R$ 0,20;4;9,75;R$ 0,01
SKIZ3;IDENTIFICADOR Z3;100;R$ 0,50;4;9,75;R$ 0,04
SIB25;PLACA SEPARADORA BORNE K 2.5mm;1;R$ 2,32;4;9,75;R$ 0,22
SIB10;PLACA SEPARADORA BORNE K 4/10mm;1;R$ 2,32;4;9,75;R$ 0,22
SCC10;PONTE CONECTORA 10P BORNE K 10.0MM;1;R$ 13,50;4;9,75;R$ 1,31
SCC16;PONTE CONECTORA 10P BORNE K 16.0MM;1;R$ 29,66;4;9,75;R$ 2,89
SCC25;PONTE CONECTORA 10P BORNE K 2.5MM;1;R$ 8,85;4;9,75;R$ 0,86
SCC4;PONTE CONECTORA 10P BORNE K 4.0MM;1;R$ 10,58;4;9,75;R$ 1,03
SCC6;PONTE CONECTORA 10P BORNE K 6.0MM;1;R$ 12,53;4;9,75;R$ 1,22
SCC102;PONTE CONECTORA 2P BORNE K 10.0MM;1;R$ 2,10;4;9,75;R$ 0,20
SCC162;PONTE CONECTORA 2P BORNE K 16.0mm;1;R$ 3,81;4;9,75;R$ 0,37
SCC252;PONTE CONECTORA 2P BORNE K 2.5MM;1;R$ 1,65;4;9,75;R$ 0,16
SCC352;PONTE CONECTORA 2P BORNE K 35.0mm;1;R$ 5,76;4;9,75;R$ 0,56
SCC42;PONTE CONECTORA 2P BORNE K 4.0mm;1;R$ 1,85;4;9,75;R$ 0,18
SCC62;PONTE CONECTORA 2P BORNE K 6.0MM;1;R$ 2,23;4;9,75;R$ 0,21
SCC103;PONTE CONECTORA 3P BORNE K 10.0mm;1;R$ 3,19;4;9,75;R$ 0,31
SCC163;PONTE CONECTORA 3P BORNE K 16.0mm;1;R$ 4,51;4;9,75;R$ 0,43
SCC253;PONTE CONECTORA 3P BORNE K 2.5mm;1;R$ 2,89;4;9,75;R$ 0,28
SCC353;PONTE CONECTORA 3P BORNE K 35.0mm;1;R$ 6,66;4;9,75;R$ 0,64
SCC43;PONTE CONECTORA 3P BORNE K 4.0MM;1;R$ 3,55;4;9,75;R$ 0,34
SCC63;PONTE CONECTORA 3P BORNE K 6.0mm;1;R$ 3,49;4;9,75;R$ 0,34
SCC104;PONTE CONECTORA 4P BORNE K 10.0mm;1;R$ 4,17;4;9,75;R$ 0,40
SCC164;PONTE CONECTORA 4P BORNE K 16.0mm;1;R$ 6,15;4;9,75;R$ 0,59
SCC254;PONTE CONECTORA 4P BORNE K 2.5MM;1;R$ 2,73;4;9,75;R$ 0,26
SCC44;PONTE CONECTORA 4P BORNE K 4.0mm;1;R$ 4,00;4;9,75;R$ 0,39
SCC64;PONTE CONECTORA 4P BORNE K 6.0mm;1;R$ 5,16;4;9,75;R$ 0,50
SKEW35;POSTE FINAL BORNE K;1;R$ 0,57;4;9,75;R$ 0,05
STPN10;TAMPA CONECTOR BORNE K 10.0mm AZ;1;R$ 0,63;4;9,75;R$ 0,06
STP10;TAMPA CONECTOR BORNE K 10.0mm BG;1;R$ 0,56;4;9,75;R$ 0,05
STPN16;TAMPA CONECTOR BORNE K 16.0mm AZ;1;R$ 1,70;4;9,75;R$ 0,16
STP16;TAMPA CONECTOR BORNE K 16.0mm BG;1;R$ 0,71;4;9,75;R$ 0,06
STPN25;TAMPA CONECTOR BORNE K 2.5mm AZ;1;R$ 0,79;4;9,75;R$ 0,07
STP25;TAMPA CONECTOR BORNE K 2.5mm BG;1;R$ 0,41;4;9,75;R$ 0,03
PRODUTO;DESCRICAO;LOTE MINIMO;PRECO;%ICMS;%IPI;IPI
STP35;TAMPA CONECTOR BORNE K 35.0MM BG;1;R$ 0,84;4;9,75;R$ 0,08
STPN35;TAMPA CONECTOR BORNE K 35.0mm AZ;1;R$ 1,92;4;9,75;R$ 0,18
STP4;TAMPA CONECTOR BORNE K 4.0MM BG;1;R$ 0,62;4;9,75;R$ 0,06
STPN70;TAMPA CONECTOR BORNE K 70.0mm AZ;1;R$ 3,91;4;9,75;R$ 0,38
STP70;TAMPA CONECTOR BORNE K 70.0mm BG;1;R$ 1,61;4;9,75;R$ 0,15
QUA1316;BARRAMENTO N/T 16 TERM QUASAR;1;R$ 61,82;4;9,75;R$ 6,02
QUA1322;BARRAMENTO N/T 22 TERM QUASAR;1;R$ 77,28;4;9,75;R$ 7,53
QUA1332;BARRAMENTO N/T 32 TERM QUASAR;1;R$ 92,73;4;9,75;R$ 9,04
QUA1308;BARRAMENTO N/T 8 TERM QUASAR;1;R$ 30,91;4;9,75;R$ 3,01
QUA16CH;CHAVE PARA QUASAR - CHAVE;1;R$ 352,89;4;9,75;R$ 34,40
QUA16QU;CHAVE PARA QUASAR - QUADRADO;1;R$ 405,82;4;9,75;R$ 39,56
QUA16TR;CHAVE PARA QUASAR - TRIANGULO;1;R$ 366,71;4;9,75;R$ 35,75
QUA15IN;KIT DE ASSOCIACAO M32 QUASAR;1;R$ 36,13;4;9,75;R$ 3,52
QUA15EX;KIT DE FIX CAIXA EXTERNO QUASAR;1;R$ 29,57;4;9,75;R$ 2,88
QUA1122;PLACA 103X225 2 ABERTURAS QUASAR;1;R$ 50,28;4;9,75;R$ 4,90
QUA1123;PLACA 103X225 ABERT 100X107 QUASAR;1;R$ 48,41;4;9,75;R$ 4,71
QUA1105;PLACA 103X225 MARC 2 ABERT QUASAR;1;R$ 63,09;4;9,75;R$ 6,15
QUA1101;PLACA 65X85 MARCADA 50X50 QUASAR;1;R$ 26,54;4;9,75;R$ 2,58
QUA1121;PLACA 90X100 ABERTURA 65X85 QUASAR;1;R$ 25,22;4;9,75;R$ 2,45
QUA1103;PLACA 90X100 MARCADA 3X22 QUASAR;1;R$ 25,55;4;9,75;R$ 2,49
QUA1102;PLACA 90X100 MARCADA 65X65 QUASAR;1;R$ 28,39;4;9,75;R$ 2,76
QUA1104;PLACA 90X100 PARA IDENTIFICAÇAO QUASAR;1;R$ 28,39;4;9,75;R$ 2,76
QUA1106;PLACA 90X100MM FURADA P/ TOM EMB QUASAR 50X50MM;1;R$ 33,06;4;9,75;R$ 3,22
QUA1612;PLACA MODULAR PARA 12 MODULOS;1;R$ 110,29;4;9,75;R$ 10,75
QUA1618;PLACA MODULAR PARA 18 MODULOS;1;R$ 122,95;4;9,75;R$ 11,98
QUA1432N;PROTETOR NEUTRO P/ BARR 32 TERM QUASAR;1;R$ 22,83;4;9,75;R$ 2,22
QUA1408N;PROTETOR NEUTRO P/ BARR 8 TERM QUASAR;1;R$ 13,40;4;9,75;R$ 1,30
QUA1408T;PROTETOR TERRA P/ BARR 8 TERM QUASAR;1;R$ 13,40;4;9,75;R$ 1,30
QUA1303;QUADRO QUASAR 13 MODULOS 3 TOMADAS;1;R$ 384,71;4;9,75;R$ 37,50
QUA1303B;QUADRO QUASAR 13 MODULOS 3 TOMADAS DE BLOQUEIO;1;R$ 454,10;4;9,75;R$ 44,27
QUA1306;QUADRO QUASAR 13 MODULOS 6 TOMADAS;1;R$ 359,58;4;9,75;R$ 35,05
QUA1904B;QUADRO QUASAR 19 MODULOS 4 TOMADAS DE BLOQUEIO;1;R$ 542,69;4;9,75;R$ 52,91
QUA1908;QUADRO QUASAR 19 MODULOS 8 TOMADAS;1;R$ 624,10;4;9,75;R$ 60,84
QUA0112;QUADRO QUASAR 1X12 MODULOS 12 DISJUNTORES;1;R$ 294,12;4;9,75;R$ 28,67
QUA0118;QUADRO QUASAR 1X18 MODULOS 18 DISJUNTORES;1;R$ 326,80;4;9,75;R$ 31,86
QUA2403;QUADRO QUASAR 24 MODULOS 3 TOMADAS;1;R$ 717,73;4;9,75;R$ 69,97
QUA0212;QUADRO QUASAR 2X12 MODULOS 24 DISJUNTORES;1;R$ 359,49;4;9,75;R$ 35,05
QUA0218;QUADRO QUASAR 2X18 MODULOS 36 DISJUNTORES;1;R$ 395,43;4;9,75;R$ 38,55
QUA0003;QUADRO QUASAR 3 TOMADAS;1;R$ 238,24;4;9,75;R$ 23,22
QUA3604;QUADRO QUASAR 36 MODULOS 4 TOMADAS;1;R$ 947,90;4;9,75;R$ 92,42
QUA0312;QUADRO QUASAR 3X12 MODULOS 36 DISJUNTORES;1;R$ 434,97;4;9,75;R$ 42,40
QUA0318;QUADRO QUASAR 3X18 MODULOS 54 DISJUNTORES;1;R$ 478,46;4;9,75;R$ 46,64
QUA0004;QUADRO QUASAR 4 TOMADAS;1;R$ 264,71;4;9,75;R$ 25,80
QUA0418;QUADRO QUASAR 4X18 MODULOS 72 DISJUNTORES;1;R$ 669,85;4;9,75;R$ 65,31
QUA0501B;QUADRO QUASAR 5 MODULOS 1 TOMADAS DE BLOQUEIO;1;R$ 257,29;4;9,75;R$ 25,08
QUA0502;QUADRO QUASAR 5 MODULOS 2 TOMADAS;1;R$ 302,69;4;9,75;R$ 29,51
QUA0802B;QUADRO QUASAR 8 MODULOS 2 TOMADAS DE BLOQUEIO;1;R$ 336,33;4;9,75;R$ 32,79
QUA0804;QUADRO QUASAR 8 MODULOS 4 TOMADAS;1;R$ 448,43;4;9,75;R$ 43,72
QUA4634;QUADRO UNIVERSAL QUASAR 460X340X160;1;R$ 264,79;4;9,75;R$ 25,81
QUA4644;QUADRO UNIVERSAL QUASAR 460X448X160;1;R$ 229,69;4;9,75;R$ 22,39
QUA6134;QUADRO UNIVERSAL QUASAR 610X340X160;1;R$ 248,03;4;9,75;R$ 24,18
QUA6144;QUADRO UNIVERSAL QUASAR 610X448X160;1;R$ 223,02;4;9,75;R$ 21,74
QUA8444;QUADRO UNIVERSAL QUASAR 842X448X160;1;R$ 280,91;4;9,75;R$ 27,38
QUA1412;SUP INCLINADO P/ BARRAMENTOS N/T 12 MOD DIN QUASAR;1;R$ 17,55;4;9,75;R$ 1,71
QUA1418;SUPORTE INCLINADO P/BARRAMENTOS N/T 18 MOD DIN;1;R$ 21,07;4;9,75;R$ 2,05
S8622;TOM PAINEL KICK C/BORNE 10A 250V~ VM;1;R$ 5,81;7;9,75;R$ 0,56
S8621BR;TOM PAINEL KICK C/BORNE 20A 250V~ BR;1;R$ 3,22;7;9,75;R$ 0,31
S8621;TOM PAINEL KICK C/BORNE 20A 250V~ PT;1;R$ 8,06;7;9,75;R$ 0,78
S8623;TOM PAINEL KICK C/BORNE 20A 250V~ VM;1;R$ 8,06;7;9,75;R$ 0,78
S8630;TOM PAINEL KICK C/CABO 10A 250V VM;1;R$ 23,23;7;9,75;R$ 2,26
S8628;TOM PAINEL KICK C/CABO 10A 250V~ PT;1;R$ 23,23;7;9,75;R$ 2,26
S8628C;TOM PAINEL KICK C/CABO 10A 250V~ PT;1;R$ 14,04;7;9,75;R$ 1,36
S8629;TOM PAINEL KICK C/CABO 20A 250V~ PT;1;R$ 25,97;7;9,75;R$ 2,53
S8629C;TOM PAINEL KICK C/CABO 20A 250V~ PT;1;R$ 9,88;7;9,75;R$ 0,96
S8631;TOM PAINEL KICK C/CABO 20A 250V~ VM;1;R$ 25,97;7;9,75;R$ 2,53
S8625;TOM PAINEL KICK FAST-ON 20A 250V~ PT;1;R$ 4,37;7;9,75;R$ 0,42
S8627;TOM PAINEL KICK FAST-ON 20A 250V~ VM;1;R$ 4,37;7;9,75;R$ 0,42
S8620;TOM PAINEL KICK GARRA PLASTICA C/BORNE 10A;1;R$ 5,81;7;9,75;R$ 0,56
S8624;TOM PAINEL KICK GARRA PLASTICA FAST-ON 10A;1;R$ 3,97;7;9,75;R$ 0,38
S8626;TOM PAINEL KICK GARRA PLASTICA FAST-ON 10A;1;R$ 3,97;7;9,75;R$ 0,38
S8640AM;TOM QUASAR C/TAMPA 2P+T 10A 250V NBR14136 AMARELA;20;R$ 26,67;7;9,75;R$ 2,60
S8640;TOM QUASAR C/TAMPA 2P+T 10A 250V NBR14136 AZUL;20;R$ 26,67;7;9,75;R$ 2,60
S8640VM;TOM QUASAR C/TAMPA 2P+T 10A 250V NBR14136 VERMELHA;20;R$ 26,67;7;9,75;R$ 2,60
S8641AM;TOM QUASAR C/TAMPA 2P+T 20A 250V NBR14136 AMARELA;20;R$ 31,89;7;9,75;R$ 3,10
S8641;TOM QUASAR C/TAMPA 2P+T 20A 250V NBR14136 AZUL;20;R$ 31,89;7;9,75;R$ 3,10
S8641VM;TOM QUASAR C/TAMPA 2P+T 20A 250V NBR14136 VERMELHA;20;R$ 31,89;7;9,75;R$ 3,10
S8642;TOM QUASAR RJ 45 C/TAMPA AZUL;1;R$ 29,93;7;9,75;R$ 2,91
SCM521;BASE EMBUTIR OURO BOX 05 MODULOS P/ QUADRO SCM5;1;R$ 7,42;7;9,75;R$ 0,72
SCM806;BASE EMBUTIR OURO BOX 08 MODULOS P/ QUADRO SCM8;1;R$ 9,48;7;9,75;R$ 0,92
SCM12211;BASE EMBUTIR OURO BOX 12 MODULOS P/ QUADRO SCM12;1;R$ 12,54;7;9,75;R$ 1,22
SCM1611;BASE EMBUTIR OURO BOX 16 MODULOS P/ QUADRO SCM16;1;R$ 16,01;7;9,75;R$ 1,56
SCM24221;BASE EMBUTIR OURO BOX 24 MODULOS P/ QUADRO SCM24;1;R$ 22,65;7;9,75;R$ 2,20
SCE367;BASE EMBUTIR OURO BOX 36 MODULOS P/ QUADRO SCE36;1;R$ 23,31;7;9,75;R$ 2,27
SCE4831;BASE EMBUTIR OURO BOX 48 MODULOS P/ QUADRO SCE48;1;R$ 29,29;7;9,75;R$ 2,85
SVDI300B;KIT BASE DE EMBUTIR DO QUADRO CONECTIVIDADE VDI DI;1;R$ 16,51;7;9,75;R$ 1,60
SVDI300K;KIT CONECTIVIDADE VDI DIAMANT BOX PORTA OPACA;1;R$ 29,75;7;9,75;R$ 2,90
SSCM16KIT;KIT TAMPA PORTA OURO BOX 16 DIN BR;1;R$ 24,76;7;15;R$ 3,71
SKIT16PTW;KIT TAMPA PORTA OURO BOX 16 MOD PORTA FUME;1;R$ 29,64;7;9,75;R$ 2,88
SKIT16POW;KIT TAMPA PORTA OURO BOX 16 MOD PORTA OPACA;1;R$ 24,01;7;9,75;R$ 2,34
PRODUTO;DESCRICAO;LOTE MINIMO;PRECO;%ICMS;%IPI;IPI
SKIT5PTW;KIT TAMPA PORTA TRILHO OURO BOX 05 MOD PORTA FUME;1;R$ 14,05;7;15;R$ 2,10
SKIT5POW;KIT TAMPA PORTA TRILHO OURO BOX 05 MOD PORTA OPACA;1;R$ 10,20;7;9,75;R$ 0,99
SKIT8PTW;KIT TAMPA PORTA TRILHO OURO BOX 08 MOD PORTA FUME;1;R$ 17,63;7;9,75;R$ 1,71
SKIT8POW;KIT TAMPA PORTA TRILHO OURO BOX 08 MOD PORTA OPACA;1;R$ 14,22;7;9,75;R$ 1,38
SKIT12PTW;KIT TAMPA PORTA TRILHO OURO BOX 12 MOD PORTA FUME;1;R$ 23,24;7;9,75;R$ 2,26
SKIT12POW;KIT TAMPA PORTA TRILHO OURO BOX 12 MOD PORTA OPACA;1;R$ 18,81;7;9,75;R$ 1,83
SKIT24PTW;KIT TAMPA PORTA TRILHO OURO BOX 24 MOD PORTA FUME;1;R$ 41,39;7;9,75;R$ 4,03
SKIT24POW;KIT TAMPA PORTA TRILHO OURO BOX 24 MOD PORTA OPACA;1;R$ 33,98;7;9,75;R$ 3,31
SKIT36PTC;KIT TAMPA PORTA TRILHO OURO BOX 36 MOD PORTA FUME;1;R$ 82,56;7;9,75;R$ 8,04
SKIT36POC;KIT TAMPA PORTA TRILHO OURO BOX 36 MOD PORTA OPACA;1;R$ 69,95;7;9,75;R$ 6,82
SKIT48PTC;KIT TAMPA PORTA TRILHO OURO BOX 48 MOD PORTA FUME;1;R$ 116,47;7;15;R$ 17,47
SKIT48POC;KIT TAMPA PORTA TRILHO OURO BOX 48 MOD PORTA OPACA;1;R$ 87,90;7;9,75;R$ 8,57
SKIT0012;KIT TRAVA E PARAFUSOS P/ QUADROS DE DISTRIBUICAO;1;R$ 1,06;7;9,75;R$ 0,10
KIT1825VDI;KIT VDI OURO BOX 18X25 CM;1;R$ 26,90;7;9,75;R$ 2,62
SCM5PTK;PORTA FUME TRANSP OURO BOX 05 MOD P/ QD EMB/SOB;1;R$ 6,71;7;15;R$ 1,00
SCM8PTK;PORTA FUME TRANSP OURO BOX 08 MOD P/ QD EMB/SOB;1;R$ 8,73;7;9,75;R$ 0,85
SCM12PTK;PORTA FUME TRANSP OURO BOX 12 MOD P/ QD EMB/SOB;1;R$ 11,42;7;9,75;R$ 1,11
SCM16PTK;PORTA FUME TRANSP OURO BOX 16 MOD P/ QD EMB/SOB;1;R$ 15,13;7;9,75;R$ 1,47
SCM24PTK;PORTA FUME TRANSP OURO BOX 24/36/48 MOD EMB/SOB;1;R$ 20,07;7;9,75;R$ 1,95
SCM5POK;PORTA OPACA BRANCA OURO BOX 05 MOD P/ QD EMB/SOB;1;R$ 5,28;7;9,75;R$ 0,51
SCM8POK;PORTA OPACA BRANCA OURO BOX 08 MOD P/ QD EMB/SOB;1;R$ 7,12;7;9,75;R$ 0,69
SCM12POK;PORTA OPACA BRANCA OURO BOX 12 MOD P/ QD EMB/SOB;1;R$ 10,32;7;15;R$ 1,54
SCM16POK;PORTA OPACA BRANCA OURO BOX 16 MOD P/ QD EMB/SOB;1;R$ 12,01;7;9,75;R$ 1,17
SCM24POK;PORTA OPACA BRANCA OURO BOX 24/36/48 MOD EMB/SOB;1;R$ 16,33;7;9,75;R$ 1,59
SVDI300;QUADRO CONECTIVIDADE VDI DIAMANT BOX PORTA OPACA;1;R$ 46,26;7;9,75;R$ 4,51
SCE36PTB;QUADRO EMB 36 DISJ DIN P.TRANSP BARR;1;R$ 162,53;7;9,75;R$ 15,84
SGB5TC;QUADRO EMB GOLDEN BOX 05 IN PORTA TRANSP IP40;1;R$ 15,78;7;9,75;R$ 1,53
SGB8TC;QUADRO EMB GOLDEN BOX 08 DIN PORTA TRANSP IP40;1;R$ 21,15;7;9,75;R$ 2,06
SGB24OC;QUADRO EMB GOLDEN BOX 24 DIN PORTA OPACA IP40;1;R$ 43,83;7;9,75;R$ 4,27
SGB24TC;QUADRO EMB GOLDEN BOX 24 DIN PORTA TRANSP IP40;1;R$ 28,44;7;9,75;R$ 2,77
SGB36OC;QUADRO EMB GOLDEN BOX 36 DIN PORTA OPACA IP40;1;R$ 74,15;7;9,75;R$ 7,22
SGB48OC;QUADRO EMB GOLDEN BOX 48 DIN PORTA OPACA;1;R$ 96,23;7;9,75;R$ 9,38
SGB48TC;QUADRO EMB GOLDEN BOX 48 DIN PORTA TRANSP;1;R$ 110,67;7;9,75;R$ 10,79
SCM5TBR;QUADRO EMB OURO BOX 05 DIN PORTA FUME;1;R$ 16,99;7;9,75;R$ 1,65
SCM5TBRB;QUADRO EMB OURO BOX 05 DIN PORTA FUME C/ BARR;1;R$ 46,04;7;9,75;R$ 4,48
SCM5OBR;QUADRO EMB OURO BOX 05 DIN PORTA OPACA;1;R$ 14,79;7;9,75;R$ 1,44
SCM5OBRB;QUADRO EMB OURO BOX 05 DIN PORTA OPACA C/ BARR;1;R$ 24,81;7;9,75;R$ 2,41
SCM8TBR;QUADRO EMB OURO BOX 08 DIN PORTA FUME;1;R$ 22,78;7;9,75;R$ 2,22
SCM8TBRB;QUADRO EMB OURO BOX 08 DIN PORTA FUME C/ BARR;1;R$ 38,25;7;9,75;R$ 3,72
SCM8OBR;QUADRO EMB OURO BOX 08 DIN PORTA OPACA;1;R$ 19,80;7;9,75;R$ 1,93
SCM8OBRB;QUADRO EMB OURO BOX 08 DIN PORTA OPACA C/ BARR;1;R$ 33,25;7;9,75;R$ 3,24
SCM12TBR;QUADRO EMB OURO BOX 12 DIN PORTA FUME;1;R$ 30,06;7;9,75;R$ 2,93
SCM12TBRB;QUADRO EMB OURO BOX 12 DIN PORTA FUME C/ BARR;1;R$ 50,45;7;9,75;R$ 4,91
SCM12OBR;QUADRO EMB OURO BOX 12 DIN PORTA OPACA;1;R$ 26,13;7;9,75;R$ 2,54
SCM12OBRB;QUADRO EMB OURO BOX 12 DIN PORTA OPACA C/ BARR;1;R$ 43,88;7;9,75;R$ 4,27
SCM16TBR;QUADRO EMB OURO BOX 16 DIN PORTA FUME;1;R$ 38,36;7;9,75;R$ 3,74
SCM16TBRB;QUADRO EMB OURO BOX 16 DIN PORTA FUME C/ BARR;1;R$ 71,51;7;9,75;R$ 6,97
SCM16OBR;QUADRO EMB OURO BOX 16 DIN PORTA OPACA;1;R$ 33,35;7;9,75;R$ 3,25
SCM16OBRB;QUADRO EMB OURO BOX 16 DIN PORTA OPACA C/ BARR;1;R$ 55,99;7;9,75;R$ 5,45
SCM24TBR;QUADRO EMB OURO BOX 24 DIN PORTA FUME;1;R$ 54,27;7;9,75;R$ 5,29
SCM24TBRB;QUADRO EMB OURO BOX 24 DIN PORTA FUME C/ BARRAM;1;R$ 91,13;7;9,75;R$ 8,88
SCM24OBR;QUADRO EMB OURO BOX 24 DIN PORTA OPACA;1;R$ 47,21;7;9,75;R$ 4,60
SCM24OBRB;QUADRO EMB OURO BOX 24 DIN PORTA OPACA C/ BARRAM;1;R$ 68,67;7;9,75;R$ 6,69
SCE36PT;QUADRO EMB OURO BOX 36 DIN PORTA FUME;1;R$ 90,40;7;9,75;R$ 8,81
SCE36PO;QUADRO EMB OURO BOX 36 DIN PORTA OPACA;1;R$ 78,61;7;9,75;R$ 7,66
SCE36POB;QUADRO EMB OURO BOX 36 DIN PORTA OPACA C/ BARR;1;R$ 131,94;7;9,75;R$ 12,86
SCE48PT;QUADRO EMB OURO BOX 48 DIN PORTA FUME;1;R$ 117,31;7;9,75;R$ 11,43
SCE48PTB;QUADRO EMB OURO BOX 48 DIN PORTA FUME C/ BARR;1;R$ 203,38;7;9,75;R$ 19,82
SCE48PO;QUADRO EMB OURO BOX 48 DIN PORTA OPACA;1;R$ 102,01;7;9,75;R$ 9,94
SCE48POB;QUADRO EMB OURO BOX 48 DIN PORTA OPACA C/ BARR;1;R$ 171,23;7;9,75;R$ 16,69
SCM1825VDI;QUADRO EMB VDI OURO BOX 18X25 CM;1;R$ 34,65;7;9,75;R$ 3,37
SCM3225VDI;QUADRO EMB VDI OURO BOX 32X25 CM;1;R$ 98,18;7;9,75;R$ 9,57
SSCT2;QUADRO SOB COMBI BOX 02 DIN SEM PORTA;1;R$ 4,48;7;9,75;R$ 0,43
SSCT4;QUADRO SOB COMBI BOX 04 DIN SEM PORTA;1;R$ 4,92;7;9,75;R$ 0,47
SSB8OC;QUADRO SOB GOLDEN BOX 08 DIN PORTA OPACA;1;R$ 25,25;7;9,75;R$ 2,46
SSB8TC;QUADRO SOB GOLDEN BOX 08 DIN PORTA TRANS;1;R$ 29,05;7;9,75;R$ 2,83
SSB12OC;QUADRO SOB GOLDEN BOX 12 DIN PORTA OPACA;1;R$ 31,02;7;9,75;R$ 3,02
SSB24OC;QUADRO SOB GOLDEN BOX 24 DIN PORTA OPACA;1;R$ 57,20;7;9,75;R$ 5,57
SSB24TC;QUADRO SOB GOLDEN BOX 24 DIN PORTA TRANS;1;R$ 66,85;7;9,75;R$ 6,51
SSB36TC;QUADRO SOB GOLDEN BOX 36 DIN PORTA TRANS;1;R$ 119,94;7;9,75;R$ 11,69
SCV5PT;QUADRO SOB OURO BOX 05 DIN PORTA FUME;1;R$ 22,10;7;9,75;R$ 2,15
SCV5PTB;QUADRO SOB OURO BOX 05 DIN PORTA FUME C/ BARR;1;R$ 37,09;7;9,75;R$ 3,61
SCV5PO;QUADRO SOB OURO BOX 05 DIN PORTA OPACA;1;R$ 19,21;7;9,75;R$ 1,87
SCV5POB;QUADRO SOB OURO BOX 05 DIN PORTA OPACA C/ BARR;1;R$ 32,27;7;9,75;R$ 3,14
SCV8PT;QUADRO SOB OURO BOX 08 DIN PORTA FUME;1;R$ 31,29;7;9,75;R$ 3,05
SCV8PTB;QUADRO SOB OURO BOX 08 DIN PORTA FUME C/ BARR;1;R$ 52,52;7;9,75;R$ 5,12
SCV8PO;QUADRO SOB OURO BOX 08 DIN PORTA OPACA;1;R$ 27,20;7;9,75;R$ 2,65
SCV8POB;QUADRO SOB OURO BOX 08 DIN PORTA OPACA C/ BARR;1;R$ 45,67;7;9,75;R$ 4,45
SCV12PT;QUADRO SOB OURO BOX 12 DIN PORTA FUME;1;R$ 38,42;7;9,75;R$ 3,74
SCV12PTB;QUADRO SOB OURO BOX 12 DIN PORTA FUME C/ BARR;1;R$ 64,48;7;9,75;R$ 6,28
SCV12PO;QUADRO SOB OURO BOX 12 DIN PORTA OPACA;1;R$ 33,40;7;9,75;R$ 3,25
SCV12POB;QUADRO SOB OURO BOX 12 DIN PORTA OPACA C/ BARR;1;R$ 56,08;7;9,75;R$ 5,46
SCV24PT;QUADRO SOB OURO BOX 24 DIN PORTA FUME;1;R$ 70,85;7;9,75;R$ 6,90
SCV24PTB;QUADRO SOB OURO BOX 24 DIN PORTA FUME C/ BARR;1;R$ 120,05;7;9,75;R$ 11,70
SCV24PO;QUADRO SOB OURO BOX 24 DIN PORTA OPACA;1;R$ 61,61;7;9,75;R$ 6,00
SCV24POB;QUADRO SOB OURO BOX 24 DIN PORTA OPACA C/ BARR;1;R$ 103,42;7;9,75;R$ 10,08
SCV24OBR;QUADRO SOB OURO BOX 24 DISJ DIN PORTA BRANCA;1;R$ 62,90;7;9,75;R$ 6,13
SCS36PT;QUADRO SOB OURO BOX 36 DIN PORTA FUME;1;R$ 127,13;7;9,75;R$ 12,39
SCS36PTB;QUADRO SOB OURO BOX 36 DIN PORTA FUME C/ BARR;1;R$ 213,41;7;9,75;R$ 20,80
PRODUTO;DESCRICAO;LOTE MINIMO;PRECO;%ICMS;%IPI;IPI
SCS36PO;QUADRO SOB OURO BOX 36 DIN PORTA OPACA;1;R$ 110,54;7;9,75;R$ 10,77
SCS48PT;QUADRO SOB OURO BOX 48 DIN PORTA FUME;1;R$ 163,22;7;9,75;R$ 15,91
SCS48PTB;QUADRO SOB OURO BOX 48 DIN PORTA FUME C/ BARR;1;R$ 229,60;7;9,75;R$ 22,38
SCS48PO;QUADRO SOB OURO BOX 48 DIN PORTA OPACA;1;R$ 141,93;7;9,75;R$ 13,83
SSB2;QUADRO SOB SILVER BOX 02 DIN;1;R$ 4,01;7;9,75;R$ 0,39
SSB4;QUADRO SOB SILVER BOX 04 DIN;1;R$ 4,39;7;9,75;R$ 0,42
SSB5OC;QUADRO SOB SILVER BOX 05 DIN PORTA OPACA;1;R$ 14,85;7;9,75;R$ 1,44
8621758;BASE DA TOMADA 2P+T 10/20A M897 NOVA;1;R$ 231,75;7;3,25;R$ 7,53
869596;CONJ CAMPAINHA SOM CIGARRA STELLA BIVOLT;1;R$ 11,28;7;15;R$ 1,69
869192;CONJ MODULO ANTENA DE TV E VIDEO STELLA;1;R$ 6,07;7;3,25;R$ 0,19
869195;CONJ MODULO INFORMATICA STELLA RJ45 8 VIAS;1;R$ 10,44;7;3,25;R$ 0,33
869191;CONJ MODULO SAIDA DE FIO STELLA 9.0MM;1;R$ 2,36;7;3,25;R$ 0,07
869193;CONJ MODULO TELEFONIA STELLA RJ11 2 VIAS;1;R$ 6,07;7;3,25;R$ 0,19
869194;CONJ MODULO TELEFONIA STELLA RJ11 4 VIAS;1;R$ 6,50;7;3,25;R$ 0,21
869180;CONJ PULSADOR P/CAMPAINHA STELLA 10A 250V~;1;R$ 4,97;7;3,25;R$ 0,16
869220;CONJ STELLA 1 INT PARAL HORIZ 10A 250V~;1;R$ 4,32;7;3,25;R$ 0,14
869312;CONJ STELLA 1 INT SIMP + 1 INT PARAL 10A 250V~;1;R$ 6,72;7;3,25;R$ 0,21
869316;CONJ STELLA 1 INT SIMP + 1 TOM 2P+T 10A 250V~;1;R$ 5,96;7;9,75;R$ 0,58
869317;CONJ STELLA 1 INT SIMP + 1 TOM 2P+T 20A 250V~;1;R$ 7,22;7;9,75;R$ 0,70
869210;CONJ STELLA 1 INT SIMP HORIZ 10A 250V~;1;R$ 2,89;7;3,25;R$ 0,09
869260;CONJ STELLA 1 TOM 2P+T 10A 250V~ HORIZONTAL;1;R$ 3,48;7;9,75;R$ 0,33
869261;CONJ STELLA 1 TOM 2P+T 20A 250V~ HORIZONTAL;1;R$ 5,25;7;9,75;R$ 0,51
869320;CONJ STELLA 2 INT PARAL 10A 250V~;1;R$ 7,90;7;3,25;R$ 0,25
869516;CONJ STELLA 2 INT SIMP + 1 TOM 2P+T 10A 250V~;1;R$ 7,93;7;9,75;R$ 0,77
869310;CONJ STELLA 2 INT SIMP 10A 250V~;1;R$ 5,56;7;3,25;R$ 0,18
869360;CONJ STELLA 2 TOM 2P+T 10A 250V~;1;R$ 6,24;7;9,75;R$ 0,60
869361;CONJ STELLA 2 TOM 2P+T 20A 250V~;1;R$ 8,74;7;9,75;R$ 0,85
869510;CONJ STELLA 3 INT SIMP 10A 250V~;1;R$ 7,48;7;3,25;R$ 0,24
868031;MOD. INTERRUPTOR STELLA BIPOLAR PARALELO 10A 250V~;1;R$ 9,00;7;3,25;R$ 0,29
868030;MOD. INTERRUPTOR STELLA BIPOLAR SIMPLES 10A 250V~;1;R$ 7,50;7;3,25;R$ 0,24
868040;MOD. INTERRUPTOR STELLA INTERMEDIARIO 10A 250V~;1;R$ 9,10;7;3,25;R$ 0,29
868010;MOD. INTERRUPTOR STELLA SIMPLES 10A 250V~;1;R$ 1,92;7;3,25;R$ 0,06
868082;MOD. PULSADOR PARA MINUTERIA STELLA 10A 250V~;1;R$ 3,27;7;3,25;R$ 0,10
868103;MOD. TOMADA CARREGADOR USB STELLA 1.0A 127/220V~;1;R$ 19,05;7;9,75;R$ 1,85
868060VM;MOD. TOMADA STELLA 2P+T 10A 250V~ VERMELHA;1;R$ 2,24;7;9,75;R$ 0,21
868061VM;MOD. TOMADA STELLA 2P+T 20A 250V~ VERMELHA;1;R$ 3,50;7;9,75;R$ 0,34
868090;MODULO CEGO STELLA;1;R$ 0,67;7;3,25;R$ 0,02
868092;MODULO COAXIAL STELLA TV E VIDEO;1;R$ 4,37;7;3,25;R$ 0,14
868095;MODULO INFORMATICA RJ45 STELLA CAT 5E;1;R$ 8,72;7;3,25;R$ 0,28
868091;MODULO SAIDA DE FIO STELLA 9.0MM;1;R$ 0,67;7;3,25;R$ 0,02
868093;MODULO TELEFONIA RJ11 STELLA 2 VIAS;1;R$ 4,37;7;3,25;R$ 0,14
868094;MODULO TELEFONIA RJ11 STELLA 4 VIAS;1;R$ 4,81;7;3,25;R$ 0,15
868097;MÓD. CAMPAINHA CIGARRA STELLA 127/220V~;1;R$ 10,46;7;3,25;R$ 0,33
868020;MÓD. INTERRUPTOR STELLA PARALELO 10A 250V~;1;R$ 3,09;7;3,25;R$ 0,10
868080;MÓD. PULSADOR PARA CAMPAINHA STELLA 10A 250V~;1;R$ 3,27;7;3,25;R$ 0,10
868060;MÓD. TOMADA STELLA 2P+T 10A 250V~;1;R$ 2,24;7;9,75;R$ 0,21
868061;MÓD. TOMADA STELLA 2P+T 20A 250V~;1;R$ 3,50;7;9,75;R$ 0,34
868051;MÓD. VARIADOR DE LUZ BI-VOLT STELLA;1;R$ 15,39;7;3,25;R$ 0,50
868050;MÓD. VARIADOR DE VENTILADOR BI-VOLT STELLA;1;R$ 15,39;7;3,25;R$ 0,50
869171;PLACA 4X2 1 MOD VERTI COM SUPORTE 1 MOD STELLA;1;R$ 1,56;4;9,75;R$ 0,15
869270;PLACA 4X2 1 MÓD HORIZ COM SUPORTE 3 MÓD STELLA;1;R$ 1,65;7;3,25;R$ 0,05
869370;PLACA 4X2 2 MOD SEPARADOS COM SUPORTE 3 MOD STELLA;1;R$ 1,65;7;3,25;R$ 0,05
869473;PLACA 4X2 2 MÓD CENTRAIS COM SUPORTE 2 MÓD STELLA;1;R$ 1,65;7;3,25;R$ 0,05
869570;PLACA 4X2 3 MÓD HORIZ COM SUPORTE 3 MÓD STELLA;1;R$ 1,65;7;3,25;R$ 0,05
869070;PLACA 4X2 CEGA COM SUPORTE 3 MÓD STELLA;1;R$ 1,65;7;3,25;R$ 0,05
869012;PLACA 4X2 STELLA 1 MODULO HORIZONTAL;1;R$ 0,95;7;3,25;R$ 0,03
869013;PLACA 4X2 STELLA 2 MODULOS SEPARADOS;1;R$ 0,95;7;3,25;R$ 0,03
869015;PLACA 4X2 STELLA 3 MODULOS;1;R$ 0,95;7;3,25;R$ 0,03
869010;PLACA 4X2 STELLA CEGA;1;R$ 0,95;7;3,25;R$ 0,03
869772;PLACA 4X4 1+1 MÓD HORIZ COM SUPORTE 6 MÓD STELLA;1;R$ 3,27;7;3,25;R$ 0,10
869974;PLACA 4X4 2+2 MÓD HORIZ COM SUPORTE 2+2 MÓD STELLA;1;R$ 3,27;7;3,25;R$ 0,10
869872;PLACA 4X4 2+2 MÓD HORIZ COM SUPORTE 6 MÓD STELLA;1;R$ 3,27;7;3,25;R$ 0,10
869072;PLACA 4X4 3+3 MÓD HORIZ COM SUPORTE 6 MÓD STELLA;1;R$ 3,27;7;3,25;R$ 0,10
869672;PLACA 4X4 CEGA COM SUPORTE 6 MÓD STELLA;1;R$ 3,27;7;3,25;R$ 0,10
869017;PLACA 4X4 STELLA 1+1 MODULO;1;R$ 1,91;7;3,25;R$ 0,06
869019;PLACA 4X4 STELLA 2+2 MODULOS CENTRAIS;1;R$ 1,93;7;3,25;R$ 0,06
869018;PLACA 4X4 STELLA 2+2 MODULOS SEPARADOS;1;R$ 1,91;7;3,25;R$ 0,06
869020;PLACA 4X4 STELLA 3+3 MODULOS;1;R$ 1,91;7;3,25;R$ 0,06
869016;PLACA 4X4 STELLA CEGA;1;R$ 1,91;7;3,25;R$ 0,06
869073;PLACA CIRCULAR PARA TETO;1;R$ 1,80;7;9,75;R$ 0,17
868105;SENSOR DE PRESENCA DE EMBUTIR;1;R$ 24,39;4;3,25;R$ 0,79
868106;SENSOR DE PRESENCA DE SOBREPOR;1;R$ 24,39;4;3,25;R$ 0,79
868107;SENSOR DE PRESENCA SOQUETE;1;R$ 25,51;4;3,25;R$ 0,82
868070;SUPORTE STELLA 4x2 3 MODULOS;1;R$ 0,76;7;3,25;R$ 0,02
868072;SUPORTE STELLA 4x4 6 MODULOS;1;R$ 1,37;7;3,25;R$ 0,04
SBN10T;BARRA NEUTRO 10 TERM. (AZ);20;R$ 15,10;7;9,75;R$ 1,47
SBT10T;BARRA TERRA 10 TERM. (VD);20;R$ 15,09;7;9,75;R$ 1,47
SBTN8CD;BARRAM NEUTRO/TERRA 06 TERM FIX 106.0MM;20;R$ 14,21;7;9,75;R$ 1,38
SBTN5;BARRAM NEUTRO/TERRA 06 TERM FIX 70.0MM;1;R$ 7,70;7;9,75;R$ 0,75
SBTN8B;BARRAM NEUTRO/TERRA 08 TERM FIX 170.0MM;20;R$ 15,33;7;9,75;R$ 1,49
SBTN14;BARRAM NEUTRO/TERRA 12 TERM FIX 210.0MM;20;R$ 18,46;7;9,75;R$ 1,79
S2F210B;BARRAMENTO BIFASICO 80A 440V 12 POLOS DIN;20;R$ 20,97;7;0;R$ 0,00
S2F285B;BARRAMENTO BIFASICO 80A 440V 16 POLOS DIN;20;R$ 26,57;7;0;R$ 0,00
S2F320B;BARRAMENTO BIFASICO 80A 440V 19 POLOS DIN;1;R$ 49,55;7;0;R$ 0,00
S2F1000B;BARRAMENTO BIFASICO 80A 440V 54 POLOS DIN;1;R$ 93,65;7;0;R$ 0,00
S1F210B;BARRAMENTO MONOFASICO 80A 440V 12 POLOS DIN;20;R$ 11,55;7;0;R$ 0,00
S1F285B;BARRAMENTO MONOFASICO 80A 440V 16 POLOS DIN;20;R$ 14,63;7;0;R$ 0,00
S1F320B;BARRAMENTO MONOFASICO 80A 440V 19 POLOS DIN;1;R$ 21,69;7;0;R$ 0,00
S1F1000B;BARRAMENTO MONOFASICO 80A 440V 54 POLOS DIN;1;R$ 45,82;7;0;R$ 0,00
PRODUTO;DESCRICAO;LOTE MINIMO;PRECO;%ICMS;%IPI;IPI
SBN6;BARRAMENTO NEUTRO 06 TERM AZUL FIX 70.0MM;20;R$ 11,34;7;9,75;R$ 1,10
SBN8;BARRAMENTO NEUTRO 08 TERM AZUL FIX 89.0MM;20;R$ 13,31;7;9,75;R$ 1,29
SBN11;BARRAMENTO NEUTRO 11 TERM AZUL FIX 89.0 E 119.0MM;20;R$ 14,92;7;9,75;R$ 1,45
SBT6;BARRAMENTO TERRA 06 TERM VERDE FIX 70.0MM;20;R$ 11,33;7;9,75;R$ 1,10
SBT8;BARRAMENTO TERRA 08 TERM VERDE FIX 89.0MM;20;R$ 13,31;7;9,75;R$ 1,29
SBT11;BARRAMENTO TERRA 11 TERM VERDE FIX 89.0 E 119.0MM;20;R$ 14,92;7;9,75;R$ 1,45
S3F210B;BARRAMENTO TRIFASICO 80A 440V 12 POLOS DIN;20;R$ 29,06;7;0;R$ 0,00
S3F285B;BARRAMENTO TRIFASICO 80A 440V 16 POLOS DIN;20;R$ 36,78;7;0;R$ 0,00
S3F320B;BARRAMENTO TRIFASICO 80A 440V 19 POLOS DIN;1;R$ 78,15;7;0;R$ 0,00
S3F1000B;BARRAMENTO TRIFASICO 80A 440V 54 POLOS DIN;1;R$ 137,38;7;0;R$ 0,00
SCF1000FP;CONECTOR GENERICO 25MM2 C/03 PEÇAS NO FLOWPACK;1;R$ 26,86;7;9,75;R$ 2,61
SCF1000;CONECTOR GENERICO 25MM2 P/BARRAMENTOS;1;R$ 10,22;7;9,75;R$ 0,99
SCF2000FP;CONECTOR GENERICO 50MM2 C/03 PEÇAS NO FLOWPACK;1;R$ 37,40;7;9,75;R$ 3,64
SCF2000;CONECTOR GENERICO 50MM2 P/BARRAMENTOS;1;R$ 13,63;7;9,75;R$ 1,32
S682003;ISOLADOR DE FASE;1;R$ 2,87;7;9,75;R$ 0,27
S682003FP;ISOLADOR DE FASE FLOW PACK;1;R$ 3,34;7;9,75;R$ 0,32
SOB5DINBR;OBTURADOR PARA 5 DISJ DIN BRANCO;1;R$ 2,47;7;9,75;R$ 0,24
SOB5DIN;OBTURADOR PARA 5 DISJUNTORES DIN;1;R$ 2,37;7;9,75;R$ 0,23
S0055;ADAPTADOR BSP 1 1/4xNPT 1 1/4;1;R$ 17,15;7;0;R$ 0,00
S0144;ADAPTADOR BSP 1 x BSP 3/4;1;R$ 19,52;7;0;R$ 0,00
S0156;ADAPTADOR BSP 1/2x PG-16;1;R$ 11,13;7;0;R$ 0,00
S0145;ADAPTADOR BSP 1X PG-29;1;R$ 25,50;7;0;R$ 0,00
S0152;ADAPTADOR BSP 3/4 x 3/4 BSP;1;R$ 13,90;7;0;R$ 0,00
S0058;ADAPTADOR BSP 3/4 x PG-21;1;R$ 16,02;7;0;R$ 0,00
S0054;ADAPTADOR BSP-1 x NPT 1;1;R$ 16,24;7;0;R$ 0,00
S0146;ADAPTADOR PG-13.5x1/2 BSP;1;R$ 10,93;7;0;R$ 0,00
S0046;ADAPTADOR PG-13.5xNPT 1/2;1;R$ 8,40;7;0;R$ 0,00
S0047;ADAPTADOR PG-16 x NPT-1/2;1;R$ 9,67;7;0;R$ 0,00
S0162;ADAPTADOR PG-16 x BSP 3/4;1;R$ 11,13;7;0;R$ 0,00
S0048;ADAPTADOR PG-16XNPT 3/4;1;R$ 9,29;7;0;R$ 0,00
S709;ADAPTADOR PG-16xBSP-1/2;1;R$ 13,20;7;0;R$ 0,00
S0150;ADAPTADOR PG-21 x BSP 1 PLAST;1;R$ 12,67;7;0;R$ 0,00
S0049;ADAPTADOR PG-21 x NPT 3/4;1;R$ 10,06;7;0;R$ 0,00
S0149;ADAPTADOR PG-21xBSP 3/4;1;R$ 11,83;7;0;R$ 0,00
S0151;ADAPTADOR PG-29 X BSP 1;1;R$ 22,71;7;0;R$ 0,00
S0029;ADAPTADOR PG-29 X BSP-1 1/2;1;R$ 16,81;7;0;R$ 0,00
S0030;ADAPTADOR PG-29 x NPT-11/2;1;R$ 19,86;7;0;R$ 0,00
S0051;ADAPTADOR PG-29XNPT 1;1;R$ 17,00;7;0;R$ 0,00
S00112;ADAPTADOR PG-36 X BSP 11/2;1;R$ 14,49;7;0;R$ 0,00
S0160;ADAPTADOR PG11 x BSP 3/8;1;R$ 9,17;7;0;R$ 0,00
S853CIKT10;KIT PRENSA CABO BSP3/4 ALETADO CZ;1;R$ 20,17;4;0;R$ 0,00
S754P;"PORCA PRENSA CABO BSP-1"" CZ";1;R$ 2,68;7;0;R$ 0,00
S752P;"PORCA PRENSA CABO BSP-1/2"" CZ";1;R$ 3,12;7;0;R$ 0,00
S753P;"PORCA PRENSA CABO BSP-3/4"" CZ";1;R$ 2,73;7;0;R$ 0,00
S751P;"PORCA PRENSA CABO BSP-3/8"" CZ";1;R$ 3,00;7;0;R$ 0,00
S701P;PORCA PRENSA CABO PG-11 CZ;1;R$ 1,87;7;0;R$ 0,00
S702P;PORCA PRENSA CABO PG-13.5 CZ;1;R$ 1,91;7;0;R$ 0,00
S704P;PORCA PRENSA CABO PG-21 CZ;1;R$ 1,98;7;0;R$ 0,00
S871L;PRENSA CABO ALETADO M16 CZ R-LONGA;1;R$ 0,43;4;0;R$ 0,00
S856CI;PRENSA CABO BSP1 1/2 ALETADO CZ;10;R$ 18,16;4;0;R$ 0,00
S856CPTI;PRENSA CABO BSP1 1/2 ALETADO PT;10;R$ 18,16;4;0;R$ 0,00
S856SPTI;PRENSA CABO BSP1 1/2 ALETADO PT SEM PORCA;1;R$ 3,55;4;0;R$ 0,00
S856LI;PRENSA CABO BSP1 1/2 ALETADO R-LONGA CZ;10;R$ 21,78;4;0;R$ 0,00
S856LPTI;PRENSA CABO BSP1 1/2 ALETADO R-LONGA PT;10;R$ 21,78;4;0;R$ 0,00
S855CI;PRENSA CABO BSP1 1/4 ALETADO CZ;10;R$ 10,14;4;0;R$ 0,00
S855CPTI;PRENSA CABO BSP1 1/4 ALETADO PT;10;R$ 10,14;4;0;R$ 0,00
S855LI;PRENSA CABO BSP1 1/4 ALETADO R-LONGA CZ;10;R$ 12,18;4;0;R$ 0,00
S855LPTI;PRENSA CABO BSP1 1/4 ALETADO R-LONGA PT;10;R$ 12,18;4;0;R$ 0,00
S854CI;PRENSA CABO BSP1 ALETADO CZ;25;R$ 4,35;4;0;R$ 0,00
S854CIFP;PRENSA CABO BSP1 ALETADO CZ FLOW PACK;40;R$ 4,80;4;0;R$ 0,00
S854CPTI;PRENSA CABO BSP1 ALETADO PT;25;R$ 4,35;4;0;R$ 0,00
S854LI;PRENSA CABO BSP1 ALETADO R-LONGA CZ;25;R$ 5,22;4;0;R$ 0,00
S854LPTI;PRENSA CABO BSP1 ALETADO R-LONGA PT;25;R$ 5,22;4;0;R$ 0,00
S852CI;PRENSA CABO BSP1/2 ALETADO CZ;50;R$ 1,78;4;0;R$ 0,00
S852CIFP;PRENSA CABO BSP1/2 ALETADO CZ FLOW PACK;50;R$ 2,04;4;0;R$ 0,00
S852CPTI;PRENSA CABO BSP1/2 ALETADO PT;50;R$ 1,78;4;0;R$ 0,00
S852LI;PRENSA CABO BSP1/2 ALETADO R-LONGA CZ;50;R$ 2,15;4;0;R$ 0,00
S852LPTI;PRENSA CABO BSP1/2 ALETADO R-LONGA PT;50;R$ 2,15;4;0;R$ 0,00
S850CI;PRENSA CABO BSP1/4 ALETADO CZ;50;R$ 1,26;4;0;R$ 0,00
S850CIFP;PRENSA CABO BSP1/4 ALETADO CZ FLOW PACK;50;R$ 1,50;7;0;R$ 0,00
S850CPTI;PRENSA CABO BSP1/4 ALETADO PT;50;R$ 1,26;4;0;R$ 0,00
S850LI;PRENSA CABO BSP1/4 ALETADO R-LONGA CZ;50;R$ 1,51;4;0;R$ 0,00
S850LPTI;PRENSA CABO BSP1/4 ALETADO R-LONGA PT;50;R$ 1,51;4;0;R$ 0,00
S857CI;PRENSA CABO BSP2 ALETADO CZ;10;R$ 27,36;4;0;R$ 0,00
S857CPTI;PRENSA CABO BSP2 ALETADO PT;10;R$ 27,36;4;0;R$ 0,00
S857LI;PRENSA CABO BSP2 ALETADO R-LONGA CZ;10;R$ 32,83;4;0;R$ 0,00
S857LPTI;PRENSA CABO BSP2 ALETADO R-LONGA PT;10;R$ 32,83;4;0;R$ 0,00
S851CIFP;PRENSA CABO BSP3//8 ALETADO CZ FLOW PACK;50;R$ 1,79;4;0;R$ 0,00
S853CI;PRENSA CABO BSP3/4 ALETADO CZ;50;R$ 2,02;4;0;R$ 0,00
S853CIFP;PRENSA CABO BSP3/4 ALETADO CZ FLOW PACK;50;R$ 2,22;4;0;R$ 0,00
S853CPTI;PRENSA CABO BSP3/4 ALETADO PT;50;R$ 2,02;4;0;R$ 0,00
S853LI;PRENSA CABO BSP3/4 ALETADO R-LONGA CZ;50;R$ 2,86;4;0;R$ 0,00
S853LPTI;PRENSA CABO BSP3/4 ALETADO R-LONGA PT;50;R$ 2,89;4;0;R$ 0,00
S851CI;PRENSA CABO BSP3/8 ALETADO CZ IP67;50;R$ 1,56;4;0;R$ 0,00
S851CPTI;PRENSA CABO BSP3/8 ALETADO PT;50;R$ 1,56;4;0;R$ 0,00
S851LI;PRENSA CABO BSP3/8 ALETADO R-LONGA CZ;50;R$ 1,87;4;0;R$ 0,00
S851LPTI;PRENSA CABO BSP3/8 ALETADO R-LONGA PT;50;R$ 1,87;4;0;R$ 0,00
S870CI;PRENSA CABO M12X1.5 ALETADO CZ;50;R$ 1,95;4;0;R$ 0,00
S870CPTI;PRENSA CABO M12X1.5 ALETADO PT;50;R$ 1,95;4;0;R$ 0,00
PRODUTO;DESCRICAO;LOTE MINIMO;PRECO;%ICMS;%IPI;IPI
S870LI;PRENSA CABO M12X1.5 ALETADO R-LONGA CZ;50;R$ 2,34;4;0;R$ 0,00
S870LPTI;PRENSA CABO M12X1.5 ALETADO R-LONGA PT;50;R$ 2,34;4;0;R$ 0,00
S871C;PRENSA CABO M16 ALETADO CZ;1;R$ 0,37;4;0;R$ 0,00
S871CI;PRENSA CABO M16X1.5 ALETADO CZ;50;R$ 1,97;4;0;R$ 0,00
S871CPTI;PRENSA CABO M16X1.5 ALETADO PT;50;R$ 1,97;4;0;R$ 0,00
S871LI;PRENSA CABO M16X1.5 ALETADO R-LONGA CZ;50;R$ 2,35;4;0;R$ 0,00
S871LPTI;PRENSA CABO M16X1.5 ALETADO R-LONGA PT;50;R$ 2,35;4;0;R$ 0,00
S872L;PRENSA CABO M20 CZ R-LONGA;1;R$ 2,27;7;0;R$ 0,00
S872CI;PRENSA CABO M20X1.5 ALETADO CZ;50;R$ 2,19;4;0;R$ 0,00
S872CPTI;PRENSA CABO M20X1.5 ALETADO PT;50;R$ 2,19;4;0;R$ 0,00
S872LI;PRENSA CABO M20X1.5 ALETADO R-LONGA CZ;50;R$ 2,64;4;0;R$ 0,00
S872LPTI;PRENSA CABO M20X1.5 ALETADO R-LONGA PT;50;R$ 2,64;4;0;R$ 0,00
S873L;PRENSA CABO M25 CZ R-LONGA;1;R$ 3,66;4;0;R$ 0,00
S873CI;PRENSA CABO M25X1.5 ALETADO CZ;50;R$ 3,05;4;0;R$ 0,00
S873CPTI;PRENSA CABO M25X1.5 ALETADO PT;50;R$ 3,05;4;0;R$ 0,00
S873LI;PRENSA CABO M25X1.5 ALETADO R-LONGA CZ;50;R$ 3,66;4;0;R$ 0,00
S873LPTI;PRENSA CABO M25X1.5 ALETADO R-LONGA PT;50;R$ 3,66;4;0;R$ 0,00
S874CI;PRENSA CABO M32X1.5 ALETADO CZ;25;R$ 3,81;4;0;R$ 0,00
S874CPTI;PRENSA CABO M32X1.5 ALETADO PT;25;R$ 3,81;4;0;R$ 0,00
S874LI;PRENSA CABO M32X1.5 ALETADO R-LONGA CZ;25;R$ 4,59;4;0;R$ 0,00
S875C;PRENSA CABO M36 ALETADO CZ;1;R$ 4,73;4;0;R$ 0,00
S875CI;PRENSA CABO M36X1.5 ALETADO CZ;25;R$ 4,73;4;0;R$ 0,00
S875CPTI;PRENSA CABO M36X1.5 ALETADO PT;25;R$ 4,73;4;0;R$ 0,00
S875LI;PRENSA CABO M36X1.5 ALETADO R-LONGA CZ;25;R$ 5,69;4;0;R$ 0,00
S876C;PRENSA CABO M40 ALETADO CZ;1;R$ 13,08;4;0;R$ 0,00
S876CI;PRENSA CABO M40X1.5 ALETADO CZ;10;R$ 13,08;4;0;R$ 0,00
S876CPTI;PRENSA CABO M40X1.5 ALETADO PT;10;R$ 13,08;4;0;R$ 0,00
S876LI;PRENSA CABO M40X1.5 ALETADO R-LONGA CZ;10;R$ 15,68;4;0;R$ 0,00
S876LPTI;PRENSA CABO M40X1.5 ALETADO R-LONGA PT;10;R$ 15,68;4;0;R$ 0,00
S877CI;PRENSA CABO M50X1.5 ALETADO CZ;10;R$ 17,60;4;0;R$ 0,00
S877CPTI;PRENSA CABO M50X1.5 ALETADO PT;10;R$ 17,60;4;0;R$ 0,00
S877LI;PRENSA CABO M50X1.5 ALETADO R-LONGA CZ;10;R$ 21,13;4;0;R$ 0,00
S877LPTI;PRENSA CABO M50X1.5 ALETADO R-LONGA PT;10;R$ 21,13;4;0;R$ 0,00
S878L;PRENSA CABO M63 CZ R-LONGA;1;R$ 4,06;4;0;R$ 0,00
S878CI;PRENSA CABO M63X1.5 ALETADO CZ;10;R$ 16,38;4;0;R$ 0,00
S878CPTI;PRENSA CABO M63X1.5 ALETADO PT;10;R$ 16,38;4;0;R$ 0,00
S878LI;PRENSA CABO M63X1.5 ALETADO R-LONGA CZ;10;R$ 19,64;4;0;R$ 0,00
S878LPTI;PRENSA CABO M63X1.5 ALETADO R-LONGA PT;10;R$ 19,64;4;0;R$ 0,00
S801CI;PRENSA CABO PG11 ALETADO CZ;50;R$ 1,42;4;0;R$ 0,00
S801CPTI;PRENSA CABO PG11 ALETADO PT;50;R$ 1,42;4;0;R$ 0,00
S801LI;PRENSA CABO PG11 ALETADO R-LONGA CZ;50;R$ 1,65;4;0;R$ 0,00
S801LPTI;PRENSA CABO PG11 ALETADO R-LONGA PT;50;R$ 1,65;4;0;R$ 0,00
S802CI;PRENSA CABO PG13.5 ALETADO CZ;50;R$ 1,61;4;0;R$ 0,00
S802CPTI;PRENSA CABO PG13.5 ALETADO PT;50;R$ 1,73;4;0;R$ 0,00
S802LI;PRENSA CABO PG13.5 ALETADO R-LONGA CZ;50;R$ 1,30;4;0;R$ 0,00
S802LPTI;PRENSA CABO PG13.5 ALETADO R-LONGA PT;50;R$ 2,24;4;0;R$ 0,00
S803CPTI;PRENSA CABO PG16 ALETADO PT;50;R$ 2,59;4;0;R$ 0,00
S803LI;PRENSA CABO PG16 ALETADO R-LONGA CZ;50;R$ 2,55;4;0;R$ 0,00
S803LPTI;PRENSA CABO PG16 ALETADO R-LONGA PT;50;R$ 2,56;4;0;R$ 0,00
S803CI;PRENSA CABO PG16 CZ;50;R$ 1,61;4;0;R$ 0,00
S804CI;PRENSA CABO PG21 ALETADO CZ;50;R$ 2,55;4;0;R$ 0,00
S804CPTI;PRENSA CABO PG21 ALETADO PT;50;R$ 2,55;4;0;R$ 0,00
S804LI;PRENSA CABO PG21 ALETADO R-LONGA CZ;50;R$ 3,04;4;0;R$ 0,00
S804LPTI;PRENSA CABO PG21 ALETADO R-LONGA PT;50;R$ 3,04;4;0;R$ 0,00
S805C;PRENSA CABO PG29 ALETADO CZ;1;R$ 2,30;4;0;R$ 0,00
S805CI;PRENSA CABO PG29 ALETADO CZ;25;R$ 2,41;4;0;R$ 0,00
S805CPTI;PRENSA CABO PG29 ALETADO PT;25;R$ 2,41;4;0;R$ 0,00
S805LI;PRENSA CABO PG29 ALETADO R-LONGA CZ;25;R$ 2,90;4;0;R$ 0,00
S806CI;PRENSA CABO PG36 ALETADO CZ;10;R$ 11,18;4;0;R$ 0,00
S806C;PRENSA CABO PG36 ALETADO CZ;1;R$ 3,29;4;0;R$ 0,00
S806CPTI;PRENSA CABO PG36 ALETADO PT;10;R$ 11,18;4;0;R$ 0,00
S806LI;PRENSA CABO PG36 ALETADO R-LONGA CZ;10;R$ 13,42;4;0;R$ 0,00
S806LPTI;PRENSA CABO PG36 ALETADO R-LONGA PT;10;R$ 13,42;4;0;R$ 0,00
S807CI;PRENSA CABO PG42 ALETADO CZ;10;R$ 15,18;4;0;R$ 0,00
S807C;PRENSA CABO PG42 ALETADO CZ;1;R$ 15,18;4;0;R$ 0,00
S807CPTI;PRENSA CABO PG42 ALETADO PT;10;R$ 15,18;4;0;R$ 0,00
S807LI;PRENSA CABO PG42 ALETADO R-LONGA CZ;10;R$ 18,21;4;0;R$ 0,00
S807LPTI;PRENSA CABO PG42 ALETADO R-LONGA PT;10;R$ 18,21;4;0;R$ 0,00
S808CI;PRENSA CABO PG48 ALETADO CZ;10;R$ 24,50;4;0;R$ 0,00
S808CPTI;PRENSA CABO PG48 ALETADO PT;10;R$ 24,50;4;0;R$ 0,00
S808LI;PRENSA CABO PG48 ALETADO R-LONGA CZ;10;R$ 29,41;4;0;R$ 0,00
S808LPTI;PRENSA CABO PG48 ALETADO R-LONGA PT;10;R$ 29,41;4;0;R$ 0,00
S799CI;PRENSA CABO PG7 ALETADO CZ;50;R$ 1,29;4;0;R$ 0,00
S799CPTI;PRENSA CABO PG7 ALETADO PT;50;R$ 1,29;4;0;R$ 0,00
S799LI;PRENSA CABO PG7 ALETADO R-LONGA CZ;50;R$ 1,51;4;0;R$ 0,00
S799LPTI;PRENSA CABO PG7 ALETADO R-LONGA PT;50;R$ 1,51;4;0;R$ 0,00
S800CI;PRENSA CABO PG9 ALETADO CZ;50;R$ 1,22;4;0;R$ 0,00
S800CPTI;PRENSA CABO PG9 ALETADO PT;50;R$ 1,22;4;0;R$ 0,00
S800LI;PRENSA CABO PG9 ALETADO R-LONGA CZ;50;R$ 1,40;4;0;R$ 0,00
S800LPTI;PRENSA CABO PG9 ALETADO R-LONGA PT;50;R$ 1,40;4;0;R$ 0,00
S025;TAMPAO BSP-1;1;R$ 4,68;7;0;R$ 0,00
S023;TAMPAO BSP-1/2;1;R$ 4,29;7;0;R$ 0,00
S021;TAMPAO BSP-1/4;1;R$ 4,52;7;0;R$ 0,00
S027;TAMPAO BSP-11/2;1;R$ 5,91;7;0;R$ 0,00
S024;TAMPAO BSP-3/4;1;R$ 4,41;7;0;R$ 0,00
S002;TAMPAO PG-09;1;R$ 2,82;7;0;R$ 0,00
S004;TAMPAO PG-13.5 IP67;1;R$ 3,00;7;0;R$ 0,00
S005;TAMPAO PG-16 CZ;1;R$ 3,84;7;0;R$ 0,00
S005P;TAMPAO PG-16 PR;1;R$ 1,01;7;0;R$ 0,00
PRODUTO;DESCRICAO;LOTE MINIMO;PRECO;%ICMS;%IPI;IPI
S006;TAMPAO PG-21;1;R$ 5,50;7;0;R$ 0,00
S007;TAMPAO PG-29;1;R$ 5,71;7;0;R$ 0,00
SDCC61C32;CC CIRCUIT BREAKER CURVE 32A CURVE C 1P;1;R$ 15,74;4;6,5;R$ 1,02
SDCC61C06;CC CIRCUIT BREAKER CURVE 6A CURVE C 1P;1;R$ 23,61;4;6,5;R$ 1,53
SDCC61C10;DISJ CORRENTE CONTINUA 10A CURVA C 1P;1;R$ 15,74;4;6,5;R$ 1,02
SDCC62C10;DISJ CORRENTE CONTINUA 10A CURVA C 2P;1;R$ 37,85;4;6,5;R$ 2,46
SDCC64C10;DISJ CORRENTE CONTINUA 10A CURVA C 4P;1;R$ 100,66;4;6,5;R$ 6,54
SDCC64C16;DISJ CORRENTE CONTINUA 16A 4P CURVA C;1;R$ 100,66;4;6,5;R$ 6,54
SDCC61C16;DISJ CORRENTE CONTINUA 16A CURVA C 1P;1;R$ 15,74;4;6,5;R$ 1,02
SDCC62C16;DISJ CORRENTE CONTINUA 16A CURVA C 2P;1;R$ 37,85;4;6,5;R$ 2,46
SDCC61C01;DISJ CORRENTE CONTINUA 1A CURVA C 1P;1;R$ 39,35;4;6,5;R$ 2,55
SDCC61C20;DISJ CORRENTE CONTINUA 20A CURVA C 1P;1;R$ 15,74;4;6,5;R$ 1,02
SDCC62C20;DISJ CORRENTE CONTINUA 20A CURVA C 2P;1;R$ 37,85;4;6,5;R$ 2,46
SDCC64C20;DISJ CORRENTE CONTINUA 20A CURVA C 4P;1;R$ 100,66;4;6,5;R$ 6,54
SDCC61C25;DISJ CORRENTE CONTINUA 25A CURVA C 1P;1;R$ 15,74;4;6,5;R$ 1,02
SDCC62C25;DISJ CORRENTE CONTINUA 25A CURVA C 2P;1;R$ 37,85;4;6,5;R$ 2,46
SDCC64C25;DISJ CORRENTE CONTINUA 25A CURVA C 4P;1;R$ 100,66;4;6,5;R$ 6,54
SDCC61C02;DISJ CORRENTE CONTINUA 2A CURVA C 1P;1;R$ 27,54;4;6,5;R$ 1,79
SDCC62C02;DISJ CORRENTE CONTINUA 2A CURVA C 2P;1;R$ 66,91;4;6,5;R$ 4,34
SDCC64C02;DISJ CORRENTE CONTINUA 2A CURVA C 4P;1;R$ 110,02;4;6,5;R$ 7,15
SDCC64C32;DISJ CORRENTE CONTINUA 32A 4P CURVA C;1;R$ 100,66;4;6,5;R$ 6,54
SDCC62C32;DISJ CORRENTE CONTINUA 32A CURVA C 2P;1;R$ 37,85;4;6,5;R$ 2,46
SDCC64C40;DISJ CORRENTE CONTINUA 40A 4P CURVA C;1;R$ 102,57;4;6,5;R$ 6,66
SDCC61C40;DISJ CORRENTE CONTINUA 40A CURVA C 1P;1;R$ 19,68;4;6,5;R$ 1,27
SDCC62C40;DISJ CORRENTE CONTINUA 40A CURVA C 2P;1;R$ 38,92;4;6,5;R$ 2,52
SDCC61C04;DISJ CORRENTE CONTINUA 4A CURVA C 1P;1;R$ 23,61;4;6,5;R$ 1,53
SDCC62C04;DISJ CORRENTE CONTINUA 4A CURVA C 2P;1;R$ 66,91;4;6,5;R$ 4,34
SDCC64C04;DISJ CORRENTE CONTINUA 4A CURVA C 4P;1;R$ 109,00;4;6,5;R$ 7,08
SDCC61C50;DISJ CORRENTE CONTINUA 50A CURVA C 1P;1;R$ 19,68;4;6,5;R$ 1,27
SDCC62C50;DISJ CORRENTE CONTINUA 50A CURVA C 2P;1;R$ 38,92;4;6,5;R$ 2,52
SDCC64C50;DISJ CORRENTE CONTINUA 50A CURVA C 4P;1;R$ 102,57;4;6,5;R$ 6,66
SDCC62C63;DISJ CORRENTE CONTINUA 63A CURVA C 2P;1;R$ 40,36;4;6,5;R$ 2,62
SDCC64C63;DISJ CORRENTE CONTINUA 63A CURVA C 4P;1;R$ 109,00;4;6,5;R$ 7,08
SDCC62C06;DISJ CORRENTE CONTINUA 6A CURVA C 2P;1;R$ 64,34;4;6,5;R$ 4,18
SDCC64C06;DISJ CORRENTE CONTINUA 6A CURVA C 4P;1;R$ 109,00;4;6,5;R$ 7,08
SDD61C02;DISJUNTOR SERIE SD61 02A 1P CURVA C 3KA;12;R$ 14,06;4;6,5;R$ 0,91
SDD61C04;DISJUNTOR SERIE SD61 04A 1P CURVA C 3KA;12;R$ 14,06;4;6,5;R$ 0,91
SDD61B06;DISJUNTOR SERIE SD61 06A 1P CURVA B 3KA;12;R$ 9,67;4;6,5;R$ 0,62
SDD61C06;DISJUNTOR SERIE SD61 06A 1P CURVA C 3KA;12;R$ 9,76;4;6,5;R$ 0,63
SDD61B10;DISJUNTOR SERIE SD61 10A 1P CURVA B 3KA;12;R$ 4,27;4;6,5;R$ 0,27
SDD61C10;DISJUNTOR SERIE SD61 10A 1P CURVA C 3KA;12;R$ 4,39;4;6,5;R$ 0,28
SDD61B16;DISJUNTOR SERIE SD61 16A 1P CURVA B 3KA;12;R$ 4,27;4;6,5;R$ 0,27
SDD61C16;DISJUNTOR SERIE SD61 16A 1P CURVA C 3KA;12;R$ 4,39;4;6,5;R$ 0,28
SDD61B20;DISJUNTOR SERIE SD61 20A 1P CURVA B 3KA;12;R$ 4,27;4;6,5;R$ 0,27
SDD61C20;DISJUNTOR SERIE SD61 20A 1P CURVA C 3KA;12;R$ 4,39;4;6,5;R$ 0,28
SDD61B25;DISJUNTOR SERIE SD61 25A 1P CURVA B 3KA;12;R$ 4,27;4;6,5;R$ 0,27
SDD61C25;DISJUNTOR SERIE SD61 25A 1P CURVA C 3KA;12;R$ 4,39;4;6,5;R$ 0,28
SDD61B32;DISJUNTOR SERIE SD61 32A 1P CURVA B 3KA;12;R$ 4,27;4;6,5;R$ 0,27
SDD61C32;DISJUNTOR SERIE SD61 32A 1P CURVA C 3KA;12;R$ 4,39;4;6,5;R$ 0,28
SDD61B40;DISJUNTOR SERIE SD61 40A 1P CURVA B 3KA;12;R$ 5,17;4;6,5;R$ 0,33
SDD61C40;DISJUNTOR SERIE SD61 40A 1P CURVA C 3KA;12;R$ 5,24;4;6,5;R$ 0,34
SDD61C50;DISJUNTOR SERIE SD61 50A 1P CURVA C 3KA;12;R$ 5,24;4;6,5;R$ 0,34
SDD61C63;DISJUNTOR SERIE SD61 63A 1P CURVA C 3KA;12;R$ 6,75;4;6,5;R$ 0,43
SDD62B02;DISJUNTOR SERIE SD62 02A 2P CURVA B 3KA;6;R$ 22,98;4;6,5;R$ 1,49
SDD62C02;DISJUNTOR SERIE SD62 02A 2P CURVA C 3KA;6;R$ 38,03;4;6,5;R$ 2,47
SDD62B04;DISJUNTOR SERIE SD62 04A 2P CURVA B 3KA;6;R$ 22,98;4;6,5;R$ 1,49
SDD62C04;DISJUNTOR SERIE SD62 04A 2P CURVA C 3KA;6;R$ 38,03;4;6,5;R$ 2,47
SDD62B06;DISJUNTOR SERIE SD62 06A 2P CURVA B 3KA;6;R$ 20,96;4;6,5;R$ 1,36
SDD62C06;DISJUNTOR SERIE SD62 06A 2P CURVA C 3KA;6;R$ 33,90;4;6,5;R$ 2,20
SDD62B10;DISJUNTOR SERIE SD62 10A 2P CURVA B 3KA;6;R$ 16,60;4;6,5;R$ 1,07
SDD62C10;DISJUNTOR SERIE SD62 10A 2P CURVA C 3KA;6;R$ 17,11;4;6,5;R$ 1,11
SDD62B16;DISJUNTOR SERIE SD62 16A 2P CURVA B 3KA;6;R$ 16,60;4;6,5;R$ 1,07
SDD62C16;DISJUNTOR SERIE SD62 16A 2P CURVA C 3KA;6;R$ 17,11;4;6,5;R$ 1,11
SDD62B20;DISJUNTOR SERIE SD62 20A 2P CURVA B 3KA;6;R$ 16,60;4;6,5;R$ 1,07
SDD62C20;DISJUNTOR SERIE SD62 20A 2P CURVA C 3KA;6;R$ 17,11;4;6,5;R$ 1,11
SDD62B25;DISJUNTOR SERIE SD62 25A 2P CURVA B 3KA;6;R$ 16,60;4;6,5;R$ 1,07
SDD62C25;DISJUNTOR SERIE SD62 25A 2P CURVA C 3KA;6;R$ 17,11;4;6,5;R$ 1,11
SDD62B32;DISJUNTOR SERIE SD62 32A 2P CURVA B 3KA;6;R$ 16,60;4;6,5;R$ 1,07
SDD62C32;DISJUNTOR SERIE SD62 32A 2P CURVA C 3KA;6;R$ 17,11;4;6,5;R$ 1,11
SDD62B40;DISJUNTOR SERIE SD62 40A 2P CURVA B 3KA;6;R$ 18,84;4;6,5;R$ 1,22
SDD62C40;DISJUNTOR SERIE SD62 40A 2P CURVA C 3KA;6;R$ 19,01;4;6,5;R$ 1,23
SDD62C50;DISJUNTOR SERIE SD62 50A 2P CURVA C 3KA;6;R$ 19,01;4;6,5;R$ 1,23
SDD62C63;DISJUNTOR SERIE SD62 63A 2P CURVA C 3KA;6;R$ 25,53;4;6,5;R$ 1,65
SDD63C02;DISJUNTOR SERIE SD63 02A 3P CURVA C 3KA;4;R$ 46,91;4;6,5;R$ 3,04
SDD63C04;DISJUNTOR SERIE SD63 04A 3P CURVA C 3KA;4;R$ 46,91;4;6,5;R$ 3,04
SDD63C06;DISJUNTOR SERIE SD63 06A 3P CURVA C 3KA;4;R$ 42,72;4;6,5;R$ 2,77
SDD63C10;DISJUNTOR SERIE SD63 10A 3P CURVA C 3KA;4;R$ 23,70;4;6,5;R$ 1,54
SDD63C16;DISJUNTOR SERIE SD63 16A 3P CURVA C 3KA;4;R$ 23,70;4;6,5;R$ 1,54
SDD63C20;DISJUNTOR SERIE SD63 20A 3P CURVA C 3KA;4;R$ 23,70;4;6,5;R$ 1,54
SDD63C25;DISJUNTOR SERIE SD63 25A 3P CURVA C 3KA;4;R$ 23,70;4;6,5;R$ 1,54
SDD63C32;DISJUNTOR SERIE SD63 32A 3P CURVA C 3KA;4;R$ 23,70;4;6,5;R$ 1,54
SDD63C40;DISJUNTOR SERIE SD63 40A 3P CURVA C 3KA;4;R$ 25,20;4;6,5;R$ 1,63
SDD63C50;DISJUNTOR SERIE SD63 50A 3P CURVA C 3KA;4;R$ 25,20;4;6,5;R$ 1,63
SDD63C63;DISJUNTOR SERIE SD63 63A 3P CURVA C 3KA;4;R$ 30,37;4;6,5;R$ 1,97
SD61C70;DISJ SERIE SD61 70A 1P CURVA C 4.5kA;12;R$ 10,89;4;6,5;R$ 0,70
SD62C70;DISJ SERIE SD62 70A 2P CURVA C 4.5kA;6;R$ 29,13;4;6,5;R$ 1,89
SD63C70;DISJ SERIE SD63 70A 3P CURVA C 45kA;4;R$ 40,35;4;6,5;R$ 2,61
SDZD61C02;DISJ SERIE DDZ61 02A 1P CURVA C 6KA;1;R$ 21,22;4;6,5;R$ 1,37
SDZD61C04;DISJ SERIE DDZ61 04A 1P CURVA C 6KA;1;R$ 21,22;4;6,5;R$ 1,37
PRODUTO;DESCRICAO;LOTE MINIMO;PRECO;%ICMS;%IPI;IPI
SDZD61C06;DISJ SERIE DDZ61 06A 1P CURVA C 6KA;1;R$ 16,62;4;6,5;R$ 1,08
SDZD61B10;DISJ SERIE DDZ61 10A 1P CURVA B 6KA;1;R$ 7,34;4;6,5;R$ 0,47
SDZD61C10;DISJ SERIE DDZ61 10A 1P CURVA C 6KA;1;R$ 7,58;4;6,5;R$ 0,49
SDZD61B16;DISJ SERIE DDZ61 16A 1P CURVA B 6KA;1;R$ 7,34;4;6,5;R$ 0,47
SDZD61C16;DISJ SERIE DDZ61 16A 1P CURVA C 6KA;1;R$ 7,58;4;6,5;R$ 0,49
SDZD61B20;DISJ SERIE DDZ61 20A 1P CURVA B 6KA;1;R$ 7,34;4;6,5;R$ 0,47
SDZD61C20;DISJ SERIE DDZ61 20A 1P CURVA C 6KA;1;R$ 7,58;4;6,5;R$ 0,49
SDZD61B25;DISJ SERIE DDZ61 25A 1P CURVA B 6KA;1;R$ 7,34;4;6,5;R$ 0,47
SDZD61C25;DISJ SERIE DDZ61 25A 1P CURVA C 6KA;1;R$ 7,58;4;6,5;R$ 0,49
SDZD61B32;DISJ SERIE DDZ61 32A 1P CURVA B 6KA;1;R$ 7,34;4;6,5;R$ 0,47
SDZD61C32;DISJ SERIE DDZ61 32A 1P CURVA C 6KA;1;R$ 7,58;4;6,5;R$ 0,49
SDZD61B40;DISJ SERIE DDZ61 40A 1P CURVA B 6KA;1;R$ 8,45;4;6,5;R$ 0,54
SDZD61C40;DISJ SERIE DDZ61 40A 1P CURVA C 6KA;1;R$ 8,62;4;6,5;R$ 0,56
SDZD61C50;DISJ SERIE DDZ61 50A 1P CURVA C 6KA;1;R$ 8,62;4;6,5;R$ 0,56
SDZD61C63;DISJ SERIE DDZ61 63A 1P CURVA C 6KA;1;R$ 9,48;4;6,5;R$ 0,61
SDZD62C02;DISJ SERIE DDZ62 02A 2P CURVA C 6KA;1;R$ 30,86;4;6,5;R$ 2,00
SDZD62C04;DISJ SERIE DDZ62 04A 2P CURVA C 6KA;1;R$ 30,86;4;6,5;R$ 2,00
SDZD62B06;DISJ SERIE DDZ62 06A 2P CURVA B 6KA;1;R$ 27,01;4;6,5;R$ 1,75
SDZD62C06;DISJ SERIE DDZ62 06A 2P CURVA C 6KA;1;R$ 27,82;4;6,5;R$ 1,80
SDZD62B10;DISJ SERIE DDZ62 10A 2P CURVA B 6KA;1;R$ 17,79;4;6,5;R$ 1,15
SDZD62C10;DISJ SERIE DDZ62 10A 2P CURVA C 6KA;1;R$ 18,32;4;6,5;R$ 1,19
SDZD62B16;DISJ SERIE DDZ62 16A 2P CURVA B 6KA;1;R$ 17,79;4;6,5;R$ 1,15
SDZD62C16;DISJ SERIE DDZ62 16A 2P CURVA C 6KA;1;R$ 18,32;4;6,5;R$ 1,19
SDZD62B20;DISJ SERIE DDZ62 20A 2P CURVA B 6KA;1;R$ 17,79;4;6,5;R$ 1,15
SDZD62C20;DISJ SERIE DDZ62 20A 2P CURVA C 6KA;1;R$ 18,32;4;6,5;R$ 1,19
SDZD62B25;DISJ SERIE DDZ62 25A 2P CURVA B 6KA;1;R$ 17,79;4;6,5;R$ 1,15
SDZD62C25;DISJ SERIE DDZ62 25A 2P CURVA C 6KA;1;R$ 18,32;4;6,5;R$ 1,19
SDZD62B32;DISJ SERIE DDZ62 32A 2P CURVA B 6KA;1;R$ 17,79;4;6,5;R$ 1,15
SDZD62C32;DISJ SERIE DDZ62 32A 2P CURVA C 6KA;1;R$ 18,32;4;6,5;R$ 1,19
SDZD62B40;DISJ SERIE DDZ62 40A 2P CURVA B 6KA;1;R$ 20,26;4;6,5;R$ 1,31
SDZD62C40;DISJ SERIE DDZ62 40A 2P CURVA C 6KA;1;R$ 20,88;4;6,5;R$ 1,35
SDZD62C50;DISJ SERIE DDZ62 50A 2P CURVA C 6KA;1;R$ 20,88;4;6,5;R$ 1,35
SDZD62C63;DISJ SERIE DDZ62 63A 2P CURVA C 6KA;1;R$ 22,26;4;6,5;R$ 1,44
SDZD63C02;DISJ SERIE DDZ63 02A 3P CURVA C 6KA;1;R$ 43,87;4;6,5;R$ 2,85
SDZD63C04;DISJ SERIE DDZ63 04A 3P CURVA C 6KA;1;R$ 43,87;4;6,5;R$ 2,85
SDZD63C06;DISJ SERIE DDZ63 06A 3P CURVA C 6KA;4;R$ 37,21;4;6,5;R$ 2,41
SDZD63C10;DISJ SERIE DDZ63 10A 3P CURVA C 6KA;1;R$ 24,69;4;6,5;R$ 1,60
SDZD63C16;DISJ SERIE DDZ63 16A 3P CURVA C 6KA;1;R$ 24,69;4;6,5;R$ 1,60
SDZD63C20;DISJ SERIE DDZ63 20A 3P CURVA C 6KA;1;R$ 24,69;4;6,5;R$ 1,60
SDZD63C25;DISJ SERIE DDZ63 25A 3P CURVA C 6KA;1;R$ 24,69;4;6,5;R$ 1,60
SDZD63C32;DISJ SERIE DDZ63 32A 3P CURVA C 6KA;1;R$ 24,69;4;6,5;R$ 1,60
SDZD63C40;DISJ SERIE DDZ63 40A 3P CURVA C 6KA;1;R$ 29,15;4;6,5;R$ 1,89
SDZD63C50;DISJ SERIE DDZ63 50A 3P CURVA C 6KA;1;R$ 29,15;4;6,5;R$ 1,89
SDZD63C63;DISJ SERIE DDZ63 63A 3P CURVA C 6KA;1;R$ 32,30;4;6,5;R$ 2,09
SDD3C80;DISJ SERIE SD3 080A 3P CURVA C 10KA;4;R$ 89,04;4;6,5;R$ 5,78
SDA61C06;DISJ SERIE SDA61 06A 1P CURVA C 10KA;1;R$ 39,16;4;6,5;R$ 2,54
SDA61C10;DISJ SERIE SDA61 10A 1P CURVA C 10KA;1;R$ 15,73;4;6,5;R$ 1,02
SDA61C16;DISJ SERIE SDA61 16A 1P CURVA C 10KA;1;R$ 15,73;4;6,5;R$ 1,02
SDA61C20;DISJ SERIE SDA61 20A 1P CURVA C 10KA;1;R$ 15,73;4;6,5;R$ 1,02
SDA61C25;DISJ SERIE SDA61 25A 1P CURVA C 10KA;1;R$ 15,73;4;6,5;R$ 1,02
SDA61C32;DISJ SERIE SDA61 32A 1P CURVA C 10KA;1;R$ 15,73;4;6,5;R$ 1,02
SDA61C40;DISJ SERIE SDA61 40A 1P CURVA C 10KA;1;R$ 27,61;4;6,5;R$ 1,79
SDA61C50;DISJ SERIE SDA61 50A 1P CURVA C 10KA;1;R$ 27,61;4;6,5;R$ 1,79
SDA61C63;DISJ SERIE SDA61 63A 1P CURVA C 10KA;1;R$ 33,11;4;6,5;R$ 2,15
SDA62C06;DISJ SERIE SDA62 06A 2P CURVA C 10KA;1;R$ 84,11;4;6,5;R$ 5,46
SDA62C10;DISJ SERIE SDA62 10A 2P CURVA C 10KA;1;R$ 41,43;4;6,5;R$ 2,69
SDA62C16;DISJ SERIE SDA62 16A 2P CURVA C 10KA;1;R$ 41,43;4;6,5;R$ 2,69
SDA62C20;DISJ SERIE SDA62 20A 2P CURVA C 10KA;1;R$ 41,43;4;6,5;R$ 2,69
SDA62C25;DISJ SERIE SDA62 25A 2P CURVA C 10KA;1;R$ 41,43;4;6,5;R$ 2,69
SDA62C32;DISJ SERIE SDA62 32A 2P CURVA C 10KA;1;R$ 41,43;4;6,5;R$ 2,69
SDA62C40;DISJ SERIE SDA62 40A 2P CURVA C 10KA;1;R$ 60,11;4;6,5;R$ 3,90
SDA62C50;DISJ SERIE SDA62 50A 2P CURVA C 10KA;1;R$ 60,11;4;6,5;R$ 3,90
SDA62C63;DISJ SERIE SDA62 63A 2P CURVA C 10KA;1;R$ 66,30;4;6,5;R$ 4,30
SDA63C06;DISJ SERIE SDA63 06A 3P CURVA C 10KA;1;R$ 111,01;4;6,5;R$ 7,21
SDA63C10;DISJ SERIE SDA63 10A 3P CURVA C 10KA;1;R$ 75,84;4;6,5;R$ 4,92
SDA63C16;DISJ SERIE SDA63 16A 3P CURVA C 10KA;1;R$ 75,84;4;6,5;R$ 4,92
SDA63C20;DISJ SERIE SDA63 20A 3P CURVA C 10KA;1;R$ 75,84;4;6,5;R$ 4,92
SDA63C25;DISJ SERIE SDA63 25A 3P CURVA C 10KA;1;R$ 75,84;4;6,5;R$ 4,92
SDA63C32;DISJ SERIE SDA63 32A 3P CURVA C 10KA;1;R$ 75,84;4;6,5;R$ 4,92
SDA63C40;DISJ SERIE SDA63 40A 3P CURVA C 10KA;1;R$ 79,69;4;6,5;R$ 5,17
SDA63C50;DISJ SERIE SDA63 50A 3P CURVA C 10KA;1;R$ 79,69;4;6,5;R$ 5,17
SDA63C63;DISJ SERIE SDA63 63A 3P CURVA C 10KA;1;R$ 88,73;4;6,5;R$ 5,76
SDD1C80;DISJUNTOR SERIE SD1 080A 1P CURVA C 10KA;12;R$ 37,37;4;6,5;R$ 2,42
SDD1C100;DISJUNTOR SERIE SD1 100A 1P CURVA C 10KA;12;R$ 37,37;4;6,5;R$ 2,42
SDD1C125;DISJUNTOR SERIE SD1 125A 1P CURVA C 10KA;12;R$ 46,47;4;6,5;R$ 3,02
SDD2C80;DISJUNTOR SERIE SD2 080A 2P CURVA C 10KA;6;R$ 67,68;4;6,5;R$ 4,39
SDD2C100;DISJUNTOR SERIE SD2 100A 2P CURVA C 10KA;6;R$ 67,68;4;6,5;R$ 4,39
SDD2C125;DISJUNTOR SERIE SD2 125A 2P CURVA C 10KA;6;R$ 90,40;4;6,5;R$ 5,87
SDD3C100;DISJUNTOR SERIE SD3 100A 3P CURVA C 10KA;4;R$ 89,04;4;6,5;R$ 5,78
SDD3C125;DISJUNTOR SERIE SD3 125A 3P CURVA C 10KA;4;R$ 139,67;4;6,5;R$ 9,07
CA1209A;CANALETA APARENTE CONDUTECK 12X9 C/ ADESIVO;50;R$ 2,44;7;6,5;R$ 0,15
CA2010B;CANALETA APARENTE CONDUTECK 20X10 BR;50;R$ 3,18;7;6,5;R$ 0,20
CA2010AB;CANALETA APARENTE CONDUTECK 20X10 C/ ADESIVO BR;50;R$ 3,92;7;6,5;R$ 0,25
CA4016;CANALETA APARENTE CONDUTECK 40X16;15;R$ 7,01;4;6,5;R$ 0,45
CA4016A;CANALETA APARENTE CONDUTECK 40X16 C/ ADESIVO;30;R$ 9,35;7;6,5;R$ 0,60
CA5020;CANALETA APARENTE CONDUTECK 50X20;30;R$ 9,38;7;6,5;R$ 0,60
CA1209C90;COTOVELO 90 CONDUTECK 12X9;1;R$ 0,34;4;3,25;R$ 0,01
CA2010C90;COTOVELO 90 CONDUTECK 20X10;1;R$ 0,45;4;3,25;R$ 0,01
CA4016C90;COTOVELO 90 CONDUTECK 40X16;1;R$ 1,94;4;3,25;R$ 0,06
PRODUTO;DESCRICAO;LOTE MINIMO;PRECO;%ICMS;%IPI;IPI
CA5020C90;COTOVELO 90 CONDUTECK 50X20;1;R$ 2,31;4;3,25;R$ 0,07
CA1209CE;COTOVELO EXTERNO CONDUTECK 12X9;1;R$ 0,34;4;3,25;R$ 0,01
CA2010CE;COTOVELO EXTERNO CONDUTECK 20X10;1;R$ 0,45;4;3,25;R$ 0,01
CA4016CE;COTOVELO EXTERNO CONDUTECK 40X16;1;R$ 1,94;4;3,25;R$ 0,06
CA5020CE;COTOVELO EXTERNO CONDUTECK 50X20;1;R$ 2,26;4;3,25;R$ 0,07
CA1209CI;COTOVELO INTERNO CONDUTECK 12X9;1;R$ 0,34;4;3,25;R$ 0,01
CA2010CI;COTOVELO INTERNO CONDUTECK 20X10;1;R$ 0,45;4;3,25;R$ 0,01
CA4016CI;COTOVELO INTERNO CONDUTECK 40X16;1;R$ 2,00;4;3,25;R$ 0,06
CA5020CI;COTOVELO INTERNO CONDUTECK 50X20;1;R$ 2,29;4;3,25;R$ 0,07
CA1209T;DERIVAÇAO T CONDUTECK 12X9;1;R$ 0,32;4;3,25;R$ 0,01
CA2010T;DERIVAÇAO T CONDUTECK 20X10;1;R$ 0,45;4;3,25;R$ 0,01
CA4016T;DERIVAÇAO T CONDUTECK 40X16;1;R$ 2,18;4;3,25;R$ 0,07
CA5020T;DERIVAÇAO T CONDUTECK 50X20;1;R$ 2,85;4;3,25;R$ 0,09
CAKIT;KIT CANALETA CONDUTECK;1;R$ 32,47;7;6,5;R$ 2,11
CAKITB;KIT CANALETA CONDUTECK BRANCO;1;R$ 58,62;7;6,5;R$ 3,81
CAKITD;KIT CANALETA CONDUTECK DISPLAY;1;R$ 17,51;7;6,5;R$ 1,13
CA1209LU;LUVA CONDUTECK 12X9;1;R$ 0,35;4;3,25;R$ 0,01
CA2010LU;LUVA CONDUTECK 20X10;1;R$ 0,47;4;3,25;R$ 0,01
CA4016LU;LUVA CONDUTECK 40X16;1;R$ 1,57;4;3,25;R$ 0,05
CA5020LU;LUVA CONDUTECK 50X20;1;R$ 1,73;4;3,25;R$ 0,05
CA1209TE;TAMPA EXTREMIDADE CONDUTECK 12X9;1;R$ 0,36;4;3,25;R$ 0,01
CA2010TE;TAMPA EXTREMIDADE CONDUTECK 20X10;1;R$ 0,48;4;3,25;R$ 0,01
CA4016TE;TAMPA EXTREMIDADE CONDUTECK 40X16;1;R$ 1,54;4;3,25;R$ 0,05
CA5020TE;TAMPA EXTREMIDADE CONDUTECK 50X20;1;R$ 1,70;4;3,25;R$ 0,05
CAB65012BR;ABRACADEIRA CONDUTECK 650X12.0MM BR C/50;1;R$ 46,98;4;9,75;R$ 4,58
CAB65012PT;ABRACADEIRA CONDUTECK 650X12.0MM PT C/50;1;R$ 35,93;4;9,75;R$ 3,50
CAB80090PT;ABRACADEIRA CONDUTECK 800X09.0MM PT C/50;1;R$ 46,98;4;9,75;R$ 4,58
CAB25036PT;ABRACADEIRA CONDUTECK TP10 250X3.6MM PRETO C/100;1;R$ 4,66;4;9,75;R$ 0,45
CAB30048BR;ABRACADEIRA CONDUTECK TP12 300X4.8MM BRANCO C/100;1;R$ 8,42;4;9,75;R$ 0,82
CAB30048PT;ABRACADEIRA CONDUTECK TP12 300X4.8MM PRETO C/100;1;R$ 8,42;4;9,75;R$ 0,82
CAB35048BR;ABRACADEIRA CONDUTECK TP14 350X4.8MM BRANCO C/100;1;R$ 9,77;4;9,75;R$ 0,95
CAB35048PT;ABRACADEIRA CONDUTECK TP14 350X4.8MM PRETO C/100;1;R$ 9,77;4;9,75;R$ 0,95
CAB15035PBP;ABRACADEIRA CONDUTECK TP6 150MMX3.5MM PT/BR C/800;1;R$ 46,98;4;9,75;R$ 4,58
CAB15035BR;ABRACADEIRA CONDUTECK TP6 150X3.5MM BRANCO C/100;1;R$ 3,51;4;9,75;R$ 0,34
CAB15035PT;ABRACADEIRA CONDUTECK TP6 150X3.5MM PRETO C/100;1;R$ 3,51;4;9,75;R$ 0,34
CAB25036BR;ABRAÇADEIRA CONDUTECK TP10 250X3.6MM BRANCO C/100;1;R$ 4,66;4;9,75;R$ 0,45
CAB10025BR;ABRAÇADEIRA CONDUTECK TP4 100X2.5MM BRANCO C/100;1;R$ 1,46;4;9,75;R$ 0,14
CAB10025PT;ABRAÇADEIRA CONDUTECK TP4 100X2.5MM PRETO C/100;1;R$ 1,46;4;9,75;R$ 0,14
CAB20048BR;ABRAÇADEIRA CONDUTECK TP8 200X4.8MM BRANCO C/100;1;R$ 4,75;4;9,75;R$ 0,46
CAB20048PT;ABRAÇADEIRA CONDUTECK TP8 200X4.8MM PRETO C/100;1;R$ 4,75;4;9,75;R$ 0,46
CE12BR02;"ESPIRAL CONDUTECK BRANCO 12MM - 1/2"" 02M";60;R$ 3,51;4;9,75;R$ 0,34
CE12BR05;"ESPIRAL CONDUTECK BRANCO 12MM - 1/2"" 05M";20;R$ 7,19;4;9,75;R$ 0,70
CE12BR10;"ESPIRAL CONDUTECK BRANCO 12MM - 1/2"" 10M";15;R$ 16,68;4;9,75;R$ 1,62
CE19BR02;"ESPIRAL CONDUTECK BRANCO 19MM - 3/4"" 02M";60;R$ 6,26;4;9,75;R$ 0,61
CE19BR05;"ESPIRAL CONDUTECK BRANCO 19MM - 3/4"" 05M";30;R$ 12,55;4;9,75;R$ 1,22
CE19BR10;"ESPIRAL CONDUTECK BRANCO 19MM - 3/4"" 10M";8;R$ 39,42;4;9,75;R$ 3,84
CE25BR02;"ESPIRAL CONDUTECK BRANCO 25MM - 1"" 02M";15;R$ 8,06;4;9,75;R$ 0,78
CE25BR10;"ESPIRAL CONDUTECK BRANCO 25MM - 1"" 10M";4;R$ 22,90;4;9,75;R$ 2,23
CE06BR02;"ESPIRAL CONDUTECK BRANCO 6MM - 1/4"" 02M";100;R$ 1,88;4;9,75;R$ 0,18
CE06BR05;"ESPIRAL CONDUTECK BRANCO 6MM - 1/4"" 05M";70;R$ 4,12;4;9,75;R$ 0,40
CE06BR10;"ESPIRAL CONDUTECK BRANCO 6MM - 1/4"" 10M";40;R$ 7,35;4;9,75;R$ 0,71
CE12PT02;"ESPIRAL CONDUTECK PRETO 12MM - 1/2"" 02M";60;R$ 3,51;4;9,75;R$ 0,34
CE12PT05;"ESPIRAL CONDUTECK PRETO 12MM - 1/2"" 05M";20;R$ 7,21;4;9,75;R$ 0,70
CE12PT10;"ESPIRAL CONDUTECK PRETO 12MM - 1/2"" 10M";12;R$ 16,68;4;9,75;R$ 1,62
CE19PT02;"ESPIRAL CONDUTECK PRETO 19MM - 3/4"" 02M";60;R$ 6,26;4;9,75;R$ 0,61
CE19PT05;"ESPIRAL CONDUTECK PRETO 19MM - 3/4"" 05M";30;R$ 12,55;4;9,75;R$ 1,22
CE19PT10;"ESPIRAL CONDUTECK PRETO 19MM - 3/4"" 10M";8;R$ 39,42;4;9,75;R$ 3,84
CE25PT02;"ESPIRAL CONDUTECK PRETO 25MM - 1"" 02M";15;R$ 8,06;4;9,75;R$ 0,78
CE25PT10;"ESPIRAL CONDUTECK PRETO 25MM - 1"" 10M";4;R$ 22,90;4;9,75;R$ 2,23
CE06PT02;"ESPIRAL CONDUTECK PRETO 6MM - 1/4"" 02M";100;R$ 1,88;4;9,75;R$ 0,18
CE06PT05;"ESPIRAL CONDUTECK PRETO 6MM - 1/4"" 05M";70;R$ 4,12;4;9,75;R$ 0,40
CE06PT10;"ESPIRAL CONDUTECK PRETO 6MM - 1/4"" 10M";40;R$ 7,35;4;9,75;R$ 0,71
CEABKIT;KIT ESPIRAIS + ABRACADEIRAS CONDUTECK;1;R$ 47,21;7;9,75;R$ 4,60
CR3050;CANALETA RANHURADA CONDUTECK 30X50 RECORTE ABERTO;18;R$ 13,28;4;6,5;R$ 0,86
CR5050;CANALETA RANHURADA CONDUTECK 50X50 RECORTE ABERTO;14;R$ 14,13;4;6,5;R$ 0,91
CR8050;CANALETA RANHURADA CONDUTECK 80X50 RECORTE ABERTO;8;R$ 21,10;4;6,5;R$ 1,37
SN01310BR;ACOPLADOR QUICK 2P+T 10A BR MONT;35;R$ 4,02;7;9,75;R$ 0,39
EZ9E3312B;BASE 12 - EASY 9 M-846;1;R$ 27,21;7;9,75;R$ 2,65
EZ9E3324B;BASE 24 - EASY 9 M-492;1;R$ 52,04;7;9,75;R$ 5,07
EZ9E3605;QUADRO DE DISTRIBUICAO 05 MOD PORTA TRANSP SOB;1;R$ 26,44;7;9,75;R$ 2,57
EZ9E3608;QUADRO DE DISTRIBUICAO 08 MOD PORTA TRANSP SOB;1;R$ 35,43;7;9,75;R$ 3,45
EZ9E3512;QUADRO DE DISTRIBUICAO 12 MOD PORTA OPACA SOB;1;R$ 40,65;7;9,75;R$ 3,96
EZ9E3316;QUADRO DE DISTRIBUICAO 16 MOD PORTA OPACA;1;R$ 40,97;7;9,75;R$ 3,99
EZ9E3305;QUADRO DE DISTRIBUIÇÃO 05 MÓD PORTA OPACA;1;R$ 17,67;7;9,75;R$ 1,72
EZ9E3505;QUADRO DE DISTRIBUIÇÃO 05 MÓD PORTA OPACA SOB;1;R$ 22,99;7;9,75;R$ 2,24
EZ9E3405;QUADRO DE DISTRIBUIÇÃO 05 MÓD PORTA TRANSPARENTE;1;R$ 20,32;7;9,75;R$ 1,98
EZ9E3308;QUADRO DE DISTRIBUIÇÃO 08 MÓD PORTA OPACA;1;R$ 23,69;7;9,75;R$ 2,30
EZ9E3508;QUADRO DE DISTRIBUIÇÃO 08 MÓD PORTA OPACA SOB;1;R$ 30,81;7;9,75;R$ 3,00
EZ9E3408;QUADRO DE DISTRIBUIÇÃO 08 MÓD PORTA TRANSPARENTE;1;R$ 27,26;7;9,75;R$ 2,65
EZ9E3312;QUADRO DE DISTRIBUIÇÃO 12 MÓD PORTA OPACA;1;R$ 31,27;7;9,75;R$ 3,04
EZ9E3612;QUADRO DE DISTRIBUIÇÃO 12 MÓD PORTA TRANSP SOB;1;R$ 46,74;7;9,75;R$ 4,55
EZ9E3412;QUADRO DE DISTRIBUIÇÃO 12 MÓD PORTA TRANSPARENTE;1;R$ 35,96;7;9,75;R$ 3,50
EZ9E3324;QUADRO DE DISTRIBUIÇÃO 24 MÓD PORTA OPACA;1;R$ 57,97;7;9,75;R$ 5,65
EZ9E3524;QUADRO DE DISTRIBUIÇÃO 24 MÓD PORTA OPACA SOB;1;R$ 73,51;7;9,75;R$ 7,16
EZ9E3624;QUADRO DE DISTRIBUIÇÃO 24 MÓD PORTA TRANSP SOB;1;R$ 84,53;7;9,75;R$ 8,24
EZ9E3424;QUADRO DE DISTRIBUIÇÃO 24 MÓD PORTA TRANSPARENTE;1;R$ 65,01;7;9,75;R$ 6,33
EZ9E3336;QUADRO DE DISTRIBUIÇÃO 36 MÓD PORTA OPACA;1;R$ 98,26;7;9,75;R$ 9,58
EZ9E3536;QUADRO DE DISTRIBUIÇÃO 36 MÓD PORTA OPACA SOB;1;R$ 127,72;7;9,75;R$ 12,45
EZ9E3636;QUADRO DE DISTRIBUIÇÃO 36 MÓD PORTA TRANSP SOB;1;R$ 146,90;7;9,75;R$ 14,32
PRODUTO;DESCRICAO;LOTE MINIMO;PRECO;%ICMS;%IPI;IPI
EZ9E3436;QUADRO DE DISTRIBUIÇÃO 36 MÓD PORTA TRANSPARENTE;1;R$ 113,01;7;9,75;R$ 11,01
EZ9E3348;QUADRO DE DISTRIBUIÇÃO 48 MÓD PORTA OPACA;1;R$ 127,51;7;9,75;R$ 12,43
EZ9E3548;QUADRO DE DISTRIBUIÇÃO 48 MÓD PORTA OPACA SOB;1;R$ 153,01;7;9,75;R$ 14,91
EZ9E3648;QUADRO DE DISTRIBUIÇÃO 48 MÓD PORTA TRANSP SOB;1;R$ 175,94;7;9,75;R$ 17,15
EZ9E3448;QUADRO DE DISTRIBUIÇÃO 48 MÓD TAMPA TRANSPARENTE;1;R$ 150,36;7;9,75;R$ 14,66
EZ9E3312F;QUADRO DISTRIBUICAO 12 MODULOS FRONTAL;1;R$ 40,85;7;9,75;R$ 3,98
EZ9E3324F;QUADRO DISTRIBUICAO 24 MODODULOS FRONTAL;1;R$ 32,77;7;9,75;R$ 3,19
EZ9E3416;QUADRO EASY9 16 MOD EMB PORTA TRANSP EZ9E3416;1;R$ 47,12;7;9,75;R$ 4,59
PCM02120320EB;BASE DCM PLATINNUM BOX 2X12+3X20 84 DIN P125 EMB;1;R$ 385,63;4;9,75;R$ 37,59
PCM02120420EB;BASE DCM PLATINNUM BOX 2X12+4X20 104 DIN P125 EMB;1;R$ 416,42;4;9,75;R$ 40,60
PCM02120520EB;BASE DCM PLATINNUM BOX 2X12+5X20 124 DIN P125 EMB;1;R$ 445,29;4;9,75;R$ 43,41
PCM02160524EB;BASE DCM PLATINNUM BOX 2X16+5X24 152 DIN P125 EMB;1;R$ 466,79;4;9,75;R$ 45,51
PCM02080316EB;BASE DCM PLATINNUM BOX 2X8+3X16 64 DIN P125 EMB;1;R$ 269,99;4;9,75;R$ 26,32
PCM02080416EB;BASE DCM PLATINNUM BOX 2X8+4X16 80 DIN P125 EMB;1;R$ 382,75;4;9,75;R$ 37,31
PCM02080516EB;BASE DCM PLATINNUM BOX 2X8+5X16 96 DIN P125 EMB;1;R$ 394,51;4;9,75;R$ 38,46
PLA0216EB;BASE QD PLATINNUM BOX (2X16) 32 DIN P90 EMB;1;R$ 158,45;4;9,75;R$ 15,44
PLA0316EB;BASE QD PLATINNUM BOX (2X16+1X15) 47 DIN P90 EMB;1;R$ 203,63;4;9,75;R$ 19,85
PLA0220EB;BASE QD PLATINNUM BOX (2X20) 40 DIN P90 EMB;1;R$ 178,35;4;9,75;R$ 17,38
PLA0320EB;BASE QD PLATINNUM BOX (2X20+1X19) 59 DIN P90 EMB;1;R$ 238,10;4;9,75;R$ 23,21
PLA0324EB;BASE QD PLATINNUM BOX (2X24+1X23) 71 DIN P90 EMB;1;R$ 264,94;4;9,75;R$ 25,83
PLA0208EB;BASE QD PLATINNUM BOX (2X8) 16 DIN P90 EMB;1;R$ 116,06;4;9,75;R$ 11,31
PLA0308EB;BASE QD PLATINNUM BOX (3X8) 24 DIN P90 EMB;1;R$ 151,11;4;9,75;R$ 14,73
PLA0516EB;BASE QD PLATINNUM BOX (5X16) 80 DIN P125 EMB;1;R$ 271,44;4;9,75;R$ 26,46
PLA0520EB;BASE QD PLATINNUM BOX (5X20) 100 DIN P125 EMB;1;R$ 305,64;4;9,75;R$ 29,79
PLA0616EB;BASE QD PLATINNUM BOX (6X16) 96 DIN P125 EMB;1;R$ 304,02;4;9,75;R$ 29,64
PLA0620EB;BASE QD PLATINNUM BOX (6X20) 120 DIN P125 EMB;1;R$ 321,70;4;9,75;R$ 31,36
PCM02120320EK;KIT DCM PLATINNUM BOX 2X12+3X20 84 DIN P125 EMB;1;R$ 899,79;4;9,75;R$ 87,72
PCM02120420EK;KIT DCM PLATINNUM BOX 2X12+4X20 104 DIN P125 EMB;1;R$ 971,65;4;9,75;R$ 94,73
PCM02120520EK;KIT DCM PLATINNUM BOX 2X12+5X20 124 DIN P125 EMB;1;R$ 1.039,03;4;9,75;R$ 101,30
PCM02160524EK;KIT DCM PLATINNUM BOX 2X16+5X24 152 DIN P125 EMB;1;R$ 1.089,18;4;9,75;R$ 106,19
PCM02080316EK;KIT DCM PLATINNUM BOX 2X8+3X16 64 DIN P125 EMB;1;R$ 630,00;4;9,75;R$ 61,42
PCM02080416EK;KIT DCM PLATINNUM BOX 2X8+4X16 80 DIN P125 EMB;1;R$ 853,10;4;9,75;R$ 83,17
PCM02080516EK;KIT DCM PLATINNUM BOX 2X8+5X16 96 DIN P125 EMB;1;R$ 920,50;4;9,75;R$ 89,74
PLA0216EK;KIT QD PLATINNUM BOX (2X16) 32 DIN P90 EMB;1;R$ 316,91;4;9,75;R$ 30,89
PLA0316EK;KIT QD PLATINNUM BOX (2X16+1X15) 47 DIN P90 EMB;1;R$ 407,28;4;9,75;R$ 39,70
PLA0220EK;KIT QD PLATINNUM BOX (2X20) 40 DIN P90 EMB;1;R$ 356,69;4;9,75;R$ 34,77
PLA0320EK;KIT QD PLATINNUM BOX (2X20+1X19) 59 DIN P90 EMB;1;R$ 476,26;4;9,75;R$ 46,43
PLA0324EK;KIT QD PLATINNUM BOX (2X24+1X23) 71 DIN P90 EMB;1;R$ 529,87;4;9,75;R$ 51,66
PLA0208EK;KIT QD PLATINNUM BOX (2X8) 16 DIN P90 EMB;1;R$ 232,12;4;9,75;R$ 22,63
PLA0308EK;KIT QD PLATINNUM BOX (3X8) 24 DIN P90 EMB;1;R$ 302,22;4;9,75;R$ 29,46
PLA0516EK;KIT QD PLATINNUM BOX (5X16) 80 DIN P125 EMB;1;R$ 542,86;4;9,75;R$ 52,92
PLA0520EK;KIT QD PLATINNUM BOX (5X20) 100 DIN P125 EMB;1;R$ 611,25;4;9,75;R$ 59,59
PLA0616EK;KIT QD PLATINNUM BOX (6X16) 96 DIN P125 EMB;1;R$ 608,04;4;9,75;R$ 59,28
PLA0620EK;KIT QD PLATINNUM BOX (6X20) 120 DIN P125 EMB;1;R$ 643,40;4;9,75;R$ 62,73
PVDIPC;PAINEL PARA CABO COAXIAL C/ 14 FUROS;1;R$ 27,95;4;9,75;R$ 2,72
PCM02120320E;QD DCM PLATINNUM BOX (2X12+3X20) 84 DIN P125 EMB;20;R$ 750,90;4;9,75;R$ 73,21
PCM02120320S;QD DCM PLATINNUM BOX (2X12+3X20) 84 DIN P125 SOB;20;R$ 825,98;4;9,75;R$ 80,53
PCM02120420S;QD DCM PLATINNUM BOX (2X12+4X20) 104 DIN P125 SOB;1;R$ 985,26;4;9,75;R$ 96,06
PCM02120520E;QD DCM PLATINNUM BOX (2X12+5X20) 124 DIN P125 EMB;1;R$ 889,44;4;9,75;R$ 86,72
PCM02120520S;QD DCM PLATINNUM BOX (2X12+5X20) 124 DIN P125 SOB;20;R$ 1.014,81;4;9,75;R$ 98,94
PCM02160524E;QD DCM PLATINNUM BOX (2X16+5X24) 152 DIN P125 EMB;20;R$ 916,11;4;9,75;R$ 89,32
PCM02160524S;QD DCM PLATINNUM BOX (2X16+5X24) 152 DIN P125 SOB;1;R$ 1.068,65;4;9,75;R$ 104,19
PCM02080316E;QD DCM PLATINNUM BOX 2X8+3X16 64 DIN P125 EMB IP54;1;R$ 593,60;4;9,75;R$ 57,87
PCM02080416E;QD DCM PLATINNUM BOX 2X8+4X16 80 DIN P125 EMB IP54;20;R$ 682,63;4;9,75;R$ 66,55
PCM02080416S;QD DCM PLATINNUM BOX 2X8+4X16 80 DIN P125 SOB IP54;1;R$ 785,03;4;9,75;R$ 76,54
PCM02080516E;QD DCM PLATINNUM BOX 2X8+5X16 96 DIN P125 EMB IP54;1;R$ 848,51;4;9,75;R$ 82,72
PCM02080516S;QD DCM PLATINNUM BOX 2X8+5X16 96 DIN P125 SOB IP54;1;R$ 968,13;4;9,75;R$ 94,39
PVDI06E;QD VDI PLATINNUM BOX 06 P125 EMB;1;R$ 325,36;4;9,75;R$ 31,72
PVDI06S;QD VDI PLATINNUM BOX 06 P125 SOB;20;R$ 570,31;4;9,75;R$ 55,60
PVDI09E;QD VDI PLATINNUM BOX 09 P125 EMB;1;R$ 390,45;4;9,75;R$ 38,06
PVDI09S;QD VDI PLATINNUM BOX 09 P125 SOB;1;R$ 410,47;4;9,75;R$ 40,02
PLA0216S;QUADRO PLATINNUM BOX (2X16) 32 DIN P125 SOB IP54;20;R$ 374,78;4;9,75;R$ 36,54
PLA0216E;QUADRO PLATINNUM BOX (2X16) 32 DIN P90 EMB IP54;1;R$ 325,90;4;9,75;R$ 31,77
PLA0220S;QUADRO PLATINNUM BOX (2X20) 40 DIN P125 SOB IP54;1;R$ 708,64;4;9,75;R$ 69,09
PLA0220E;QUADRO PLATINNUM BOX (2X20) 40 DIN P90 EMB IP54;1;R$ 391,08;4;9,75;R$ 38,13
PLA0208S;QUADRO PLATINNUM BOX (2X8) 16 DIN P125 SOB IP54;1;R$ 312,33;4;9,75;R$ 30,45
PLA0208E;QUADRO PLATINNUM BOX (2X8) 16 DIN P90 EMB IP54;1;R$ 271,59;4;9,75;R$ 26,48
PLA0308E;QUADRO PLATINNUM BOX (2X8+1X7) 23 DIN P90 EMB IP54;1;R$ 298,74;4;9,75;R$ 29,12
PLA0316S;QUADRO PLATINNUM BOX (3X16) 48 DIN P125 SOB IP54;1;R$ 494,73;4;9,75;R$ 48,23
PLA0320S;QUADRO PLATINNUM BOX (3X20) 60 DIN P125 SOB IP54;20;R$ 593,67;4;9,75;R$ 57,88
PLA0324S;QUADRO PLATINNUM BOX (3X24) 72 DIN P125 SOB IP54;1;R$ 712,40;4;9,75;R$ 69,45
PLA0308S;QUADRO PLATINNUM BOX (3X8) 24 DIN P125 SOB IP54;20;R$ 600,44;4;9,75;R$ 58,54
PLA0516E;QUADRO PLATINNUM BOX (5X16) 80 DIN P125 EMB IP54;1;R$ 743,37;4;9,75;R$ 72,47
PLA0516S;QUADRO PLATINNUM BOX (5X16) 80 DIN P125 SOB IP54;1;R$ 817,71;4;9,75;R$ 79,72
PLA0520E;QUADRO PLATINNUM BOX (5X20) 100 DIN P125 EMB IP54;1;R$ 936,64;4;9,75;R$ 91,32
PLA0520S;QUADRO PLATINNUM BOX (5X20) 100 DIN P125 SOB IP54;20;R$ 983,48;4;9,75;R$ 95,88
PLA0616E;QUADRO PLATINNUM BOX (6X16) 96 DIN P125 EMB IP54;1;R$ 892,04;4;9,75;R$ 86,97
PLA0616S;QUADRO PLATINNUM BOX (6X16) 96 DIN P125 SOB IP54;20;R$ 936,64;4;9,75;R$ 91,32
PLA0620E;QUADRO PLATINNUM BOX (6X20) 120 DIN P125 EMB IP54;1;R$ 983,48;4;9,75;R$ 95,88
PLA0620S;QUADRO PLATINNUM BOX (6X20) 120 DIN P125 SOB IP54;20;R$ 1.032,65;4;9,75;R$ 100,68
PLA0720E;QUADRO PLATINNUM BOX (7X20) 140 DIN P125 EMB IP54;1;R$ 1.052,33;4;9,75;R$ 102,60
PLA0720S;QUADRO PLATINNUM BOX (7X20) 140 DIN P125 SOB IP54;20;R$ 1.084,29;4;9,75;R$ 105,71
PLA0724E;QUADRO PLATINNUM BOX (7X24) 168 DIN P125 EMB IP54;1;R$ 1.104,93;4;9,75;R$ 107,73
PLA0316E;QUADRO PLATINNUM BOX 2X16+1X15 47 DIN P90 EMB IP54;1;R$ 430,20;4;9,75;R$ 41,94
PLA0320E;QUADRO PLATINNUM BOX 2X20+1X19 59 DIN P90 EMB IP54;1;R$ 516,22;4;9,75;R$ 50,33
PLA0324E;QUADRO PLATINNUM BOX 2X24+1X23 71 DIN P90 EMB IP54;1;R$ 619,47;4;9,75;R$ 60,39
SO869199;CONJ SOPHIE 1TOM 2P+T 10A 250V + 1 USB 1.0A BIVOLT;1;R$ 45,13;7;9,75;R$ 4,40
SO869014;PLACA 4X2 SOPHIE 2 MODULOS CENTRAIS BRANCO;1;R$ 0,97;7;3,25;R$ 0,03
SO899019;PLACA 4X4 SOPHIE 2+2 MODULOS CENTRAIS AMENDOA;1;R$ 1,79;7;3,25;R$ 0,05
PRODUTO;DESCRICAO;LOTE MINIMO;PRECO;%ICMS;%IPI;IPI
SO879014;PLACA 4X4 SOPHIE 2+2 MODULOS CENTRAIS CROMADO;1;R$ 1,53;7;3,25;R$ 0,04
SO899017;PLACA 4X4 SOPHIE 2+2 MODULOS CENTRAIS CROMADO;1;R$ 2,01;7;3,25;R$ 0,06
SO899018;PLACA 4X4 SOPHIE 2+2 MODULOS CENTRAIS CROMADO;1;R$ 2,74;7;3,25;R$ 0,08
SO899020;PLACA 4X4 SOPHIE 2+2 MODULOS CENTRAIS CROMADO;1;R$ 2,61;7;3,25;R$ 0,08
SO889014;PLACA 4X4 SOPHIE 2+2 MODULOS CENTRAIS CROMADO;1;R$ 1,54;7;3,25;R$ 0,05
SO889016;PLACA 4X4 SOPHIE 2+2 MODULOS CENTRAIS CROMADO;1;R$ 1,86;7;3,25;R$ 0,06
SO889017;PLACA 4X4 SOPHIE 2+2 MODULOS CENTRAIS CROMADO;1;R$ 2,05;7;3,25;R$ 0,06
SO889019;PLACA 4X4 SOPHIE 2+2 MODULOS CENTRAIS CROMADO;1;R$ 1,79;7;3,25;R$ 0,05
SO899016;PLACA 4X4 SOPHIE 2+2 MODULOS CENTRAIS CROMADO;1;R$ 1,95;7;3,25;R$ 0,06
SO889010;PLACA 4X4 SOPHIE 2+2 MODULOS CENTRAIS CROMADO;1;R$ 1,53;7;3,25;R$ 0,04
SO889020;PLACA 4X4 SOPHIE 2+2 MODULOS CENTRAIS CROMADO;1;R$ 2,65;7;3,25;R$ 0,08
SO899014;PLACA 4X4 SOPHIE 2+2 MODULOS CENTRAIS CROMADO;1;R$ 1,63;7;3,25;R$ 0,05
SO879019;PLACA 4X4 SOPHIE 2+2 MODULOS CENTRAIS GRAFITE;1;R$ 1,79;7;3,25;R$ 0,05
SFT8002;FITA AUTOFUSAO FITECK 19MMX02MX0.80MM 0-90C 2KV;10;R$ 3,15;4;3,25;R$ 0,10
SFT8010;FITA AUTOFUSAO FITECK 19MMX10MX0.80MM 0-90C 2KV;12;R$ 13,44;4;3,25;R$ 0,43
SFT1305;FITA ISOL FITECK 18MMX05MX0.13MM 0-90C 700V;10;R$ 0,80;4;11,25;R$ 0,09
SFT1310;FITA ISOL FITECK 18MMX10MX0.13MM 0-90C 700V;10;R$ 1,33;4;11,25;R$ 0,14
SFT1310AM;FITA ISOL FITECK 18MMX10MX0.13MM 0-90C 700V AM;10;R$ 1,33;4;11,25;R$ 0,14
SFT1310AZ;FITA ISOL FITECK 18MMX10MX0.13MM 0-90C 700V AZ;10;R$ 1,33;4;11,25;R$ 0,14
SFT1310BR;FITA ISOL FITECK 18MMX10MX0.13MM 0-90C 700V BR;10;R$ 1,33;4;11,25;R$ 0,14
SFT1310CZ;FITA ISOL FITECK 18MMX10MX0.13MM 0-90C 700V CZ;10;R$ 1,33;4;11,25;R$ 0,14
SFT1310VD;FITA ISOL FITECK 18MMX10MX0.13MM 0-90C 700V VD;10;R$ 1,33;4;11,25;R$ 0,14
SFT1310VM;FITA ISOL FITECK 18MMX10MX0.13MM 0-90C 700V VM;10;R$ 1,33;4;11,25;R$ 0,14
SFT1320;FITA ISOL FITECK 18MMX20MX0.13MM 0-90C 700V;10;R$ 2,04;4;11,25;R$ 0,22
SFT1505;FITA ISOL FITECK 19MMX05MX0.15MM 0-90C 700V;10;R$ 0,98;4;11,25;R$ 0,11
SFT1510;FITA ISOL FITECK 19MMX10MX0.15MM 0-90C 700V;10;R$ 1,59;4;11,25;R$ 0,17
SFT1520;FITA ISOL FITECK 19MMX20MX0.15MM 0-90C 700V;10;R$ 2,47;4;11,25;R$ 0,27
SFT1820;FITA ISOL FITECK 19MMX20MX0.18MM 0-90C 750V CX;25;R$ 7,20;7;11,25;R$ 0,81
SFT1310AZ10;KIT FITA ISOL FITECK 18MMX10MX0.13MM 0-90C 700V AZ;1;R$ 18,77;4;11,25;R$ 2,11
SFT1310VD10;KIT FITA ISOL FITECK 18MMX10MX0.13MM 0-90C 700V VD;1;R$ 18,77;4;11,25;R$ 2,11
PRM044021D;CONJUNTO 2 INTERRUPTORES PARALELOS 10A 2;1;R$ 17,37;7;3,25;R$ 0,56
PRM044721;CONJUNTO 2 INTERRUPTORES SIMPLES + TOMAD;1;R$ 17,26;7;9,75;R$ 1,68
PRM043141;CONJUNTO 2 INTERRUPTORES SIMPLES 10A 250;1;R$ 12,14;7;3,25;R$ 0,39
PRM04424721;CONJUNTO 2 TOMADAS 2P+T 10A 250V PL/BR;1;R$ 13,20;7;9,75;R$ 1,28
PRM043191;CONJUNTO 3 INTERRUPTORES SIMPLES 10A 250;1;R$ 16,61;7;3,25;R$ 0,53
PRM044004721;CONJUNTO INTERRUPTOR PARALELO + TOMADA 2;1;R$ 15,50;7;9,75;R$ 1,51
PRM044021;CONJUNTO INTERRUPTOR PARALELO 10A 250V P;1;R$ 7,57;7;3,25;R$ 0,24
PRM04404721;CONJUNTO INTERRUPTOR SIMPLES + TOMADA 2P;1;R$ 12,99;7;9,75;R$ 1,26
PRM044011;CONJUNTO INTERRUPTOR SIMPLES 10A 250V PL;1;R$ 5,73;7;3,25;R$ 0,18
PRM0444721;CONJUNTO TOMADA 2P+T 10A 250V PL/BR;1;R$ 6,46;7;9,75;R$ 0,62
PRM044101;CONJUNTO TOMADA RJ11 2 FIOS PL/BR;1;R$ 12,96;7;7,5;R$ 0,97
PRM133;INTERRUPTOR AUTOMATICO POR PRESENCA C/ 3 FIOS. 90-;1;R$ 107,76;4;9,75;R$ 10,50
PRM132;INTERRUPTOR AUTOMATICO POR PRESENCA C/ 3 FIOS. 90-;1;R$ 113,58;4;9,75;R$ 11,07
PRM04803;MOD CEGO 1M GR (2 PECAS);1;R$ 2,12;7;3,25;R$ 0,06
PRM04802;"MOD CEGO 1M MF (2 PECAS);";1;R$ 3,42;4;9,75;R$ 0,33
PRM04811;MOD SAIDA DE FIO 1M BR (2 PECAS);1;R$ 2,03;7;3,25;R$ 0,06
PRM04813;MOD SAIDA DE FIO 1M GR (2 PECAS);1;R$ 2,12;7;3,25;R$ 0,06
PRM046251;MODULO CAMPAINHA CIGARRA 127V 1M BR;1;R$ 19,31;7;9,75;R$ 1,88
PRM046253;MODULO CAMPAINHA CIGARRA 127V 1M GR;1;R$ 20,28;7;9,75;R$ 1,97
PRM046263;MODULO CAMPAINHA CIGARRA 220V 1M GR;1;R$ 21,71;7;9,75;R$ 2,11
PRM046301;MODULO CAMPAINHA ELETRONICA 2 TONS (4 FIOS) BRANCO;1;R$ 54,43;4;9,75;R$ 5,30
PRM046401;MODULO CAMPAINHA ELETRONICA 2 TONS 90-23;1;R$ 52,67;7;9,75;R$ 5,13
PRM045181;MODULO INTERRUPTOR BIPOLAR PARALELO 10A;1;R$ 20,63;7;3,25;R$ 0,67
PRM045151;MODULO INTERRUPTOR BIPOLAR SIMPLES 10A 2;1;R$ 16,86;7;3,25;R$ 0,54
PRM045173;MODULO INTERRUPTOR INTERMEDIARIO 10A 250;1;R$ 21,67;7;3,25;R$ 0,70
PRM045111;MODULO INTERRUPTOR PARALELO 10A 250V 1M;1;R$ 6,60;7;3,25;R$ 0,21
PRM045101;MODULO INTERRUPTOR SIMPLES 10A 250V 1M B;1;R$ 4,48;7;3,25;R$ 0,14
PRM045103;MODULO INTERRUPTOR SIMPLES 10A 250V 1M G;1;R$ 4,70;7;3,25;R$ 0,15
PRM045102;"MODULO INTERRUPTOR SIMPLES 10A 250V 1M MF;";1;R$ 3,42;4;9,75;R$ 0,33
PRM046221;MODULO PULSADOR CAMPAINHA 10A 250V 1M BR;1;R$ 6,99;7;3,25;R$ 0,22
PRM046223;MODULO PULSADOR CAMPAINHA 10A 250V 1M GR;1;R$ 7,64;7;3,25;R$ 0,24
PRM042001;MODULO PULSADOR UNIVERSAL SEM GRAVACAO 1;1;R$ 6,99;7;3,25;R$ 0,22
PRM042003;MODULO PULSADOR UNIVERSAL SEM GRAVACAO 1;1;R$ 7,64;7;3,25;R$ 0,24
PRM04721;MODULO TOMADA 2P+T 10A 250V 1M BR;1;R$ 4,93;7;9,75;R$ 0,48
PRM04723;MODULO TOMADA 2P+T 10A 250V 1M GR;1;R$ 5,96;7;9,75;R$ 0,58
PRM04722;"MODULO TOMADA 2P+T 10A 250V 1M MF;";1;R$ 7,56;7;9,75;R$ 0,73
PRM04731;MODULO TOMADA 2P+T 20A 250V 1M BR;1;R$ 6,29;7;9,75;R$ 0,61
PRM04733;MODULO TOMADA 2P+T 20A 250V 1M GR;1;R$ 6,60;7;9,75;R$ 0,64
PRM04751;MODULO TOMADA 2P+T 20A 250V FUNDO PRETO;1;R$ 6,29;7;9,75;R$ 0,61
PRM04743;MODULO TOMADA 2P+T 20A 250V FUNDO VERMEL;1;R$ 6,29;7;9,75;R$ 0,61
PRM04741;MODULO TOMADA 2P+T 20A 250V FUNDO VERMEL;1;R$ 5,76;7;9,75;R$ 0,56
PRM047811;MODULO TOMADA CARREGADOR USB 1A;1;R$ 33,70;7;9,75;R$ 3,28
PRM047821;MODULO TOMADA CARREGADOR USB 2.1A E 1A;1;R$ 50,54;7;9,75;R$ 4,92
PRM047603;MODULO TOMADA PARA ANTENA DE TV P/ CABO;1;R$ 10,47;7;6,5;R$ 0,68
PRM047601;MODULO TOMADA PARA ANTENA DE TV P/ CABO;1;R$ 9,98;7;6,5;R$ 0,64
PRM047201;MODULO TOMADA RJ11 2 FIOS 1M BR;1;R$ 9,89;7;7,5;R$ 0,74
PRM047203;MODULO TOMADA RJ11 2 FIOS 1M GR;1;R$ 10,37;7;7,5;R$ 0,77
PRM047441;MODULO TOMADA RJ11 4 FIOS 1M BR;1;R$ 15,81;7;7,5;R$ 1,18
PRM047751;MODULO TOMADA RJ45 8 FIOS UTP CAT5E 1M B;1;R$ 21,41;7;7,5;R$ 1,60
PRM047753;MODULO TOMADA RJ45 8 FIOS UTP CAT5E 1M G;1;R$ 22,48;7;7,5;R$ 1,68
PRM047781;MODULO TOMADA RJ45 8 FIOS UTP CAT6 1M BR;1;R$ 27,19;7;7,5;R$ 2,03
PRM0450191;MODULO VAR. LUMINOSIDADE 127V 300W 1M BR;1;R$ 33,64;7;3,25;R$ 1,09
PRM0450193;MODULO VAR. LUMINOSIDADE 127V 300W 1M GR;1;R$ 35,89;7;3,25;R$ 1,16
PRM0450201;MODULO VAR. LUMINOSIDADE 220V 600W 1M BR;1;R$ 33,64;7;3,25;R$ 1,09
PRM042081;MODULO VARIADOR DE LUMINOSIDADE DIMMER D;1;R$ 35,70;7;9,75;R$ 3,48
PRM045201;MODULO VARIADOR DE LUMINOSIDADE DIMMER R;1;R$ 37,01;7;3,25;R$ 1,20
PRM044211;PLACA 4X2 1 POSTO BRANCO PURO;1;R$ 2,05;7;3,25;R$ 0,06
PRM044217;PLACA 4X2 1 POSTO OLIMPIA;1;R$ 3,40;7;3,25;R$ 0,11
PRM044218;PLACA 4X2 1 POSTO ONIX;1;R$ 3,32;7;3,25;R$ 0,10
PRODUTO;DESCRICAO;LOTE MINIMO;PRECO;%ICMS;%IPI;IPI
PRM044216;PLACA 4X2 1 POSTO PRATA ARTICO;1;R$ 3,32;7;3,25;R$ 0,10
PRM044215;PLACA 4X2 1 POSTO PRATA FUME;1;R$ 3,32;7;3,25;R$ 0,10
PRM044227;PLACA 4X2 2 POSTOS SEPARADOS OLIMPIA;1;R$ 3,32;7;3,25;R$ 0,10
PRM044228;PLACA 4X2 2 POSTOS SEPARADOS ONIX;1;R$ 3,32;7;3,25;R$ 0,10
PRM044226;PLACA 4X2 2 POSTOS SEPARADOS PRATA ARTIC;1;R$ 3,32;7;3,25;R$ 0,10
PRM044225;PLACA 4X2 2 POSTOS SEPARADOS PRATA FUME;1;R$ 3,32;7;3,25;R$ 0,10
PRM044231;PLACA 4X2 3 POSTOS BRANCO PURO;1;R$ 2,05;7;3,25;R$ 0,06
PRM044237;PLACA 4X2 3 POSTOS OLIMPIA;1;R$ 3,32;7;3,25;R$ 0,10
PRM044238;PLACA 4X2 3 POSTOS ONIX;1;R$ 3,40;7;3,25;R$ 0,11
PRM044236;PLACA 4X2 3 POSTOS PRATA ARTICO;1;R$ 3,32;7;3,25;R$ 0,10
PRM044207;PLACA 4X2 CEGA OLIMPIA;1;R$ 3,42;7;3,25;R$ 0,11
PRM044208;PLACA 4X2 CEGA ONIX;1;R$ 3,42;7;3,25;R$ 0,11
PRM044206;PLACA 4X2 CEGA PRATA ARTICO;1;R$ 3,42;7;3,25;R$ 0,11
PRM044205;PLACA 4X2 CEGA PRATA FUME;1;R$ 3,42;7;3,25;R$ 0,11
PRM044427;PLACA 4X4 2 POSTOS SEPARADOS OLIMPIA;1;R$ 7,78;7;3,25;R$ 0,25
PRM044428;PLACA 4X4 2 POSTOS SEPARADOS ONIX;1;R$ 7,78;7;3,25;R$ 0,25
PRM044426;PLACA 4X4 2 POSTOS SEPARADOS PRATA ARTIC;1;R$ 7,78;7;3,25;R$ 0,25
PRM044461;PLACA 4X4 6 POSTOS BRANCO PURO;1;R$ 5,18;7;3,25;R$ 0,16
PRM044467;PLACA 4X4 6 POSTOS OLIMPIA;1;R$ 7,78;7;3,25;R$ 0,25
PRM044466;PLACA 4X4 6 POSTOS PRATA ARTICO;1;R$ 7,78;7;3,25;R$ 0,25
PRM044465;PLACA 4X4 6 POSTOS PRATA FUME;1;R$ 7,78;7;3,25;R$ 0,25
PRM044407;PLACA 4X4 CEGA OLIMPIA;1;R$ 7,78;7;3,25;R$ 0,25
PRM044408;PLACA 4X4 CEGA ONIX;1;R$ 7,78;7;3,25;R$ 0,25
PRM044406;PLACA 4X4 CEGA PRATA ARTICO;1;R$ 7,78;7;3,25;R$ 0,25
PRM044405;PLACA 4X4 CEGA PRATA FUME;1;R$ 7,78;7;3,25;R$ 0,25
PRM04003;PLACA REDONDA 4/3 CEGA BR;1;R$ 4,83;7;3,25;R$ 0,15
PRM04711;TAMPA P/ CONECTOR RJ45 S1 1M BR(2 PECAS);1;R$ 3,77;7;3,25;R$ 0,12
PRM04701;TAMPA P/ RJ45 KEYSTONE 1M BR (2 PECAS);1;R$ 3,77;7;3,25;R$ 0,12
PRM04703;TAMPA P/ RJ45 KEYSTONE 1M GR (2 PECAS);1;R$ 3,96;7;3,25;R$ 0,12
PRM047611;TOMADA DE TV LCD/PLASMA BR;1;R$ 9,77;7;9,75;R$ 0,95
PRM4400141;CONJUNTO 1 INTERRUPTOR SIMPLES + 2 INTER;1;R$ 21,48;7;3,25;R$ 0,69
PRM44021D;CONJUNTO 2 INTERRUPTORES PARALELOS 10A 250V;1;R$ 17,08;7;3,25;R$ 0,55
PRM440141;CONJUNTO 2 INTERRUPTORES SIMPLES + 1 INT;1;R$ 18,91;7;3,25;R$ 0,61
PRM44721;CONJUNTO 2 INTERRUPTORES SIMPLES + TOMAD;1;R$ 16,82;7;9,75;R$ 1,63
PRM43141;CONJUNTO 2 INTERRUPTORES SIMPLES 10A 250V;1;R$ 11,94;7;3,25;R$ 0,38
PRM4424721;CONJUNTO 2 TOMADAS 2P+T 10A 250V PL/BR;1;R$ 14,01;7;9,75;R$ 1,36
PRM44021T;CONJUNTO 3 INTERRUPTORES PARALELOS 10A 250V;1;R$ 24,07;7;3,25;R$ 0,78
PRM44081;CONJUNTO CAMPAINHA CIGARRA 127V 70DB 16V;1;R$ 21,77;7;9,75;R$ 2,12
PRM440081;CONJUNTO CAMPAINHA CIGARRA 220V 70DB 16V;1;R$ 21,77;7;9,75;R$ 2,12
PRM4400151;CONJUNTO INTERRUPTOR BIPOLAR SIMPLES 10A;1;R$ 19,71;7;3,25;R$ 0,64
PRM44000151;CONJUNTO INTERRUPTOR BIPOLAR SIMPLES 25A;1;R$ 39,33;7;3,25;R$ 1,27
PRM4400171;CONJUNTO INTERRUPTOR INTERMEDIARIO 10A 2;1;R$ 23,62;7;3,25;R$ 0,76
PRM44004721;CONJUNTO INTERRUPTOR PARALELO + TOMADA 2;1;R$ 15,10;7;9,75;R$ 1,47
PRM44021;CONJUNTO INTERRUPTOR PARALELO 10A 250V;1;R$ 6,96;7;3,25;R$ 0,22
PRM440011;CONJUNTO INTERRUPTOR SIMPLES + INTERRUPT;1;R$ 14,52;7;3,25;R$ 0,47
PRM4404721;CONJUNTO INTERRUPTOR SIMPLES + TOMADA 2P;1;R$ 12,66;7;9,75;R$ 1,23
PRM44011;CONJUNTO INTERRUPTOR SIMPLES 10A 250V;1;R$ 5,25;7;3,25;R$ 0,17
PRM44201C;CONJUNTO PLACA CEGA COM SUPORTE BR;1;R$ 3,15;7;3,25;R$ 0,10
PRM44061;CONJUNTO PULSADOR CAMPAINHA 10A 250V PL/;1;R$ 10,19;7;3,25;R$ 0,33
PRM4401111;CONJUNTO SAIDA DE FIO PL/BR;1;R$ 4,14;7;3,25;R$ 0,13
PRM444721;CONJUNTO TOMADA 2P+T 10A 250V PL/BR;1;R$ 5,99;7;9,75;R$ 0,58
PRM44111;CONJUNTO TOMADA PARA ANTENA DE TV P/ CABO COAXIAL;1;R$ 12,74;7;6,5;R$ 0,82
PRM44101;CONJUNTO TOMADA RJ11 2 FIOS PL/BR;1;R$ 12,63;7;7,5;R$ 0,94
PRM450151;INTERRUPTOR BIPOLAR SIMPLES 25A 1 MOD;1;R$ 35,42;7;3,25;R$ 1,15
PRM4801;MOD CEGO 1M BR (2 PECAS);1;R$ 2,00;7;3,25;R$ 0,06
PRM45231;MOD INTERRUPTOR AUTOMATICO POR PRESENCA;1;R$ 47,25;7;3,25;R$ 1,53
PRM4811;MOD SAIDA DE FIO 1M BR (2 PECAS);1;R$ 2,00;7;3,25;R$ 0,06
PRM46251;MODULO CAMPAINHA CIGARRA 127V 1M BR;1;R$ 18,98;7;9,75;R$ 1,85
PRM46261;MODULO CAMPAINHA CIGARRA 220V 1M BR;1;R$ 18,98;7;9,75;R$ 1,85
PRM45181;MODULO INTERRUPTOR BIPOLAR PARALELO 10A;1;R$ 20,74;7;3,25;R$ 0,67
PRM45151;MODULO INTERRUPTOR BIPOLAR SIMPLES 10A 2;1;R$ 16,59;7;3,25;R$ 0,53
PRM45171;MODULO INTERRUPTOR INTERMEDIARIO 10A 250;1;R$ 19,21;7;3,25;R$ 0,62
PRM45111;MODULO INTERRUPTOR PARALELO 10A 250V 1M;1;R$ 6,33;7;3,25;R$ 0,20
PRM45101;MODULO INTERRUPTOR SIMPLES 10A 250V 1M B;1;R$ 4,40;7;3,25;R$ 0,14
PRM46221;MODULO PULSADOR CAMPAINHA 10A 250V 1M BR;1;R$ 6,93;7;3,25;R$ 0,22
PRM46231;MODULO PULSADOR MINUTERIA 10A 250V 1M BR;1;R$ 6,93;7;3,25;R$ 0,22
PRM42000;MODULO PULSADOR UNIVERSAL SEM GRAVACAO 1;1;R$ 6,93;7;3,25;R$ 0,22
PRM4721;MODULO TOMADA 2P+T 10A 250V 1M BR;1;R$ 4,87;7;9,75;R$ 0,47
PRM4731;MODULO TOMADA 2P+T 20A 250V 1M BR;1;R$ 6,19;7;9,75;R$ 0,60
PRM4741;MODULO TOMADA 2P+T 20A 250V FUNDO VERMEL;1;R$ 6,19;7;9,75;R$ 0,60
PRM47811;MODULO TOMADA CARREGADOR USB 1A;1;R$ 33,12;7;9,75;R$ 3,22
PRM47601;MODULO TOMADA PARA ANTENA DE TV P/ CABO;1;R$ 9,81;7;6,5;R$ 0,63
PRM47201;MODULO TOMADA RJ11 2 FIOS 1M BR;1;R$ 9,71;7;7,5;R$ 0,72
PRM47441;MODULO TOMADA RJ11 4 FIOS 1M BR;1;R$ 15,55;7;7,5;R$ 1,16
PRM47751;MODULO TOMADA RJ45 8 FIOS UTP CAT5E 1M B;1;R$ 21,05;7;7,5;R$ 1,57
PRM47781;MODULO TOMADA RJ45 8 FIOS UTP CAT6 1M BR;1;R$ 26,71;7;7,5;R$ 2,00
PRM450191;MODULO VAR. LUMINOSIDADE 127V 300W 1M BR;1;R$ 33,09;7;3,25;R$ 1,07
PRM450201;MODULO VAR. LUMINOSIDADE 220V 600W 1M BR;1;R$ 33,09;7;3,25;R$ 1,07
PRM45191;MODULO VARIADOR DE LUMINOSIDADE DIMMER R;1;R$ 36,39;7;3,25;R$ 1,18
PRM45201;MODULO VARIADOR DE LUMINOSIDADE DIMMER R;1;R$ 36,39;7;3,25;R$ 1,18
PRM44211;PLACA 4X2 1 POSTO BR;1;R$ 2,04;7;3,25;R$ 0,06
PRM44221;PLACA 4X2 2 POSTOS SEPARADOS BR;1;R$ 2,04;7;3,25;R$ 0,06
PRM44231;PLACA 4X2 3 POSTOS BR;1;R$ 2,04;7;3,25;R$ 0,06
PRM44421;PLACA 4X4 2 POSTOS SEPARADOS BR;1;R$ 5,10;7;3,25;R$ 0,16
PRM44461;PLACA 4X4 6 POSTOS BR;1;R$ 5,10;7;3,25;R$ 0,16
PRM4943;SUPORTE 4X2 PARA 3 MODULOS BR;1;R$ 1,03;7;3,25;R$ 0,03
PRM4946;SUPORTE 4X4 PARA 6 MODULOS BR;1;R$ 1,99;7;3,25;R$ 0,06
PRM4711;TAMPA P/ CONECTOR RJ45 S1 1M BR(2 PECAS);1;R$ 3,69;7;3,25;R$ 0,11
PRM4701;TAMPA P/ RJ45 KEYSTONE 1M BR (2 PECAS);1;R$ 3,69;7;3,25;R$ 0,11
PRODUTO;DESCRICAO;LOTE MINIMO;PRECO;%ICMS;%IPI;IPI
S3B76010;CAIXA DE SOBREPOR PARA 1 MODULO;1;R$ 3,72;7;3,25;R$ 0,12
S3B76020;CAIXA DE SOBREPOR PARA 2 MODULOS;1;R$ 3,72;7;3,25;R$ 0,12
S3B69060;CONJ 1 INT SIMP+ 1 PARAL + 1 TOM 10A;1;R$ 12,26;7;9,75;R$ 1,19
S3B62111;CONJ 2 INT SIMPLES 10A 250V PL/GR;1;R$ 11,02;7;3,25;R$ 0,35
S3B62112;CONJ 2 INTER SIMPLES 10AX 250V C/ PLACA ALUMINIO;1;R$ 11,02;7;3,25;R$ 0,35
S3B65550;CONJ DIMMER ROT 127/220V LAMP LED PL/BR;1;R$ 38,59;7;3,25;R$ 1,25
S3B62031;CONJ INT PARALELO 10AX 250V PL/GR;1;R$ 7,96;7;3,25;R$ 0,25
S3B69031;CONJ INT SIM 10AX +TOM BR 2P+T 10A PL/GR;1;R$ 10,94;7;9,75;R$ 1,06
S3B62011;CONJ INT SIMPLES 10AX 250V PL/GR;1;R$ 6,54;7;3,25;R$ 0,21
S3B62032;CONJ INTER PARALELO 10AX 250V C/PLACA DE ALUMINIO;1;R$ 7,96;7;3,25;R$ 0,25
S3B69032;CONJ INTER SIM 10AX + TOM BR 2P+T 10A 250V C/PL AL;1;R$ 10,94;7;9,75;R$ 1,06
S3B62012;CONJ INTER SIMPLES 10AX 250V C/ PLACA DE ALUMINIO;1;R$ 6,54;7;3,25;R$ 0,21
S3B69660;CONJ VARIADOR DE VELOCIDADE P/ VENTILADO;1;R$ 37,73;7;3,25;R$ 1,22
S3B69610;CONJ VARIADOR DE VELOCIDADE P/ VENTILADO;1;R$ 37,73;7;3,25;R$ 1,22
S3B69040;CONJUNTO 1 INTERRUPTOR PARALELO + 1 TOMA;1;R$ 9,39;7;9,75;R$ 0,91
S3B62090;CONJUNTO 1 INTERRUPTOR SIMPLES + 1 INTER;1;R$ 9,00;7;3,25;R$ 0,29
S3B69030;CONJUNTO 1 INTERRUPTOR SIMPLES + 1 TOMADA;1;R$ 6,94;7;9,75;R$ 0,67
S3B62290;CONJUNTO 1 INTERRUPTOR SIMPLES + 2 INTER;1;R$ 14,42;7;3,25;R$ 0,46
S3B69070;CONJUNTO 2 INTERRUPTORES PARALELOS + 1 T;1;R$ 13,40;7;9,75;R$ 1,30
S3B62130;CONJUNTO 2 INTERRUPTORES PARALELOS 10A 2;1;R$ 10,14;7;3,25;R$ 0,32
S3B62190;CONJUNTO 2 INTERRUPTORES SIMPLES + 1 INT;1;R$ 13,15;7;3,25;R$ 0,42
S3B69050;CONJUNTO 2 INTERRUPTORES SIMPLES + 1 TOM;1;R$ 11,11;7;9,75;R$ 1,08
S3B62110;CONJUNTO 2 INTERRUPTORES SIMPLES 10A 250;1;R$ 7,42;7;3,25;R$ 0,24
S3B60440;CONJUNTO 2 TOMADAS 2P+T 10A 250V PL/BR;1;R$ 8,38;7;9,75;R$ 0,81
S3B60442;CONJUNTO 2 TOMADAS BR 2P+T 10A 250V C/ PLACA AL;1;R$ 11,35;7;9,75;R$ 1,10
S3B60441;CONJUNTO 2 TOMADAS BR 2P+T 10A 250V COM PLACA GRAF;1;R$ 11,35;7;9,75;R$ 1,10
S3B62230;CONJUNTO 3 INTERRUPTORES PARALELOS 10A 2;1;R$ 15,66;7;3,25;R$ 0,50
S3B62210;CONJUNTO 3 INTERRUPTORES SIMPLES 10A 250;1;R$ 11,90;7;3,25;R$ 0,38
S3B60450;CONJUNTO 3 TOMADAS 2P+T 10A 250V BL/BR;1;R$ 12,36;7;9,75;R$ 1,20
S3B66870;CONJUNTO CAMPAINHA CIGARRA 127V 70DB 16V;1;R$ 19,03;7;9,75;R$ 1,85
S3B66860;CONJUNTO CAMPAINHA CIGARRA 220V 70DB 16V;1;R$ 19,03;7;9,75;R$ 1,85
S3B65330;CONJUNTO INTERRUPTOR AUTOMATICO POR PRES;1;R$ 40,51;7;3,25;R$ 1,31
S3B62430;CONJUNTO INTERRUPTOR BIPOLAR PARALELO 10;1;R$ 18,73;7;3,25;R$ 0,60
S3B62040;CONJUNTO INTERRUPTOR BIPOLAR SIMPLES 10A;1;R$ 14,77;7;3,25;R$ 0,48
S3B62440;CONJUNTO INTERRUPTOR BIPOLAR SIMPLES 25A;1;R$ 29,82;7;3,25;R$ 0,96
S3B62050;CONJUNTO INTERRUPTOR INTERMEDIARIO 10A 2;1;R$ 16,70;7;3,25;R$ 0,54
S3B62030;CONJUNTO INTERRUPTOR PARALELO 10A 250V P;1;R$ 4,99;7;3,25;R$ 0,15
S3B62010;CONJUNTO INTERRUPTOR SIMPLES 10A 250V PL;1;R$ 4,23;7;3,25;R$ 0,13
S3B62460;CONJUNTO PULSADOR CAMPAINHA 10A 250V PL/;1;R$ 7,75;7;3,25;R$ 0,25
S3B62560;CONJUNTO PULSADOR MINUTERIA 10A 250V PL/;1;R$ 7,75;7;3,25;R$ 0,25
S3B66600;CONJUNTO SAIDA DE FIO PL/BR;1;R$ 3,24;7;3,25;R$ 0,10
S3B60340;CONJUNTO TOMADA 2P+T 10A 250V PL/BR;1;R$ 4,50;7;9,75;R$ 0,43
S3B60350;CONJUNTO TOMADA 2P+T 20A 250V PL/BR;1;R$ 5,68;7;9,75;R$ 0,54
S3B60342;CONJUNTO TOMADA BR 2P+T 10A 250V C/ PLACA ALUMINIO;1;R$ 6,46;7;9,75;R$ 0,62
S3B60341;CONJUNTO TOMADA BR 2P+T 10A 250V COM PLACA GRAFITE;1;R$ 6,46;7;9,75;R$ 0,62
S3B60352;CONJUNTO TOMADA BR 2P+T 20A 250V C/ PLACA ALUMINIO;1;R$ 8,03;7;9,75;R$ 0,78
S3B60351;CONJUNTO TOMADA BR 2P+T 20A 250V COM PLACA GRAFITE;1;R$ 8,03;7;9,75;R$ 0,78
S3B64680;CONJUNTO TOMADA PARA ANTENA DE TV P/ CAB;1;R$ 9,67;7;6,5;R$ 0,62
S3B64900;CONJUNTO TOMADA RJ11 2 FIOS PL/BR;1;R$ 8,62;7;7,5;R$ 0,64
S3B64100;CONJUNTO TOMADA RJ45 8 FIOS UTP CAT5E PL;1;R$ 18,11;7;7,5;R$ 1,35
S3B65580;CONJUNTO VARIADOR DE LUMINOSIDADE DIMMER;1;R$ 29,22;7;3,25;R$ 0,94
S3B65590;CONJUNTO VARIADOR DE LUMINOSIDADE DIMMER;1;R$ 29,22;7;3,25;R$ 0,94
S3B66030;CX SOBR DXMLZ 1 INT SIMP+1 TOM BR 2PT10A;1;R$ 13,18;7;9,75;R$ 1,28
S3B66300;CX SOBR DXMLZ 1 INTERRUPTOR PARALEL 10AX;1;R$ 10,81;7;3,25;R$ 0,35
S3B66100;CX SOBR DXMLZ 1 INTERRUPTOR SIMPLES 10AX;1;R$ 8,71;7;3,25;R$ 0,28
S3B66340;CX SOBR DXMLZ 1 TOMADA BR 2P+T 10A-250V;1;R$ 9,10;7;9,75;R$ 0,88
S3B66350;CX SOBR DXMLZ 1 TOMADA BR 2P+T 20A-250V;1;R$ 9,79;7;9,75;R$ 0,95
S3B66900;CX SOBR DXMLZ 1 TOMADA RJ11 2 FIOS;1;R$ 14,42;7;7,5;R$ 1,08
S3B66110;CX SOBR DXMLZ 2 INTERRUPTOR SIMPLES 10AX;1;R$ 12,84;7;3,25;R$ 0,41
S3B66440;CX SOBR DXMLZ 2 TOMADAS BR 2P+T 10A;1;R$ 14,08;7;9,75;R$ 1,37
S3B70820;MOD 2 TOM USB 2.0 2.1A 127/220V 2M BR;1;R$ 51,74;7;3,25;R$ 1,68
S3B76662;MOD CEGO 1M AL (2 PEÇAS);1;R$ 1,87;7;3,25;R$ 0,06
S3B76663;MOD CEGO 1M DO (2 PEÇAS);1;R$ 1,87;7;3,25;R$ 0,06
S3B76661;MOD CEGO 1M GR (2 PEÇAS);1;R$ 1,87;7;3,25;R$ 0,06
S3B75330;MOD DETECT MOVIMENTO PIR-500W/127V 2M BR;1;R$ 38,71;4;7,5;R$ 2,90
S3B75552;MOD DIMMER ROT 127/220V LAMP LED 1M AL;1;R$ 48,74;7;3,25;R$ 1,58
S3B75550;MOD DIMMER ROT 127/220V LAMP LED 1M BR;1;R$ 37,49;7;3,25;R$ 1,21
S3B75553;MOD DIMMER ROT 127/220V LAMP LED 1M DO;1;R$ 48,74;7;3,25;R$ 1,58
S3B75551;MOD DIMMER ROT 127/220V LAMP LED 1M GR;1;R$ 48,74;7;3,25;R$ 1,58
S3B75582;MOD DIMMER ROT 127V LAMP RESIST 1M AL;1;R$ 34,81;7;3,25;R$ 1,13
S3B75583;MOD DIMMER ROT 127V LAMP RESIST 1M DO;1;R$ 34,81;7;3,25;R$ 1,13
S3B75581;MOD DIMMER ROT 127V LAMP RESIST 1M GR;1;R$ 34,81;7;3,25;R$ 1,13
S3B75592;MOD DIMMER ROT 220V LAMP RESIST 1M AL;1;R$ 34,81;7;3,25;R$ 1,13
S3B75593;MOD DIMMER ROT 220V LAMP RESIST 1M DO;1;R$ 34,81;7;3,25;R$ 1,13
S3B75591;MOD DIMMER ROT 220V LAMP RESIST 1M GR;1;R$ 34,81;7;3,25;R$ 1,13
S3B72042;MOD INT BIPOLAR SIMPLES 10A 250V 1M AL;1;R$ 16,04;7;3,25;R$ 0,52
S3B72043;MOD INT BIPOLAR SIMPLES 10A 250V 1M DO;1;R$ 16,04;7;3,25;R$ 0,52
S3B72041;MOD INT BIPOLAR SIMPLES 10A 250V 1M GR;1;R$ 16,04;7;3,25;R$ 0,52
S3B72052;MOD INT INTERMEDIARIO 10A 250V 1M AL;1;R$ 18,51;7;3,25;R$ 0,60
S3B72053;MOD INT INTERMEDIARIO 10A 250V 1M DO;1;R$ 18,51;7;3,25;R$ 0,60
S3B72051;MOD INT INTERMEDIARIO 10A 250V 1M GR;1;R$ 18,51;7;3,25;R$ 0,60
S3B72032;MOD INT PARALELO 10A 250V 1M AL;1;R$ 5,73;7;3,25;R$ 0,18
S3B72033;MOD INT PARALELO 10A 250V 1M DO;1;R$ 5,73;7;3,25;R$ 0,18
S3B72031;MOD INT PARALELO 10A 250V 1M GR;1;R$ 5,73;7;3,25;R$ 0,18
S3B72012;MOD INT SIMPLES 10A 250V 1M AL;1;R$ 4,10;7;3,25;R$ 0,13
S3B72013;MOD INT SIMPLES 10A 250V 1M DO;1;R$ 4,10;7;3,25;R$ 0,13
S3B72011;MOD INT SIMPLES 10A 250V 1M GR;1;R$ 4,10;7;3,25;R$ 0,13
S3B72462;MOD PULS CAMPAINHA 10A 250V 1M AL;1;R$ 6,92;7;3,25;R$ 0,22
S3B72463;MOD PULS CAMPAINHA 10A 250V 1M DO;1;R$ 6,92;7;3,25;R$ 0,22
PRODUTO;DESCRICAO;LOTE MINIMO;PRECO;%ICMS;%IPI;IPI
S3B72461;MOD PULS CAMPAINHA 10A 250V 1M GR;1;R$ 6,92;7;3,25;R$ 0,22
S3B76611;MOD SAIDA DE FIO 1M GR (2 PEÇAS);1;R$ 1,87;7;3,25;R$ 0,06
S3B72430;MOD SW DOUBLE POLE 3WAY 10A-250V 1M WH;1;R$ 16,87;7;3,25;R$ 0,54
S3B70342;MOD TOM BR 2P+T 10A 250V 1M AL;1;R$ 4,36;7;9,75;R$ 0,42
S3B70343;MOD TOM BR 2P+T 10A 250V 1M DO;1;R$ 4,36;7;9,75;R$ 0,42
S3B70341;MOD TOM BR 2P+T 10A 250V 1M GR;1;R$ 4,36;7;9,75;R$ 0,42
S3B70352;MOD TOM BR 2P+T 20A 250V 1M AL;1;R$ 5,67;7;9,75;R$ 0,55
S3B70353;MOD TOM BR 2P+T 20A 250V 1M DO;1;R$ 5,67;7;9,75;R$ 0,55
S3B70351;MOD TOM BR 2P+T 20A 250V 1M GR;1;R$ 5,67;7;9,75;R$ 0,55
S3B74682;MOD TOM PARA ANTENA DE TV COAXIAL 1M AL;1;R$ 9,48;7;6,5;R$ 0,61
S3B74683;MOD TOM PARA ANTENA DE TV COAXIAL 1M DO;1;R$ 9,48;7;6,5;R$ 0,61
S3B74681;MOD TOM PARA ANTENA DE TV COAXIAL 1M GR;1;R$ 9,44;7;6,5;R$ 0,61
S3B74901;MOD TOM RJ11 (2 FIOS) 1M GR;1;R$ 9,35;7;7,5;R$ 0,70
S3B74103;MOD TOM RJ45 (8 FIOS) UTP CAT.5E 1M DO;1;R$ 23,10;7;7,5;R$ 1,73
S3B74101;MOD TOM RJ45 (8 FIOS) UTP CAT.5E 1M GR;1;R$ 23,00;7;7,5;R$ 1,72
S3B70812;MOD TOM USB CHARG 1A 127/220V 1M AL;1;R$ 38,95;7;9,75;R$ 3,79
S3B70813;MOD TOM USB CHARG 1A 127/220V 1M DO;1;R$ 38,95;7;9,75;R$ 3,79
S3B70811;MOD TOM USB CHARG 1A 127/220V 1M GR;1;R$ 38,95;7;9,75;R$ 3,79
S3B75561;MOD VARIADOR P/ VENTILADOR 127V 1M GR;1;R$ 37,13;7;3,25;R$ 1,20
S3B75571;MOD VARIADOR P/ VENTILADOR 220V 1M GR;1;R$ 37,13;7;3,25;R$ 1,20
S3B74220;MODULO ADAPT RJ45 KEYST 1M BR - 2 UNIDS;1;R$ 3,24;7;3,25;R$ 0,10
S3B76870;MODULO CAMPAINHA CIGARRA 127V 1M BR;1;R$ 16,68;7;9,75;R$ 1,62
S3B76871;MODULO CAMPAINHA CIGARRA 127V 1M GR;1;R$ 21,70;7;9,75;R$ 2,11
S3B76860;MODULO CAMPAINHA CIGARRA 220V 1M BR;1;R$ 16,68;7;9,75;R$ 1,62
S3B76861;MODULO CAMPAINHA CIGARRA 220V 1M GR;1;R$ 21,70;7;9,75;R$ 2,11
S3B76660;MODULO CEGO 1M BR - 2 UNIDS;1;R$ 1,43;7;3,25;R$ 0,04
S3B72040;MODULO INTERRUPTOR BIPOLAR SIMPLES 10A 2;1;R$ 12,32;7;3,25;R$ 0,40
S3B72070;MODULO INTERRUPTOR BIPOLAR SIMPLES 25A;1;R$ 27,41;7;3,25;R$ 0,89
S3B72050;MODULO INTERRUPTOR INTERMEDIARIO 10A 250;1;R$ 14,24;7;3,25;R$ 0,46
S3B72030;MODULO INTERRUPTOR PARALELO 10A 250V 1M;1;R$ 4,41;7;3,25;R$ 0,13
S3B72010;MODULO INTERRUPTOR SIMPLES 10A 250V 1M BR;1;R$ 3,15;7;3,25;R$ 0,09
S3B72460;MODULO PULSADOR CAMPAINHA 10A 250V 1M BR;1;R$ 5,32;7;3,25;R$ 0,17
S3B72560;MODULO PULSADOR MINUTERIA 10A 250V 1M BR;1;R$ 5,32;7;3,25;R$ 0,17
S3B76612;MODULO SAIDA DE FIO 1M AL EMBALAGEM COM 2 PCS;1;R$ 1,87;7;3,25;R$ 0,06
S3B76610;MODULO SAIDA DE FIO 1M BR - 2 UNIDS;1;R$ 1,43;7;3,25;R$ 0,04
S3B76613;MODULO SAIDA DE FIO 1M DOURADO EMBALAGEM 2 PCS;1;R$ 1,87;7;3,25;R$ 0,06
S3B74102;MODULO TOM RJ45 (8 FIOS) UTP CAT.5E TOOLLESS 1M AL;1;R$ 23,10;7;7,5;R$ 1,73
S3B70340;MODULO TOMADA 2P+T 10A 250V 1M BR;1;R$ 3,45;7;9,75;R$ 0,32
S3B70359;MODULO TOMADA 2P+T 20A 1M VERMELHA;1;R$ 4,38;7;9,75;R$ 0,42
S3B70350;MODULO TOMADA 2P+T 20A 250V 1M BR;1;R$ 4,38;7;9,75;R$ 0,42
S3B70832;MODULO TOMADA CARREG USB TIPO A+C 2.4A ALUMINIO;1;R$ 55,63;4;9,75;R$ 5,42
S3B70830;MODULO TOMADA CARREG USB TIPO A+C 2.4A BRANCO;1;R$ 46,22;4;9,75;R$ 4,50
S3B70831;MODULO TOMADA CARREG USB TIPO A+C 2.4A GRAFITE;1;R$ 55,63;4;9,75;R$ 5,42
S3B70810;MODULO TOMADA CARREGADOR USB 1A;1;R$ 29,96;7;9,75;R$ 2,92
S3B74680;MODULO TOMADA P/ ANTENA DE TV P/ CABO COAXIAL BR;1;R$ 7,27;7;6,5;R$ 0,46
S3B74902;MODULO TOMADA RJ11 (2 FIOS) 1M AL;1;R$ 9,35;7;7,5;R$ 0,70
S3B74903;MODULO TOMADA RJ11 (2 FIOS) 1M DOURADO;1;R$ 9,40;7;7,5;R$ 0,70
S3B74900;MODULO TOMADA RJ11 2 FIOS 1M BR;1;R$ 7,21;7;7,5;R$ 0,54
S3B74100;MODULO TOMADA RJ45 8 FIOS UTP CAT5E 1M B;1;R$ 17,68;7;7,5;R$ 1,32
S3B75570;MODULO VARIAD DE VELOC P/ VENTIL 220V;1;R$ 26,51;7;3,25;R$ 0,86
S3B75590;MODULO VARIADOR DE LUMINOSIDADE DIMMER R;1;R$ 26,78;7;3,25;R$ 0,87
S3B75580;MODULO VARIADOR DE LUMINOSIDADE DIMMER R;1;R$ 27,21;7;3,25;R$ 0,88
S3B75560;MODULO VARIADOR DE VELOCIDADE PARA VENTI;1;R$ 26,51;7;3,25;R$ 0,86
S3B77110;PLACA 4X2 1 POSTO BR;1;R$ 1,43;7;3,25;R$ 0,04
S3B57210;PLACA 4X2 1 POSTO C/ SUPORTE BRANCA;1;R$ 2,42;7;3,25;R$ 0,07
S3B57220;PLACA 4X2 2 POSTOS C/ SUPORTE BRANCA;1;R$ 2,42;7;3,25;R$ 0,07
S3B77120;PLACA 4X2 2 POSTOS SEPARADOS BR;1;R$ 1,43;7;3,25;R$ 0,04
S3B77130;PLACA 4X2 3 POSTOS BR;1;R$ 1,43;7;3,25;R$ 0,04
S3B57230;PLACA 4X2 3 POSTOS C/ SUPORTE BRANCA;1;R$ 2,42;7;3,25;R$ 0,07
S3B77100;PLACA 4X2 CEGA BR;1;R$ 1,43;7;3,25;R$ 0,04
S3B57200;PLACA 4X2 CEGA C/ SUPORTE BRANCA;1;R$ 2,42;7;3,25;R$ 0,07
S3B27520;PLACA 4X4 2 POSTOS C/ SUPORTE BRANCA;1;R$ 5,42;7;3,25;R$ 0,17
S3B77420;PLACA 4X4 2 POSTOS SEPARADOS BR;1;R$ 3,52;7;3,25;R$ 0,11
S3B27540;PLACA 4X4 4 POSTOS C/ SUPORTE BRANCA;1;R$ 5,42;7;3,25;R$ 0,17
S3B77440;PLACA 4X4 4 POSTOS SEPARADOS BR;1;R$ 3,52;7;3,25;R$ 0,11
S3B77460;PLACA 4X4 6 POSTOS BR;1;R$ 3,52;7;3,25;R$ 0,11
S3B27560;PLACA 4X4 6 POSTOS C/ SUPORTE BRANCA;1;R$ 5,42;7;3,25;R$ 0,17
S3B77400;PLACA 4X4 CEGA BR;1;R$ 3,52;7;3,25;R$ 0,11
S3B27500;PLACA 4X4 CEGA C/ SUPORTE BRANCA;1;R$ 5,42;7;3,25;R$ 0,17
S3B77150;PLACA REDONDA 4/3 CEGA BRANCA;1;R$ 11,35;7;3,25;R$ 0,36
S3B77112;PLACA+SUP 4X2 1P ALUMINIO;1;R$ 3,40;7;3,25;R$ 0,11
S3B77113;PLACA+SUP 4X2 1P DOURADA;1;R$ 3,40;7;3,25;R$ 0,11
S3B77111;PLACA+SUP 4X2 1P GRAFITE;1;R$ 3,40;7;3,25;R$ 0,11
S3B77114;PLACA+SUP 4X2 1P PRETA;1;R$ 3,09;7;3,25;R$ 0,10
S3B77122;PLACA+SUP 4X2 2P ALUMINIO;1;R$ 3,40;7;3,25;R$ 0,11
S3B77123;PLACA+SUP 4X2 2P DOURADA;1;R$ 3,40;7;3,25;R$ 0,11
S3B77121;PLACA+SUP 4X2 2P GRAFITE;1;R$ 3,40;7;3,25;R$ 0,11
S3B77124;PLACA+SUP 4X2 2P PRETA;1;R$ 3,09;7;3,25;R$ 0,10
S3B77132;PLACA+SUP 4X2 3P ALUMINIO;1;R$ 3,40;7;3,25;R$ 0,11
S3B77133;PLACA+SUP 4X2 3P DOURADA;1;R$ 3,40;7;3,25;R$ 0,11
S3B77131;PLACA+SUP 4X2 3P GRAFITE;1;R$ 3,40;7;3,25;R$ 0,11
S3B77134;PLACA+SUP 4X2 3P PRETA;1;R$ 3,09;7;3,25;R$ 0,10
S3B77102;PLACA+SUP 4X2 CEGA ALUMINIO;1;R$ 3,40;7;3,25;R$ 0,11
S3B77103;PLACA+SUP 4X2 CEGA DOURADA;1;R$ 3,40;7;3,25;R$ 0,11
S3B77101;PLACA+SUP 4X2 CEGA GRAFITE;1;R$ 3,40;7;3,25;R$ 0,11
S3B77104;PLACA+SUP 4X2 CEGA PRETA;1;R$ 3,09;7;3,25;R$ 0,10
S3B77422;PLACA+SUP 4X4 2P ALUMINIO;1;R$ 7,62;7;3,25;R$ 0,24
S3B77423;PLACA+SUP 4X4 2P DOURADA;1;R$ 7,62;7;3,25;R$ 0,24
S3B77421;PLACA+SUP 4X4 2P GRAFITE;1;R$ 7,62;7;3,25;R$ 0,24
PRODUTO;DESCRICAO;LOTE MINIMO;PRECO;%ICMS;%IPI;IPI
S3B77424;PLACA+SUP 4X4 2P PRETA;1;R$ 6,95;7;3,25;R$ 0,22
S3B77442;PLACA+SUP 4X4 4P ALUMINIO;1;R$ 7,62;7;3,25;R$ 0,24
S3B77443;PLACA+SUP 4X4 4P DOURADA;1;R$ 7,62;7;3,25;R$ 0,24
S3B77441;PLACA+SUP 4X4 4P GRAFITE;1;R$ 7,62;7;3,25;R$ 0,24
S3B77444;PLACA+SUP 4X4 4P PRETA;1;R$ 6,95;7;3,25;R$ 0,22
S3B77462;PLACA+SUP 4X4 6P ALUMINIO;1;R$ 7,62;7;3,25;R$ 0,24
S3B77463;PLACA+SUP 4X4 6P DOURADA;1;R$ 7,62;7;3,25;R$ 0,24
S3B77461;PLACA+SUP 4X4 6P GRAFITE;1;R$ 7,62;7;3,25;R$ 0,24
S3B77464;PLACA+SUP 4X4 6P PRETA;1;R$ 6,95;7;3,25;R$ 0,22
S3B77402;PLACA+SUP 4X4 CEGA ALUMINIO;1;R$ 7,62;7;3,25;R$ 0,24
S3B77403;PLACA+SUP 4X4 CEGA DOURADA;1;R$ 7,62;7;3,25;R$ 0,24
S3B77401;PLACA+SUP 4X4 CEGA GRAFITE;1;R$ 7,62;7;3,25;R$ 0,24
S3B77404;PLACA+SUP 4X4 CEGA PRETA;1;R$ 6,95;7;3,25;R$ 0,22
S3B76120;SUPORTE 4X2 PARA 3 MODULOS BR;1;R$ 0,99;7;3,25;R$ 0,03
S3B76140;SUPORTE 4X4 PARA 6 MODULOS BR;1;R$ 1,91;7;3,25;R$ 0,06
S3B74200;TAMPA P/ CONECTOR RJ45 S1 1M BR(2 PECAS);1;R$ 3,24;7;3,25;R$ 0,10
S71254104;CARTAO DE ACESSO DEDICADO (10 PECAS);1;R$ 37,95;7;3,25;R$ 1,23
S71335304;CONJ 1 INT SIM + 2 INT PAR 10A250V PL/BR;1;R$ 28,11;7;3,25;R$ 0,91
S71324304;CONJ 2 INT PARALELOS 10A 250V PL/BR;1;R$ 22,43;7;3,25;R$ 0,72
S71335104;CONJ 2 INT SIM + 1 INT PAR 10A250V PL/BR;1;R$ 24,43;7;3,25;R$ 0,79
S71333104;CONJ 2 INT SIM 10A + 1 TOM BR 10A PL/BR;1;R$ 20,45;7;9,75;R$ 1,99
S71320104;CONJ 2 INT SIMPLES 10A 250V PL/BR;1;R$ 15,10;7;3,25;R$ 0,49
S713221224;CONJ 2 TOM BR 2P+E 10A 250V AL/AXIS GREY;1;R$ 20,84;7;9,75;R$ 2,03
S71322104;CONJ 2 TOM BR 2P+T 10A 250V PL/BR;1;R$ 16,41;7;9,75;R$ 1,59
S71322174;CONJ 2 TOMADAS BRS 2P+E 10A 250V AL;1;R$ 20,84;7;9,75;R$ 2,03
S71322194;CONJ 2 TOMADAS BRS 2P+E 10A 250V GR;1;R$ 17,74;7;9,75;R$ 1,72
S71327304;CONJ 2 USB 2.1A +1 TOM BR 2P+E 10A 250V BR;1;R$ 62,38;7;9,75;R$ 6,08
S71334304;CONJ 3 INT PARALELOS 10A 250V PL/BR;1;R$ 31,79;7;3,25;R$ 1,03
S71330104;CONJ 3 INT SIMPLES 10A 250V PL/BR;1;R$ 20,76;7;3,25;R$ 0,67
S71378304;CONJ CAMPAINHA CIGARRA 127V PL/BR;1;R$ 30,45;7;9,75;R$ 2,96
S71378204;CONJ CAMPAINHA CIGARRA 220V PL/BR;1;R$ 30,45;7;9,75;R$ 2,96
S71320129;CONJ DIMMER ROT 127/220V LAMP LED PL/BR;1;R$ 61,12;7;3,25;R$ 1,98
S71313104;CONJ INT BIPOLAR SIMPLES 25A 250V PL/BR;1;R$ 47,69;7;3,25;R$ 1,54
S71310504;CONJ INT INTERMEDIARIO 10A 250V PL/BR;1;R$ 28,42;7;3,25;R$ 0,92
S71324104;CONJ INT PAR 10A + TOM BR 2P+T 10A PL/BR;1;R$ 18,54;7;9,75;R$ 1,80
S71310304;CONJ INT PARALELO 10A 250V PL/BR;1;R$ 11,51;7;3,25;R$ 0,37
S713103224;CONJ INT PARALELO 10AX 250V AL/AXIS GREY;1;R$ 14,97;7;3,25;R$ 0,48
S71324704;CONJ INT SIM + INT PAR 10A 250V PL/BR;1;R$ 18,77;7;3,25;R$ 0,61
S71323104;CONJ INT SIM 10A + TOM BR 2P+T 10A PL/BR;1;R$ 15,02;7;9,75;R$ 1,46
S713231224;CONJ INT SIM 10A+TOM BR 2P+E 10A AXIS GREY;1;R$ 18,33;7;9,75;R$ 1,78
S71323174;CONJ INT SIM 10AX +TOM BR 2P+E 10A 250V AL;1;R$ 18,33;7;9,75;R$ 1,78
S71310104;CONJ INT SIMPLES 10A 250V PL/BR;1;R$ 8,32;7;3,25;R$ 0,27
S713101224;CONJ INT SIMPLES 10AX 250V AL/ AXIS GREY;1;R$ 10,82;7;3,25;R$ 0,35
S71310374;CONJ INTERRUPTOR PARALELO 10AX 250V AL;1;R$ 14,97;7;3,25;R$ 0,48
S71310174;CONJ INTERRUPTOR SIMPLES 10AX 250V AL;1;R$ 10,82;7;3,25;R$ 0,35
S71310194;CONJ INTERRUPTOR SIMPLES 10AX 250V GR;1;R$ 10,82;7;3,25;R$ 0,35
S71312604;CONJ PULS CAMPAINHA 10A 250V PL/BR;1;R$ 12,21;7;3,25;R$ 0,39
S71317604;CONJ PULS PARA MINUTERIA 10A 250V PL/BR;1;R$ 12,21;7;3,25;R$ 0,39
S71366804;CONJ SAIDA DE FIO PL/BR;1;R$ 6,41;7;3,25;R$ 0,20
S71323109;CONJ SENSOR DE PRESENCA 127/220V PL/BR;1;R$ 71,49;7;3,25;R$ 2,32
S713021224;CONJ TOM BR 2P+E 10A 250V AL / AXIS GREY;1;R$ 11,82;7;9,75;R$ 1,15
S713031224;CONJ TOM BR 2P+E 20A 250V AL / AXIS GREY;1;R$ 13,89;7;9,75;R$ 1,35
S71302104;CONJ TOM BR 2P+T 10A 250V PL/BR;1;R$ 9,45;7;9,75;R$ 0,92
S71303104;CONJ TOM BR 2P+T 20A 250V PL/BR;1;R$ 11,58;7;9,75;R$ 1,12
S71346804;CONJ TOM PARA ANTENA DE TV COAXIAL PL/BR;1;R$ 15,59;7;6,5;R$ 1,01
S71349004;CONJ TOM RJ11 (2 FIOS) PL/BR;1;R$ 16,09;7;7,5;R$ 1,20
S71302174;CONJ TOMADA BR 2P+E 10A 250V AL;1;R$ 11,82;7;9,75;R$ 1,15
S71303174;CONJ TOMADA BR 2P+E 20A 250V AL;1;R$ 13,89;7;9,75;R$ 1,35
S71303194;CONJ TOMADA BR 2P+E 20A 250V GR;1;R$ 13,89;7;9,75;R$ 1,35
S71302194;CONJ TOMADA BR 2P+T 10A 250V GR;1;R$ 11,82;7;9,75;R$ 1,15
S71312129;CONJ VAR VENT 127V + 2 INT PAR 10A PL/BR;1;R$ 63,44;7;3,25;R$ 2,06
S733103709;COVER-FRAME 4X2 3M AL/ALU COSMIC GREY;1;R$ 16,61;4;0;R$ 0,00
S733103769;COVER-FRAME 4X2 3M GR/ALU GALAXY BLACK;1;R$ 16,61;4;0;R$ 0,00
S733103649;COVER-FRAME 4X2 3M WH/ALU AURORA GOLD;1;R$ 16,61;4;3,25;R$ 0,53
S732103409;COVER-FRAME 4X2 3M WH/CHROME SOFT;1;R$ 14,10;4;3,25;R$ 0,45
S733203709;COVER-FRAME 4X4 6M AL/ALU COSMIC GREY;1;R$ 38,90;4;0;R$ 0,00
S733203769;COVER-FRAME 4X4 6M GR/ALU GALAXY BLACK;1;R$ 38,90;4;0;R$ 0,00
S733203649;COVER-FRAME 4X4 6M WH/ALU AURORA GOLD;1;R$ 38,90;4;0;R$ 0,00
S732203409;COVER-FRAME 4X4 6M WH/CHROME SOFT;1;R$ 32,67;4;3,25;R$ 1,06
S731103554;COVER-FRAME HUMID AREAS IP55 4X2 3M WH;1;R$ 47,81;4;3,25;R$ 1,55
HRB47996;DISP DE SEGURANCA BRA/ITA 10/20A;1;R$ 102,40;7;9,75;R$ 9,98
S71200574;"FOLHA DE SIMBOLOS PARA MODULOS;";1;R$ 6,40;4;9,75;R$ 0,62
S71200004;LED PARA INTERRUPTORES E PULSADORES;1;R$ 13,57;7;1,3;R$ 0,17
S71200204;LED PARA INTERRUPTORES E PULSADORES 0.7MA ESPECIAL;1;R$ 11,98;4;9,75;R$ 1,16
S70547274;MOD 2 TOM USB A+C 2.4A 127/220V 1M AL;1;R$ 68,24;4;9,75;R$ 6,65
S70547204;MOD 2 TOM USB A+C 2.4A 127/220V 1M BR;1;R$ 59,09;4;9,75;R$ 5,76
S70547294;MOD 2 TOM USB A+C 2.4A 127/220V 1M GR;1;R$ 68,24;4;9,75;R$ 6,65
S70878609;MOD CAMP ELETR 5 TONS 127/220V 2M BR;1;R$ 91,45;7;9,75;R$ 8,91
S70878679;MOD CAMP ELETR 5 TONS 127/220V 2M GR/AL;1;R$ 118,88;7;9,75;R$ 11,59
S70878374;MOD CAMPAINHA CIGARRA 127V 1M AL;1;R$ 34,94;7;9,75;R$ 3,40
S70878304;MOD CAMPAINHA CIGARRA 127V 1M BR;1;R$ 26,86;7;9,75;R$ 2,61
S70878394;MOD CAMPAINHA CIGARRA 127V 1M GR;1;R$ 34,94;7;9,75;R$ 3,40
S70878274;MOD CAMPAINHA CIGARRA 220V 1M AL;1;R$ 34,94;7;9,75;R$ 3,40
S70878204;MOD CAMPAINHA CIGARRA 220V 1M BR;1;R$ 26,86;7;9,75;R$ 2,61
S70878294;MOD CAMPAINHA CIGARRA 220V 1M GR;1;R$ 34,94;7;9,75;R$ 3,40
S70866174;MOD CEGO 1 MODULO ALUMINIO (2 PECAS);1;R$ 3,74;7;3,25;R$ 0,12
S70866194;MOD CEGO 1 MODULO GRAFITE (2 PECAS);1;R$ 3,74;7;3,25;R$ 0,12
S70866074;MOD CEGO 1/2M AL (2 PECAS);1;R$ 3,74;7;3,25;R$ 0,12
S70866004;MOD CEGO 1/2M BR (2 PECAS);1;R$ 2,88;7;3,25;R$ 0,09
PRODUTO;DESCRICAO;LOTE MINIMO;PRECO;%ICMS;%IPI;IPI
S70866094;MOD CEGO 1/2M GR (2 PECAS);1;R$ 3,74;7;3,25;R$ 0,12
S70866104;MOD CEGO 1M BR (2 PECAS);1;R$ 2,88;7;3,25;R$ 0,09
S70866374;MOD CEGO 3M AL;1;R$ 5,62;7;3,25;R$ 0,18
S70866304;MOD CEGO 3M BR;1;R$ 4,32;7;3,25;R$ 0,14
S70866394;MOD CEGO 3M GR;1;R$ 5,62;7;3,25;R$ 0,18
S70866124;MOD CEGO ANTIBACTERIANO 1M BR (2 PECAS);1;R$ 3,46;7;3,25;R$ 0,11
S70751479;MOD DIMMER PUL DIG 127/220V LED 2M GR/AL;1;R$ 96,98;7;3,25;R$ 3,15
S70751429;MOD DIMMER PUL DIG 127/220V LED AB 2M BR;1;R$ 74,61;7;3,25;R$ 2,42
S70720129;MOD DIMMER RO 127/220V LAMP LED AB 1M BR;1;R$ 57,40;7;3,25;R$ 1,86
S70710024;MOD DIMMER RO 127V LAMP RESIST AB 1M BR;1;R$ 40,99;7;3,25;R$ 1,33
S70720179;MOD DIMMER ROT 127/220V LAMP LED 1M AL;1;R$ 74,61;7;3,25;R$ 2,42
S70720199;MOD DIMMER ROT 127/220V LAMP LED 1M GR;1;R$ 74,61;7;3,25;R$ 2,42
S70710074;MOD DIMMER ROT 127V LAMP RESIST 1M AL;1;R$ 53,29;7;3,25;R$ 1,73
S70710094;MOD DIMMER ROT 127V LAMP RESIST 1M GR;1;R$ 53,29;7;3,25;R$ 1,73
S70100374;MOD DUPLO INT PARALELO 10AX 250V 2M AL;1;R$ 36,47;7;3,25;R$ 1,18
S70100304;MOD DUPLO INT PARALELO 10AX 250V 2M BR;1;R$ 28,05;7;3,25;R$ 0,91
S70100394;MOD DUPLO INT PARALELO 10AX 250V 2M GR;1;R$ 36,47;7;3,25;R$ 1,18
S70100174;MOD DUPLO INT SIMPLES 10AX 250V 2M AL;1;R$ 22,15;7;3,25;R$ 0,71
S70100104;MOD DUPLO INT SIMPLES 10AX 250V 2M BR;1;R$ 18,15;7;3,25;R$ 0,58
S70100194;MOD DUPLO INT SIMPLES 10AX 250V 2M GR;1;R$ 22,15;7;3,25;R$ 0,71
S70100674;MOD DUPLO PULS UNIVERSAL 10A 250V 2M AL;1;R$ 34,49;7;3,25;R$ 1,12
S70100604;MOD DUPLO PULS UNIVERSAL 10A 250V 2M BR;1;R$ 26,54;7;3,25;R$ 0,86
S70100694;MOD DUPLO PULS UNIVERSAL 10A 250V 2M GR;1;R$ 34,49;7;3,25;R$ 1,12
S70110474;MOD INT BIPOLAR PARALELO 10A 250V 1M AL;1;R$ 33,58;7;3,25;R$ 1,09
S70110404;MOD INT BIPOLAR PARALELO 10A 250V 1M BR;1;R$ 25,82;7;3,25;R$ 0,83
S70110494;MOD INT BIPOLAR PARALELO 10A 250V 1M GR;1;R$ 33,58;7;3,25;R$ 1,09
S70110274;MOD INT BIPOLAR SIMPLES 10A 250V 1M AL;1;R$ 31,93;7;3,25;R$ 1,03
S70110204;MOD INT BIPOLAR SIMPLES 10A 250V 1M BR;1;R$ 24,56;7;3,25;R$ 0,79
S70110294;MOD INT BIPOLAR SIMPLES 10A 250V 1M GR;1;R$ 31,93;7;3,25;R$ 1,03
S70113174;MOD INT BIPOLAR SIMPLES 25A 250V 1M AL;1;R$ 59,05;7;3,25;R$ 1,91
S70113104;MOD INT BIPOLAR SIMPLES 25A 250V 1M BR;1;R$ 45,41;7;3,25;R$ 1,47
S70113194;MOD INT BIPOLAR SIMPLES 25A 250V 1M GR;1;R$ 59,05;7;3,25;R$ 1,91
S70754175;MOD INT CARTAO ELET 127V 2,5M GR/AL;1;R$ 152,25;7;3,25;R$ 4,94
S70754105;MOD INT CARTAO ELET 127V 2.5M BR;1;R$ 117,11;7;3,25;R$ 3,80
S70754205;MOD INT CARTAO ELET 220V 2.5M BR;1;R$ 117,11;7;3,25;R$ 3,80
S70754275;MOD INT CARTAO ELET 220V 2.5M GR/AL;1;R$ 152,25;7;3,25;R$ 4,94
S70110524;MOD INT INTERMED 10A 250V ANTIBACT 1M BR;1;R$ 30,67;7;3,25;R$ 0,99
S70110574;MOD INT INTERMEDIARIO 10A 250V 1M AL;1;R$ 33,23;7;3,25;R$ 1,07
S70110504;MOD INT INTERMEDIARIO 10A 250V 1M BR;1;R$ 25,56;7;3,25;R$ 0,83
S70110594;MOD INT INTERMEDIARIO 10A 250V 1M GR;1;R$ 33,23;7;3,25;R$ 1,07
S70010874;MOD INT PARA PERSIANAS 6A 250V 2M AL;1;R$ 40,60;7;3,25;R$ 1,31
S70010804;MOD INT PARA PERSIANAS 6A 250V 2M BR;1;R$ 26,97;4;3,25;R$ 0,87
S70010894;MOD INT PARA PERSIANAS 6A 250V 2M GR;1;R$ 39,20;4;3,25;R$ 1,27
S70110374;MOD INT PARALELO 10A 250V 1M AL;1;R$ 12,14;7;3,25;R$ 0,39
S70110304;MOD INT PARALELO 10A 250V 1M BR;1;R$ 9,34;7;3,25;R$ 0,30
S70110394;MOD INT PARALELO 10A 250V 1M GR;1;R$ 12,14;7;3,25;R$ 0,39
S70110324;MOD INT PARALELO 10A 250V ANTIBACT 1M BR;1;R$ 11,23;7;3,25;R$ 0,36
S70110174;MOD INT SIMPLES 10A 250V 1M AL;1;R$ 7,74;7;3,25;R$ 0,25
S70110104;MOD INT SIMPLES 10A 250V 1M BR;1;R$ 6,42;7;3,25;R$ 0,20
S70110194;MOD INT SIMPLES 10A 250V 1M GR;1;R$ 7,74;7;3,25;R$ 0,25
S70110124;MOD INT SIMPLES 10A 250V ANTIBACT 1M BR;1;R$ 7,21;7;3,25;R$ 0,23
S70110624;MOD PULS 10A 250V ANTIBACT 1M BR;1;R$ 10,62;7;3,25;R$ 0,34
S70112674;MOD PULS CAMPAINHA 10A 250V 1M AL;1;R$ 11,50;7;3,25;R$ 0,37
S70112604;MOD PULS CAMPAINHA 10A 250V 1M BR;1;R$ 8,99;7;3,25;R$ 0,29
S70112694;MOD PULS CAMPAINHA 10A 250V 1M GR;1;R$ 11,50;7;3,25;R$ 0,37
S70117674;MOD PULS PARA MINUTERIA 10A 250V 1M AL;1;R$ 11,50;7;3,25;R$ 0,37
S70117604;MOD PULS PARA MINUTERIA 10A 250V 1M BR;1;R$ 8,85;7;3,25;R$ 0,28
S70117694;MOD PULS PARA MINUTERIA 10A 250V 1M GR;1;R$ 11,50;7;3,25;R$ 0,37
S70110674;MOD PULS UNIVERSAL 10A 250V 1M AL;1;R$ 11,50;7;3,25;R$ 0,37
S70110604;MOD PULS UNIVERSAL 10A 250V 1M BR;1;R$ 8,85;7;3,25;R$ 0,28
S70110694;MOD PULS UNIVERSAL 10A 250V 1M GR;1;R$ 11,50;7;3,25;R$ 0,37
S70866874;MOD SAIDA DE FIO 1M AL (2 PECAS);1;R$ 3,74;7;3,25;R$ 0,12
S70866804;MOD SAIDA DE FIO 1M BR (2 PECAS);1;R$ 2,88;7;3,25;R$ 0,09
S70866894;MOD SAIDA DE FIO 1M GR (2 PECAS);1;R$ 3,74;7;3,25;R$ 0,12
S70723109;MOD SENSOR DE PRESENCA 127/220V 2M BR;1;R$ 70,99;7;3,25;R$ 2,30
S70723179;MOD SENSOR DE PRESENCA 127/220V 2M GR/AL;1;R$ 92,29;7;3,25;R$ 2,99
S70546824;MOD TOM ANTENA TV COAXIAL ANTIBACT 1M BR;1;R$ 14,33;7;6,5;R$ 0,93
S70202174;MOD TOM BR 2P+T 10A 250V 1M AL;1;R$ 8,69;7;9,75;R$ 0,84
S70202104;MOD TOM BR 2P+T 10A 250V 1M BR;1;R$ 7,53;7;9,75;R$ 0,73
S70202194;MOD TOM BR 2P+T 10A 250V 1M GR;1;R$ 8,69;7;9,75;R$ 0,84
S70202124;MOD TOM BR 2P+T 10A 250V ANTIBACT 1M BR;1;R$ 7,68;7;9,75;R$ 0,74
S70202134;MOD TOM BR 2P+T 10A 250V ANTIBACT 1M VM;1;R$ 7,68;7;9,75;R$ 0,74
S70205174;MOD TOM BR 2P+T 10A 250V BORNE AUT 1M AL;1;R$ 9,12;7;9,75;R$ 0,88
S70205104;MOD TOM BR 2P+T 10A 250V BORNE AUT 1M BR;1;R$ 8,05;7;9,75;R$ 0,78
S70205194;MOD TOM BR 2P+T 10A 250V BORNE AUT 1M GR;1;R$ 9,12;7;9,75;R$ 0,88
S70203174;MOD TOM BR 2P+T 20A 250V 1M AL;1;R$ 11,31;7;9,75;R$ 1,10
S70203104;MOD TOM BR 2P+T 20A 250V 1M BR;1;R$ 8,71;7;9,75;R$ 0,84
S70203194;MOD TOM BR 2P+T 20A 250V 1M GR;1;R$ 11,31;7;9,75;R$ 1,10
S702031G4;MOD TOM BR 2P+T 20A 250V 1M VD;1;R$ 8,71;7;9,75;R$ 0,84
S70203124;MOD TOM BR 2P+T 20A 250V ANTIBACT 1M BR;1;R$ 10,44;7;9,75;R$ 1,01
S70203134;MOD TOM BR 2P+T 20A 250V ANTIBACT 1M VM;1;R$ 10,44;7;9,75;R$ 1,01
S70546874;MOD TOM PARA ANTENA DE TV COAXIAL 1M AL;1;R$ 15,53;7;6,5;R$ 1,00
S70546804;MOD TOM PARA ANTENA DE TV COAXIAL 1M BR;1;R$ 11,95;7;6,5;R$ 0,77
S70546894;MOD TOM PARA ANTENA DE TV COAXIAL 1M GR;1;R$ 15,53;7;6,5;R$ 1,00
S70549074;MOD TOM RJ11 (2 FIOS) 1M AL;1;R$ 16,20;7;7,5;R$ 1,21
S70549004;MOD TOM RJ11 (2 FIOS) 1M BR;1;R$ 12,47;7;7,5;R$ 0,93
S70549094;MOD TOM RJ11 (2 FIOS) 1M GR;1;R$ 16,20;7;7,5;R$ 1,21
S70549174;MOD TOM RJ11 (4 FIOS) 1M AL;1;R$ 19,30;7;7,5;R$ 1,44
S70549104;MOD TOM RJ11 (4 FIOS) 1M BR;1;R$ 14,83;7;7,5;R$ 1,11
PRODUTO;DESCRICAO;LOTE MINIMO;PRECO;%ICMS;%IPI;IPI
S70549194;MOD TOM RJ11 (4 FIOS) 1M GR;1;R$ 19,30;7;7,5;R$ 1,44
S70540004;MOD TOM RJ45 (8 FIOS) UTP CAT.5E 1M BR;1;R$ 24,04;7;7,5;R$ 1,80
S70540094;MOD TOM RJ45 (8 FIOS) UTP CAT.5E 1M GR;1;R$ 31,27;7;7,5;R$ 2,34
S70540174;MOD TOM RJ45 (8 FIOS) UTP CAT.6 1M AL;1;R$ 35,95;7;7,5;R$ 2,69
S70540104;MOD TOM RJ45 (8 FIOS) UTP CAT.6 1M BR;1;R$ 27,66;7;7,5;R$ 2,07
S70540194;MOD TOM RJ45 (8 FIOS) UTP CAT.6 1M GR;1;R$ 35,95;7;7,5;R$ 2,69
S70547174;MOD TOM USB (CONECTOR DE DADOS) 1M AL;1;R$ 56,24;7;7,5;R$ 4,21
S70547104;MOD TOM USB (CONECTOR DE DADOS) 1M BR;1;R$ 43,26;7;7,5;R$ 3,24
S70547194;MOD TOM USB (CONECTOR DE DADOS) 1M GR;1;R$ 56,24;7;7,5;R$ 4,21
S70540074;MOD TOMADA RJ45 (8 FIOS) UTP CAT.5E 1M AL;1;R$ 31,27;7;7,5;R$ 2,34
S70712174;MOD VARIADOR P/ VENTILADOR 127V 1M AL;1;R$ 53,29;7;3,25;R$ 1,73
S70712194;MOD VARIADOR P/ VENTILADOR 127V 1M GR;1;R$ 53,29;7;3,25;R$ 1,73
S70712124;MOD VARIADOR P/ VENTILADOR 127V AB 1M BR;1;R$ 40,99;7;3,25;R$ 1,33
S70722174;MOD VARIADOR P/ VENTILADOR 220V 1M AL;1;R$ 53,29;7;3,25;R$ 1,73
S70722194;MOD VARIADOR P/ VENTILADOR 220V 1M GR;1;R$ 53,29;7;3,25;R$ 1,73
S70722124;MOD VARIADOR P/ VENTILADOR 220V AB 1M BR;1;R$ 40,99;7;3,25;R$ 1,33
S70647394;MODULO 2 TOMADAS CARREGADOR USB 2.1A TIPO A 127/22;1;R$ 72,75;4;9,75;R$ 7,09
S70720024;MODULO DIMMER ROTATIVO 220V LAMPADAS RESISTIVAS AN;1;R$ 17,12;4;9,75;R$ 1,66
S70116294;MODULO INTERRUPTOR BIPOLAR SIMPLES 16AX 250V 1M GR;1;R$ 12,84;4;9,75;R$ 1,25
S70727129;MODULO PULSADOR MINUTERIA ELETRONICA 5A 127/220V A;1;R$ 168,76;4;9,75;R$ 16,45
S70547004;MODULO TOMADA CARREGADOR USB 1A BR;1;R$ 41,04;7;9,75;R$ 4,00
S70547094;MODULO TOMADA CARREGADOR USB 1A GR;1;R$ 53,36;7;9,75;R$ 5,20
S70547074;MODULO TOMADA CARREGADOR USB1A AL;1;R$ 53,36;7;9,75;R$ 5,20
S70325174;MODULO TOMADA DUPLEX 10A COM BORNE AUTOMATICO ALUM;1;R$ 17,11;4;9,75;R$ 1,66
S70647274;MODULO TOMADA HDMI 1M ALUMINIUM;1;R$ 56,24;7;7,5;R$ 4,21
S70647204;MODULO TOMADA HDMI 1M BRANCO;1;R$ 43,26;7;7,5;R$ 3,24
S70647294;MODULO TOMADA HDMI 1M GRAFITE;1;R$ 56,24;7;7,5;R$ 4,21
S735121004;PLACA + SUPORTE 4X2 2 POSTOS BRANCA;1;R$ 3,92;7;3,25;R$ 0,12
S735103004;PLACA + SUPORTE 4X2 3 POSTOS BRANCA;1;R$ 3,92;7;3,25;R$ 0,12
HRB26578;PLACA 2X4 3M BRANCO;1;R$ 102,40;7;3,25;R$ 3,32
S730101024;PLACA 4X2 1P ANTIBACT BRANCA;1;R$ 3,13;7;3,25;R$ 0,10
S730101224;PLACA 4X2 1P AXIS GREY;1;R$ 4,16;7;3,25;R$ 0,13
S730101064;PLACA 4X2 1P BEGE;1;R$ 3,38;7;3,25;R$ 0,10
S730101004;PLACA 4X2 1P BRANCA;1;R$ 2,75;7;3,25;R$ 0,08
S730101274;PLACA 4X2 1P GAMMA SILVER;1;R$ 4,16;7;3,25;R$ 0,13
S730101234;PLACA 4X2 1P HORIZON GOLD;1;R$ 4,16;7;3,25;R$ 0,13
S730101264;PLACA 4X2 1P PLANET BROWN;1;R$ 4,16;7;3,25;R$ 0,13
S730101294;PLACA 4X2 1P STELLAR BLACK;1;R$ 4,16;7;3,25;R$ 0,13
S730102004;PLACA 4X2 2P ADJACENTES BRANCA;1;R$ 2,61;7;3,25;R$ 0,08
S730121024;PLACA 4X2 2P ANTIBACT BRANCA;1;R$ 3,13;7;3,25;R$ 0,10
S730121224;PLACA 4X2 2P AXIS GREY;1;R$ 4,16;7;3,25;R$ 0,13
S730121064;PLACA 4X2 2P BEGE;1;R$ 3,38;7;3,25;R$ 0,10
S730121004;PLACA 4X2 2P BRANCA;1;R$ 2,61;7;3,25;R$ 0,08
S730121274;PLACA 4X2 2P GAMMA SILVER;1;R$ 4,16;7;3,25;R$ 0,13
S730121234;PLACA 4X2 2P HORIZON GOLD;1;R$ 4,16;7;3,25;R$ 0,13
S730121264;PLACA 4X2 2P PLANET BROWN;1;R$ 4,16;7;3,25;R$ 0,13
S730121294;PLACA 4X2 2P STELLAR BLACK;1;R$ 4,16;7;3,25;R$ 0,13
S733103639;"PLACA 4X2 3 POSTOS BR/ALU COSMIC GREY;";1;R$ 16,61;4;9,75;R$ 1,61
S732103419;"PLACA 4X2 3 POSTOS BR/CHROME SATIN;";1;R$ 14,28;7;3,25;R$ 0,46
S730103024;PLACA 4X2 3P ANTIBACT BRANCA;1;R$ 3,13;7;3,25;R$ 0,10
S730103224;PLACA 4X2 3P AXIS GREY;1;R$ 4,16;7;3,25;R$ 0,13
S730103064;PLACA 4X2 3P BEGE;1;R$ 3,38;7;3,25;R$ 0,10
S739103009;PLACA 4X2 3P BR/YOU;1;R$ 14,08;7;3,25;R$ 0,45
S730103004;PLACA 4X2 3P BRANCA;1;R$ 2,61;7;3,25;R$ 0,08
S730103274;PLACA 4X2 3P GAMMA SILVER;1;R$ 4,16;7;3,25;R$ 0,13
S730103234;PLACA 4X2 3P HORIZON GOLD;1;R$ 4,16;7;3,25;R$ 0,13
S730103264;PLACA 4X2 3P PLANET BROWN;1;R$ 4,16;7;3,25;R$ 0,13
S730103294;PLACA 4X2 3P STELLAR BLACK;1;R$ 4,16;7;3,25;R$ 0,13
S730100024;PLACA 4X2 CEGA ANTIBACT BRANCA;1;R$ 3,10;7;3,25;R$ 0,10
S730100224;PLACA 4X2 CEGA AXIS GREY;1;R$ 4,08;7;3,25;R$ 0,13
S730100064;PLACA 4X2 CEGA BEGE;1;R$ 3,32;7;3,25;R$ 0,10
S730100004;PLACA 4X2 CEGA BRANCA;1;R$ 2,57;7;3,25;R$ 0,08
S730100274;PLACA 4X2 CEGA GAMMA SILVER;1;R$ 4,08;7;3,25;R$ 0,13
S730100234;PLACA 4X2 CEGA HORIZON GOLD;1;R$ 4,08;7;3,25;R$ 0,13
S730100264;PLACA 4X2 CEGA PLANET BROWN;1;R$ 4,08;7;3,25;R$ 0,13
S730100294;PLACA 4X2 CEGA STELLAR BLACK;1;R$ 4,08;7;3,25;R$ 0,13
S733103759;PLACA 4X2 SEM SUPORTE 3 POSTOS AL / ALU MAGMA COPP;1;R$ 16,61;4;9,75;R$ 1,61
S733103719;PLACA 4X2 SEM SUPORTE 3 POSTOS AL/ALU GALAXY BLACK;1;R$ 16,61;4;9,75;R$ 1,61
S732103509;PLACA 4X2 SEM SUPORTE 3 POSTOS AL/CHROME SATIN;1;R$ 14,28;7;5;R$ 0,71
S732103429;PLACA 4X2 SEM SUPORTE 3 POSTOS BR/CHROME GLOSS;1;R$ 14,28;7;3,25;R$ 0,46
S733103959;PLACA 4X2 SEM SUPORTE 3 POSTOS GR / ALU MAGMA COPP;1;R$ 6,85;4;9,75;R$ 0,66
S732103559;PLACA 4X2 SEM SUPORTE 3 POSTOS GR/CHROME DARK;1;R$ 14,28;7;3,25;R$ 0,46
S730201024;PLACA 4X4 2P ANTIBACT BRANCA;1;R$ 7,53;7;3,25;R$ 0,24
S730201224;PLACA 4X4 2P AXIS GREY;1;R$ 9,94;7;3,25;R$ 0,32
S730201064;PLACA 4X4 2P BEGE;1;R$ 8,06;7;3,25;R$ 0,26
S730201004;PLACA 4X4 2P BRANCA;1;R$ 6,21;7;3,25;R$ 0,20
S730201274;PLACA 4X4 2P GAMMA SILVER;1;R$ 9,94;7;3,25;R$ 0,32
S730201234;PLACA 4X4 2P HORIZON GOLD;1;R$ 9,94;7;3,25;R$ 0,32
S730201264;PLACA 4X4 2P PLANET BROWN;1;R$ 9,94;7;3,25;R$ 0,32
S730201294;PLACA 4X4 2P STELLAR BLACK;1;R$ 9,94;7;3,25;R$ 0,32
S732203509;"PLACA 4X4 6 POSTOS AL/CHROME SATIN;";1;R$ 33,09;7;5;R$ 1,65
S733203639;"PLACA 4X4 6 POSTOS BR/ALU COSMIC GREY;";1;R$ 38,90;4;9,75;R$ 3,79
S732203559;"PLACA 4X4 6 POSTOS GR/CHROME DARK;";1;R$ 33,09;7;5;R$ 1,65
S730203024;PLACA 4X4 6P ANTIBACT BRANCA;1;R$ 7,53;7;3,25;R$ 0,24
S730203224;PLACA 4X4 6P AXIS GREY;1;R$ 9,94;7;3,25;R$ 0,32
S730203064;PLACA 4X4 6P BEGE;1;R$ 8,06;7;3,25;R$ 0,26
S739203009;PLACA 4X4 6P BR/YOU;1;R$ 30,19;7;3,25;R$ 0,98
S730203004;PLACA 4X4 6P BRANCA;1;R$ 6,21;7;3,25;R$ 0,20
S730203274;PLACA 4X4 6P GAMMA SILVER;1;R$ 9,94;7;3,25;R$ 0,32
PRODUTO;DESCRICAO;LOTE MINIMO;PRECO;%ICMS;%IPI;IPI
S730203234;PLACA 4X4 6P HORIZON GOLD;1;R$ 9,94;7;3,25;R$ 0,32
S730203264;PLACA 4X4 6P PLANET BROWN;1;R$ 9,94;7;3,25;R$ 0,32
S730203294;PLACA 4X4 6P STELLAR BLACK;1;R$ 9,94;7;3,25;R$ 0,32
S730200024;PLACA 4X4 CEGA ANTIBACT BRANCA;1;R$ 7,53;7;3,25;R$ 0,24
S730200224;PLACA 4X4 CEGA AXIS GREY;1;R$ 9,94;7;3,25;R$ 0,32
S730200064;PLACA 4X4 CEGA BEGE;1;R$ 8,06;7;3,25;R$ 0,26
S730200004;PLACA 4X4 CEGA BRANCA;1;R$ 6,21;7;3,25;R$ 0,20
S730200274;PLACA 4X4 CEGA GAMMA SILVER;1;R$ 9,94;7;3,25;R$ 0,32
S730200234;PLACA 4X4 CEGA HORIZON GOLD;1;R$ 9,94;7;3,25;R$ 0,32
S730200264;PLACA 4X4 CEGA PLANET BROWN;1;R$ 9,94;7;3,25;R$ 0,32
S730200294;PLACA 4X4 CEGA STELLAR BLACK;1;R$ 9,94;7;3,25;R$ 0,32
S733203759;PLACA 4X4 SEM SUPORTE 6 POSTOS AL / ALU MAGMA COPP;1;R$ 38,90;4;9,75;R$ 3,79
S732203429;PLACA 4X4 SEM SUPORTE 6 POSTOS BR/CHROME GLOSS;1;R$ 33,09;7;5;R$ 1,65
S733203959;PLACA 4X4 SEM SUPORTE 6 POSTOS GR / ALU MAGMA COPP;1;R$ 38,90;4;9,75;R$ 3,79
S735100004;PLACA CEGA + SUPORTE 4X2 BRANCA;1;R$ 3,92;7;3,25;R$ 0,12
S735101004;PLACA+SUP 4X2 1P BRANCA;1;R$ 3,92;7;3,25;R$ 0,12
S735101274;PLACA+SUP 4X2 1P GAMMA SILVER;1;R$ 10,16;7;3,25;R$ 0,33
S73410385H9;PLACA+SUP 4X2 3P CLASS AL/GREY METAL H;1;R$ 41,86;7;0;R$ 0,00
S734103859;PLACA+SUP 4X2 3P CLASS AL/GREY METAL V;1;R$ 41,86;7;0;R$ 0,00
S73410382H9;PLACA+SUP 4X2 3P CLASS BR/NORDIC WOOD H;1;R$ 82,69;7;3,25;R$ 2,68
S734103829;PLACA+SUP 4X2 3P CLASS BR/NORDIC WOOD V;1;R$ 82,69;7;3,25;R$ 2,68
S73410386H9;PLACA+SUP 4X2 3P CLASS BR/WHITE FENIX H;1;R$ 40,92;7;3,25;R$ 1,32
S734103869;PLACA+SUP 4X2 3P CLASS BR/WHITE FENIX V;1;R$ 40,92;7;3,25;R$ 1,32
S73410380H9;PLACA+SUP 4X2 3P CLASS BR/WHITE GLASS H;1;R$ 55,52;7;9,75;R$ 5,41
S734103809;PLACA+SUP 4X2 3P CLASS BR/WHITE GLASS V;1;R$ 55,52;7;9,75;R$ 5,41
S73410384H9;PLACA+SUP 4X2 3P CLASS GR/ALU METAL H;1;R$ 41,86;7;0;R$ 0,00
S734103849;PLACA+SUP 4X2 3P CLASS GR/ALU METAL V;1;R$ 41,86;7;0;R$ 0,00
S73410381H9;PLACA+SUP 4X2 3P CLASS GR/DARK GLASS H;1;R$ 55,52;7;9,75;R$ 5,41
S734103819;PLACA+SUP 4X2 3P CLASS GR/DARK GLASS V;1;R$ 55,52;7;9,75;R$ 5,41
S73410387H9;PLACA+SUP 4X2 3P CLASS GR/GR FENIX H;1;R$ 40,92;7;3,25;R$ 1,32
S734103879;PLACA+SUP 4X2 3P CLASS GR/GR FENIX V;1;R$ 40,92;7;3,25;R$ 1,32
S73410388H9;PLACA+SUP 4X2 3P CLASS GR/GREY FENIX H;1;R$ 40,92;7;3,25;R$ 1,32
S734103889;PLACA+SUP 4X2 3P CLASS GR/GREY FENIX V;1;R$ 40,92;7;3,25;R$ 1,32
S73410383H9;PLACA+SUP 4X2 3P CLASS GR/WENGUE WOOD H;1;R$ 82,69;7;3,25;R$ 2,68
S734103839;PLACA+SUP 4X2 3P CLASS GR/WENGUE WOOD V;1;R$ 82,69;7;3,25;R$ 2,68
S734203859;PLACA+SUP 4X4 6P CLASS AL/GREY METAL;1;R$ 75,33;7;0;R$ 0,00
S734203829;PLACA+SUP 4X4 6P CLASS BR/NORDIC WOOD;1;R$ 148,83;7;3,25;R$ 4,83
S734203869;PLACA+SUP 4X4 6P CLASS BR/WHITE FENIX;1;R$ 73,64;7;3,25;R$ 2,39
S734203809;PLACA+SUP 4X4 6P CLASS BR/WHITE GLASS;1;R$ 105,49;7;9,75;R$ 10,28
S734203879;PLACA+SUP 4X4 6P CLASS GR/ GRAFITE FENIX;1;R$ 73,64;7;3,25;R$ 2,39
S734203849;PLACA+SUP 4X4 6P CLASS GR/ALU METAL;1;R$ 75,33;7;0;R$ 0,00
S734203819;PLACA+SUP 4X4 6P CLASS GR/DARK GLASS;1;R$ 105,49;7;9,75;R$ 10,28
S734203889;PLACA+SUP 4X4 6P CLASS GR/GREY FENIX;1;R$ 73,64;7;3,25;R$ 2,39
S734203839;PLACA+SUP 4X4 6P CLASS GR/WENGUE WOOD;1;R$ 148,83;7;3,25;R$ 4,83
S731001074;PLACiSUPORTE P/ DIVISORIAS 1M AL;1;R$ 5,98;7;3,25;R$ 0,19
S731001004;PLACiSUPORTE P/ DIVISORIAS 1M BR;1;R$ 3,73;7;3,25;R$ 0,12
S731001094;PLACiSUPORTE P/ DIVISORIAS 1M GR;1;R$ 5,98;7;3,25;R$ 0,19
S71010324;SUPORTE 4X2 PARA 3 MODULOS BR;1;R$ 1,18;7;3,25;R$ 0,03
S71020324;SUPORTE 4X4 PARA 6 MODULOS BR;1;R$ 2,26;7;3,25;R$ 0,07
S70542174;TAMPA P/ CONECTOR RJ45 KEYSTONE 1M AL;1;R$ 5,98;7;3,25;R$ 0,19
S70542104;TAMPA P/ CONECTOR RJ45 KEYSTONE 1M BR;1;R$ 4,59;7;3,25;R$ 0,14
S70542194;TAMPA P/ CONECTOR RJ45 KEYSTONE 1M GR;1;R$ 5,98;7;3,25;R$ 0,19
S70542074;TAMPA PARA CONECTOR RJ45 S1 1M AL;1;R$ 5,98;7;3,25;R$ 0,19
S70542004;TAMPA PARA CONECTOR RJ45 S1 1M BR;1;R$ 4,59;7;3,25;R$ 0,14
S70542094;TAMPA PARA CONECTOR RJ45 S1 1M GR;1;R$ 5,98;7;3,25;R$ 0,19
S71203074;TECLA INTERRUPTOR PULSADOR 3M ALUMINIO;1;R$ 9,48;7;3,25;R$ 0,30
S71201074;TECLA P/ INT / PULS 1M AL;1;R$ 1,89;7;3,25;R$ 0,06
S71201004;TECLA P/ INT / PULS 1M BR;1;R$ 1,45;7;3,25;R$ 0,04
S71201094;TECLA P/ INT / PULS 1M GR;1;R$ 1,89;7;3,25;R$ 0,06
S71203094;TECLA P/ INT / PULS 3M GR;1;R$ 9,48;7;3,25;R$ 0,30
S71201174;TECLA PARA INTERRUPTOR / PULSADOR SIMBOLO CAMPAINH;1;R$ 3,42;4;9,75;R$ 0,33
S71201294;TECLA PARA INTERRUPTOR / PULSADOR SIMBOLO LAMPADA;1;R$ 2,42;7;9,75;R$ 0,23
S71201274;TECLA PARA INTERRUPTOR /PULSADOR SIMBOLO LAMPADA 1;1;R$ 2,57;4;9,75;R$ 0,25
DXN3405B;"""ESPIRAL P/ CABOS BRANCO 19MM 3/4"""" - 10M""";1;R$ 42,36;4;9,75;R$ 4,13
DXN3405N;"""ESPIRAL P/ CABOS PRETO 19MM 3/4"""" - 10M""";1;R$ 32,40;4;9,75;R$ 3,15
DXN3012B;ABRACADEIRA BRANCA T12 30CMX4.8MM 100UN;1;R$ 17,12;4;9,75;R$ 1,66
DXN3004B;ABRACADEIRA BRANCA T4 10CMX2.5MM 100UN;1;R$ 5,60;4;9,75;R$ 0,54
DXN3006B;ABRACADEIRA BRANCA T6 15CMX3.2M 100UN;1;R$ 6,13;4;9,75;R$ 0,59
DXN3008B;ABRACADEIRA BRANCA T8 20CMX4.6MM 100UN;1;R$ 6,22;4;9,75;R$ 0,60
DXN3010N;ABRACADEIRA PRETA T10 25CMX3.6MM 100UN;1;R$ 21,78;4;9,75;R$ 2,12
DXN3012N;ABRACADEIRA PRETA T12 30CMX4.8MM 100UN;1;R$ 16,65;4;9,75;R$ 1,62
DXN3012N;ABRACADEIRA PRETA T12 30CMX4.8MM 100UN;1;R$ 16,65;4;9,75;R$ 1,62
DXN3014N;ABRACADEIRA PRETA T14 35CMX4.8MM 100UN;1;R$ 21,78;4;9,75;R$ 2,12
DXN3004N;ABRACADEIRA PRETA T4 10CMX2.5MM 100UN;1;R$ 4,28;4;9,75;R$ 0,41
DXN3006N;ABRACADEIRA PRETA T6 15CMX3.2MM 100UN;1;R$ 6,13;4;9,75;R$ 0,59
DXN3008N;ABRACADEIRA PRETA T8 20CMX4.6MM 100UN;1;R$ 18,83;4;9,75;R$ 1,83
DXN5008S;ACOPLADOR ALTO 2MM DEXSON 100 X 45 MM BRANCO PARA;1;R$ 9,77;4;3,25;R$ 0,31
DXN5007S;ACOPLADOR PLANO DEXSON 100 X 45 MM BRANCO PARA PLA;1;R$ 7,14;4;3,25;R$ 0,23
DXN5009S;CAIXA APARENTE 4X2 DEXSON PARA PLACAS PRIME;1;R$ 9,03;4;3,25;R$ 0,29
DXN10481;CANALETA ARREDONDADA 22 X 10 MM PRETA COM ADESIVO;50;R$ 6,07;4;6,5;R$ 0,39
DXN10063;CANALETA DE CANTO 20X20 COM ADESIVO INCLUSO - COR;35;R$ 8,18;4;6,5;R$ 0,53
DXN10461;CANALETA DEXSON ARREDONDADA 22 X 10 MM BRANCA COM;50;R$ 5,95;4;6,5;R$ 0,38
DXN10471;CANALETA DEXSON ARREDONDADA 40 X 12 MM BRANCA COM;25;R$ 13,28;4;6,5;R$ 0,86
DXN10013;CANALETA DEXSON PISO 60X13X2000MM PVC CZ S/AD;20;R$ 17,79;4;6,5;R$ 1,15
DXN10011;CANALETA DEXSON SUPERF 100X45X2000MM PVC BR S/AD;14;R$ 65,96;4;6,5;R$ 4,28
DXN10021;CANALETA DEXSON SUPERF 10X10X2000MM PVC BR C/AD;100;R$ 4,39;4;6,5;R$ 0,27
DXN10071;CANALETA DEXSON SUPERF 20X20X2000MM PVC BR C/AD;30;R$ 12,76;4;6,5;R$ 0,82
DXN10081;CANALETA DEXSON SUPERF 25X25X2000MM PVC BR S/AD;24;R$ 10,49;4;6,5;R$ 0,68
DXN10111;CANALETA DEXSON SUPERF 32X12X2000MM PVC BR C/AD;34;R$ 9,85;4;6,5;R$ 0,64
PRODUTO;DESCRICAO;LOTE MINIMO;PRECO;%ICMS;%IPI;IPI
DXN10023;CANALETA PARA PISO DEXSON 60 X 13 MM CINZA COM ADE;20;R$ 22,27;4;6,5;R$ 1,44
DXN10031X50;CANALETA PARA SUPERFICIE DEXSON 13 X 7 MM BRANCA C;50;R$ 4,29;4;6,5;R$ 0,27
DXN10031;CANALETA PARA SUPERFICIE DEXSON 13 X 7 MM BRANCA C;100;R$ 3,97;4;6,5;R$ 0,25
DXN10051;CANALETA PARA SUPERFICIE DEXSON 20 X 12 MM BRANCA;50;R$ 6,75;4;6,5;R$ 0,43
DXN10041;CANALETA PARA SUPERFICIE DEXSON 20 X 12 MM BRANCA;50;R$ 5,22;4;6,5;R$ 0,33
DXN10061;CANALETA PARA SUPERFICIE DEXSON 20 X 20 MM BRANCA;33;R$ 9,15;4;6,5;R$ 0,59
DXN10091;CANALETA PARA SUPERFICIE DEXSON 25 X 25 MM BRANCA;24;R$ 14,00;4;6,5;R$ 0,90
DXN10131;CANALETA PARA SUPERFICIE DEXSON 32 X 12 MM BRANCA;34;R$ 9,80;4;6,5;R$ 0,63
DXN10121;CANALETA PARA SUPERFICIE DEXSON 32 X 12 MM BRANCA;40;R$ 7,49;4;6,5;R$ 0,48
DXN10101;CANALETA PARA SUPERFICIE DEXSON 32 X 12 MM BRANCA;40;R$ 7,26;4;6,5;R$ 0,47
DXN10171;CANALETA PARA SUPERFICIE DEXSON 40 X 25 MM BRANCA;21;R$ 23,84;4;6,5;R$ 1,54
DXN10151;CANALETA PARA SUPERFICIE DEXSON 40 X 25 MM BRANCA;21;R$ 22,77;4;6,5;R$ 1,48
DXN10141;CANALETA PARA SUPERFICIE DEXSON 40 X 25 MM BRANCA;25;R$ 18,59;4;6,5;R$ 1,20
DXN10181;CANALETA PARA SUPERFICIE DEXSON 40 X 40 MM BRANCA;20;R$ 31,54;4;6,5;R$ 2,05
DXN10191;CANALETA PARA SUPERFICIE DEXSON 40 X 40 MM BRANCA;20;R$ 40,07;4;6,5;R$ 2,60
DXN10221;CANALETA PARA SUPERFICIE DEXSON 60 X 40 MM BRANCA;10;R$ 41,84;4;6,5;R$ 2,71
DXN10211;CANALETA PARA SUPERFICIE DEXSON 60 X 40 MM BRANCA;10;R$ 39,99;4;6,5;R$ 2,59
DXN10032;CANALETA RANHURADA DEXSON 25 X 25 MM CINZA 2M;24;R$ 15,41;4;6,5;R$ 1,00
DXN11113;COTOVELO 90GRAUSPARA PISO 60 X 13 MM CINZA DEXSON;1;R$ 4,90;4;3,25;R$ 0,15
DXN11021;COTOVELO EXTERNO DEXSON 10 X 10 MM BRANCO;1;R$ 1,01;4;3,25;R$ 0,03
DXN11011;COTOVELO EXTERNO DEXSON 100 X 45 MM BRANCO;1;R$ 15,07;4;3,25;R$ 0,48
DXN11041;COTOVELO EXTERNO DEXSON 20 X 12 MM BRANCO;1;R$ 1,02;4;3,25;R$ 0,03
DXN11051;COTOVELO EXTERNO DEXSON 20 X 20 MM BRANCO;1;R$ 1,94;4;3,25;R$ 0,06
DXN11171;COTOVELO EXTERNO DEXSON 22 X 10 MM BRANCO;1;R$ 1,08;4;3,25;R$ 0,03
DXN11061;COTOVELO EXTERNO DEXSON 25 X 25 MM BRANCO;1;R$ 2,65;4;3,25;R$ 0,08
DXN11071;COTOVELO EXTERNO DEXSON 32 X 12 MM BRANCO;1;R$ 1,99;4;3,25;R$ 0,06
DXN11081;COTOVELO EXTERNO DEXSON 40 X 25 MM BRANCO;1;R$ 4,99;4;3,25;R$ 0,16
DXN11091;COTOVELO EXTERNO DEXSON 40 X 40 MM BRANCO;1;R$ 5,47;4;3,25;R$ 0,17
DXN11101;COTOVELO EXTERNO DEXSON 60 X 40 MM BRANCO;1;R$ 8,80;4;3,25;R$ 0,28
DXN11031;COTOVELO EXTERNO DEXSON PVC BR 13X7MM;1;R$ 0,97;4;3,25;R$ 0,03
DXN11022;COTOVELO INTERNO DEXSON 10 X 10 MM BRANCO;1;R$ 1,01;4;3,25;R$ 0,03
DXN11012;COTOVELO INTERNO DEXSON 100 X 45 MM BRANCO;1;R$ 15,07;4;3,25;R$ 0,48
DXN11032;COTOVELO INTERNO DEXSON 13 X 7 MM BRANCO;1;R$ 0,97;4;3,25;R$ 0,03
DXN11042;COTOVELO INTERNO DEXSON 20 X 12 MM BRANCO;1;R$ 1,02;4;3,25;R$ 0,03
DXN11052;COTOVELO INTERNO DEXSON 20 X 20 MM BRANCO;1;R$ 1,94;4;3,25;R$ 0,06
DXN11182;COTOVELO INTERNO DEXSON 22 X 10 MM BRANCO;1;R$ 1,08;4;3,25;R$ 0,03
DXN11072;COTOVELO INTERNO DEXSON 32 X 12 MM BRANCO;1;R$ 1,99;4;3,25;R$ 0,06
DXN11202;COTOVELO INTERNO DEXSON 40 X 12 MM BRANCO SB;1;R$ 3,36;4;3,25;R$ 0,10
DXN11082;COTOVELO INTERNO DEXSON 40 X 25 MM BRANCO;1;R$ 4,99;4;3,25;R$ 0,16
DXN11092;COTOVELO INTERNO DEXSON 40 X 40 MM BRANCO;1;R$ 5,47;4;3,25;R$ 0,17
DXN11102;COTOVELO INTERNO DEXSON 60 X 40 MM BRANCO;1;R$ 8,80;4;3,25;R$ 0,28
DXN11062;COTOVELO INTERNO DEXSON PVC BR 25X25MM;1;R$ 2,65;4;3,25;R$ 0,08
DXN11203;COTOVELO PLANO 90 GRAUS DEXSON 22 X 10 MM BRANCO;1;R$ 1,08;4;3,25;R$ 0,03
DXN11023;COTOVELO PLANO 90GRAUSDEXSON 10 X 10 MM BRANCO;1;R$ 1,01;4;3,25;R$ 0,03
DXN11013;COTOVELO PLANO 90GRAUSDEXSON 100 X 45 MM BRANCO;1;R$ 15,07;4;3,25;R$ 0,48
DXN11033;COTOVELO PLANO 90GRAUSDEXSON 13 X 7 MM BRANCO;1;R$ 0,97;4;3,25;R$ 0,03
DXN11043;COTOVELO PLANO 90GRAUSDEXSON 20 X 12 MM BRANCO;1;R$ 1,02;4;3,25;R$ 0,03
DXN11053;COTOVELO PLANO 90GRAUSDEXSON 20 X 20 MM BRANCO;1;R$ 1,94;4;3,25;R$ 0,06
DXN11073;COTOVELO PLANO 90GRAUSDEXSON 32 X 12 MM BRANCO;1;R$ 1,99;4;3,25;R$ 0,06
DXN11093;COTOVELO PLANO 90GRAUSDEXSON 40 X 40 MM BRANCO;1;R$ 5,47;4;3,25;R$ 0,17
DXN11103;COTOVELO PLANO 90GRAUSDEXSON 60 X 40 MM BRANCO;1;R$ 8,80;4;3,25;R$ 0,28
DXN11063;COTOVELO PLANO 90o. DEXSON PVC BR 25X25MM;1;R$ 2,65;4;3,25;R$ 0,08
DXN11083;COTOVELO PLANO 90o. DEXSON PVC BR 40X25MM;1;R$ 4,99;4;3,25;R$ 0,16
DXN11261;Cotovelo Externo 22x10 Preto;1;R$ 1,08;4;3,25;R$ 0,03
DXN11262;Cotovelo Interno 22x10 Preto;1;R$ 1,08;4;3,25;R$ 0,03
DXN11263;Cotovelo Plano 22x10 Preto;1;R$ 1,08;4;3,25;R$ 0,03
DXN11024;DERIVACAO T DEXSON 10 X 10 MM BRANCA;1;R$ 1,01;4;3,25;R$ 0,03
DXN11014;DERIVACAO T DEXSON 100 X 45 MM BRANCA;1;R$ 15,07;4;3,25;R$ 0,48
DXN11034;DERIVACAO T DEXSON 13 X 7 MM BRANCA;1;R$ 0,96;4;3,25;R$ 0,03
DXN11044;DERIVACAO T DEXSON 20 X 12 MM BRANCA;1;R$ 1,02;4;3,25;R$ 0,03
DXN11064;DERIVACAO T DEXSON 25 X 25 MM BRANCA;1;R$ 2,65;4;3,25;R$ 0,08
DXN11074;DERIVACAO T DEXSON 32 X 12 MM BRANCA;1;R$ 1,99;4;3,25;R$ 0,06
DXN11084;DERIVACAO T DEXSON 40 X 25 MM BRANCA;1;R$ 4,99;4;3,25;R$ 0,16
DXN11094;DERIVACAO T DEXSON 40 X 40 MM BRANCA;1;R$ 5,47;4;3,25;R$ 0,17
DXN11104;DERIVACAO T DEXSON 60 X 40 MM BRANCA;1;R$ 8,80;4;3,25;R$ 0,28
DXN11054;DERIVACAO T DEXSON PVC BR 20X20MM;1;R$ 1,94;4;3,25;R$ 0,06
DXN11114;DERIVACAO T PARA PISO 60 X 13 MM CINZA DEXSON;1;R$ 4,90;4;3,25;R$ 0,15
DXN11018;DIVISORIA PARA CANALETA DE SUPERFICIE DEXSON 100 X;50;R$ 6,60;4;3,25;R$ 0,21
DXN11264;Derivacao em T 22x10 Preto;1;R$ 1,02;4;3,25;R$ 0,03
DXN3403B;ESPIRAL P/ CABOS BRANCO 12MM 1/2 - 10M;1;R$ 24,61;4;9,75;R$ 2,39
DXN3404B;ESPIRAL P/ CABOS BRANCO 15MM 5/8 - 10M;1;R$ 23,11;4;9,75;R$ 2,25
DXN3403N;ESPIRAL PARA CABOS PRETO 12MM 1/2 - 10M;1;R$ 17,97;4;9,75;R$ 1,75
DXN33012;FITA ADESIVA DUPLA FACE 1 - 30M;1;R$ 72,07;4;15;R$ 10,81
DXN33011;FITA ADESIVA DUPLA FACE 1 - 5M;1;R$ 12,01;4;15;R$ 1,80
DXN33022;FITA ADESIVA DUPLA FACE 1/2 - 30M;1;R$ 55,45;4;15;R$ 8,31
DXN33021;FITA ADESIVA DUPLA FACE 1/2 - 5M;1;R$ 9,25;4;15;R$ 1,38
DXN33032;FITA ADESIVA DUPLA FACE 3/4 - 30M;1;R$ 42,65;4;15;R$ 6,39
DXN33031;FITA ADESIVA DUPLA FACE 3/4 - 5M;1;R$ 7,10;4;15;R$ 1,06
DXN11026;LUVA PARA CANALETA DEXSON 10 X 10 MM BRANCA;1;R$ 1,01;4;3,25;R$ 0,03
DXN11016;LUVA PARA CANALETA DEXSON 100 X 45 MM BRANCA;5;R$ 15,07;4;3,25;R$ 0,48
DXN11046;LUVA PARA CANALETA DEXSON 20 X 12 MM BRANCA;1;R$ 1,02;4;3,25;R$ 0,03
DXN11056;LUVA PARA CANALETA DEXSON 20 X 20 MM BRANCA;1;R$ 1,94;4;3,25;R$ 0,06
DXN11216;LUVA PARA CANALETA DEXSON 22 X 10 MM BRANCA;1;R$ 1,08;4;3,25;R$ 0,03
DXN11066;LUVA PARA CANALETA DEXSON 25 X 25 MM BRANCA;1;R$ 2,65;4;3,25;R$ 0,08
DXN11076;LUVA PARA CANALETA DEXSON 32 X 12 MM BRANCA;1;R$ 1,99;4;3,25;R$ 0,06
DXN11206;LUVA PARA CANALETA DEXSON 40 X 12 MM BRANCA SB;1;R$ 3,36;4;3,25;R$ 0,10
DXN11086;LUVA PARA CANALETA DEXSON 40 X 25 MM BRANCA;1;R$ 2,91;4;3,25;R$ 0,09
DXN11096;LUVA PARA CANALETA DEXSON 40 X 40 MM BRANCA;1;R$ 5,47;4;3,25;R$ 0,17
DXN11106;LUVA PARA CANALETA DEXSON 60 X 40 MM BRANCA;1;R$ 8,48;4;3,25;R$ 0,27
PRODUTO;DESCRICAO;LOTE MINIMO;PRECO;%ICMS;%IPI;IPI
DXN11036;LUVA PARA CANALETA PARA CANALETA DEXSON 13 X 7 MM;1;R$ 0,97;4;3,25;R$ 0,03
DXN11116;LUVA PARA CANALETA PARA PISO 60 X 13 MM CINZA DEXS;1;R$ 4,90;4;3,25;R$ 0,15
DXN11266;Luva para Canaleta 22x10 Preto;1;R$ 1,08;4;3,25;R$ 0,03
DXN11117;PLAFON-PLAFONIER QUADRADO E27;1;R$ 4,28;4;6,5;R$ 0,27
DXN11025;TAMPA DE EXTREMIDADE DEXSON 10 X 10 MM BRANCA;1;R$ 1,01;4;3,25;R$ 0,03
DXN11015;TAMPA DE EXTREMIDADE DEXSON 100 X 45 MM BRANCA;5;R$ 15,07;4;3,25;R$ 0,48
DXN11035;TAMPA DE EXTREMIDADE DEXSON 13 X 7 MM BRANCA;1;R$ 0,96;4;3,25;R$ 0,03
DXN11045;TAMPA DE EXTREMIDADE DEXSON 20 X 12 MM BRANCA;1;R$ 1,02;4;3,25;R$ 0,03
DXN11055;TAMPA DE EXTREMIDADE DEXSON 20 X 20 MM BRANCA;1;R$ 1,94;4;3,25;R$ 0,06
DXN11065;TAMPA DE EXTREMIDADE DEXSON 25 X 25 MM BRANCA;1;R$ 2,65;4;3,25;R$ 0,08
DXN11075;TAMPA DE EXTREMIDADE DEXSON 32 X 12 MM BRANCA;1;R$ 1,99;4;3,25;R$ 0,06
DXN11085;TAMPA DE EXTREMIDADE DEXSON 40 X 25 MM BRANCA;1;R$ 2,91;4;3,25;R$ 0,09
DXN11095;TAMPA DE EXTREMIDADE DEXSON 40 X 40 MM BRANCA;1;R$ 5,47;4;3,25;R$ 0,17
DXN11105;TAMPA DE EXTREMIDADE DEXSON 60 X 40 MM BRANCA;1;R$ 8,48;4;3,25;R$ 0,27
DXN11265;Tampa 22x10 Preto;1;R$ 1,02;4;3,25;R$ 0,03
EZ9F33191;DISJUNTOR EASY9 1P 100A CURVA C 4.5KA 230/400V;1;R$ 38,61;4;6,5;R$ 2,50
EZ9F13110;DISJUNTOR EASY9 1P 10A CURVA B - 3000A;1;R$ 4,77;4;6,5;R$ 0,31
EZ9F33110;DISJUNTOR EASY9 1P 10A CURVA C - 3000A;1;R$ 4,92;4;6,5;R$ 0,31
EZ9F33192;DISJUNTOR EASY9 1P 125A CURVA C 4.5KA 230/400V;1;R$ 51,87;4;6,5;R$ 3,37
EZ9F13116;DISJUNTOR EASY9 1P 16A CURVA B - 3000A;1;R$ 4,77;4;6,5;R$ 0,31
EZ9F33116;DISJUNTOR EASY9 1P 16A CURVA C - 3000A;1;R$ 4,92;4;6,5;R$ 0,31
EZ9F13120;DISJUNTOR EASY9 1P 20A CURVA B - 3000A;1;R$ 4,77;4;6,5;R$ 0,31
EZ9F33120;DISJUNTOR EASY9 1P 20A CURVA C - 3000A;1;R$ 4,92;4;6,5;R$ 0,31
EZ9F13125;DISJUNTOR EASY9 1P 25A CURVA B - 3000A;1;R$ 4,77;4;6,5;R$ 0,31
EZ9F33125;DISJUNTOR EASY9 1P 25A CURVA C - 3000A;1;R$ 4,92;4;6,5;R$ 0,31
EZ9F33102;DISJUNTOR EASY9 1P 2A CURVA C - 3000A;1;R$ 28,12;4;6,5;R$ 1,82
EZ9F13132;DISJUNTOR EASY9 1P 32A CURVA B - 3000A;1;R$ 4,77;4;6,5;R$ 0,31
EZ9F33132;DISJUNTOR EASY9 1P 32A CURVA C - 3000A;1;R$ 4,92;4;6,5;R$ 0,31
EZ9F13140;DISJUNTOR EASY9 1P 40A CURVA B - 3000A;1;R$ 5,97;4;6,5;R$ 0,38
EZ9F33140;DISJUNTOR EASY9 1P 40A CURVA C - 3000A;1;R$ 6,02;4;6,5;R$ 0,38
EZ9F33104;DISJUNTOR EASY9 1P 4A CURVA C - 3000A;1;R$ 28,12;4;6,5;R$ 1,82
EZ9F13150;DISJUNTOR EASY9 1P 50A CURVA B - 3000A;1;R$ 6,56;4;6,5;R$ 0,42
EZ9F33150;DISJUNTOR EASY9 1P 50A CURVA C - 3000A;1;R$ 6,02;4;6,5;R$ 0,38
EZ9F13163;DISJUNTOR EASY9 1P 63A CURVA B - 3000A;1;R$ 9,85;4;6,5;R$ 0,64
EZ9F33163;DISJUNTOR EASY9 1P 63A CURVA C - 3000A;1;R$ 8,00;4;6,5;R$ 0,52
EZ9F13106;DISJUNTOR EASY9 1P 6A CURVA B - 3000A;1;R$ 12,33;4;6,5;R$ 0,80
EZ9F33106;DISJUNTOR EASY9 1P 6A CURVA C - 3000A;1;R$ 12,46;4;6,5;R$ 0,80
EZ9F33170;DISJUNTOR EASY9 1P 70A CURVA C 4.5KA 230/400V;1;R$ 15,87;4;6,5;R$ 1,03
EZ9F33180;DISJUNTOR EASY9 1P 80A CURVA C 4.5KA 230/400V;1;R$ 38,61;4;6,5;R$ 2,50
EZ9F33291;DISJUNTOR EASY9 2P 100A CURVA C 4.5KA 230/400V;1;R$ 70,32;4;6,5;R$ 4,57
EZ9F13210;DISJUNTOR EASY9 2P 10A CURVA B - 3000A;1;R$ 18,60;4;6,5;R$ 1,20
EZ9F33210;DISJUNTOR EASY9 2P 10A CURVA C - 3000A;1;R$ 19,17;4;6,5;R$ 1,23
EZ9F33292;DISJUNTOR EASY9 2P 125A CURVA C 4.5KA 230/400V;1;R$ 96,03;4;6,5;R$ 6,24
EZ9F13216;DISJUNTOR EASY9 2P 16A CURVA B - 3000A;1;R$ 18,60;4;6,5;R$ 1,20
EZ9F33216;DISJUNTOR EASY9 2P 16A CURVA C - 3000A;1;R$ 19,17;4;6,5;R$ 1,23
EZ9F13220;DISJUNTOR EASY9 2P 20A CURVA B - 3000A;1;R$ 18,60;4;6,5;R$ 1,20
EZ9F33220;DISJUNTOR EASY9 2P 20A CURVA C - 3000A;1;R$ 19,17;4;6,5;R$ 1,23
EZ9F13225;DISJUNTOR EASY9 2P 25A CURVA B - 3000A;1;R$ 18,60;4;6,5;R$ 1,20
EZ9F33225;DISJUNTOR EASY9 2P 25A CURVA C - 3000A;1;R$ 19,17;4;6,5;R$ 1,23
EZ9F33202;DISJUNTOR EASY9 2P 2A CURVA C - 3000A;1;R$ 74,44;4;6,5;R$ 4,83
EZ9F13232;DISJUNTOR EASY9 2P 32A CURVA B - 3000A;1;R$ 18,60;4;6,5;R$ 1,20
EZ9F33232;DISJUNTOR EASY9 2P 32A CURVA C - 3000A;1;R$ 19,17;4;6,5;R$ 1,23
EZ9F13240;DISJUNTOR EASY9 2P 40A CURVA B - 3000A;1;R$ 21,20;4;6,5;R$ 1,37
EZ9F33240;DISJUNTOR EASY9 2P 40A CURVA C - 3000A;1;R$ 21,41;4;6,5;R$ 1,38
EZ9F33204;DISJUNTOR EASY9 2P 4A CURVA C - 3000A;1;R$ 74,44;4;6,5;R$ 4,83
EZ9F13250;DISJUNTOR EASY9 2P 50A CURVA B - 3000A;1;R$ 22,26;4;6,5;R$ 1,44
EZ9F33250;DISJUNTOR EASY9 2P 50A CURVA C - 3000A;1;R$ 21,41;4;6,5;R$ 1,38
EZ9F13263;DISJUNTOR EASY9 2P 63A CURVA B - 3000A;1;R$ 33,40;4;6,5;R$ 2,17
EZ9F33263;DISJUNTOR EASY9 2P 63A CURVA C - 3000A;1;R$ 30,09;4;6,5;R$ 1,94
EZ9F33206;DISJUNTOR EASY9 2P 6A CURVA C - 3000A;1;R$ 47,20;4;6,5;R$ 3,06
EZ9F33270;DISJUNTOR EASY9 2P 70A CURVA C 4.5KA 230/400V;1;R$ 40,47;4;6,5;R$ 2,62
EZ9F33280;DISJUNTOR EASY9 2P 80A CURVA C 4.5KA 230/400V;1;R$ 70,32;4;6,5;R$ 4,57
EZ9F33391;DISJUNTOR EASY9 3P 100A CURVA C 4.5KA 230/400V;1;R$ 93,03;4;6,5;R$ 6,04
EZ9F13310;DISJUNTOR EASY9 3P 10A CURVA B - 3000A;1;R$ 25,74;4;6,5;R$ 1,67
EZ9F33310;DISJUNTOR EASY9 3P 10A CURVA C - 3000A;1;R$ 26,53;4;6,5;R$ 1,72
EZ9F33392;DISJUNTOR EASY9 3P 125A CURVA C 4.5KA 230/400V;1;R$ 162,77;4;6,5;R$ 10,57
EZ9F33316;DISJUNTOR EASY9 3P 16A CURVA C - 3000A;1;R$ 26,53;4;6,5;R$ 1,72
EZ9F33320;DISJUNTOR EASY9 3P 20A CURVA C - 3000A;1;R$ 26,53;4;6,5;R$ 1,72
EZ9F33325;DISJUNTOR EASY9 3P 25A CURVA C - 3000A;1;R$ 26,53;4;6,5;R$ 1,72
EZ9F33302;DISJUNTOR EASY9 3P 2A CURVA C - 3000A;1;R$ 79,99;4;6,5;R$ 5,19
EZ9F13332;DISJUNTOR EASY9 3P 32A CURVA B - 3000A;1;R$ 25,74;4;6,5;R$ 1,67
EZ9F33332;DISJUNTOR EASY9 3P 32A CURVA C - 3000A;1;R$ 26,53;4;6,5;R$ 1,72
EZ9F33340;DISJUNTOR EASY9 3P 40A CURVA C - 3000A;1;R$ 28,41;4;6,5;R$ 1,84
EZ9F33304;DISJUNTOR EASY9 3P 4A CURVA C - 3000A;1;R$ 79,99;4;6,5;R$ 5,19
EZ9F13350;DISJUNTOR EASY9 3P 50A CURVA B - 3000A;1;R$ 28,33;4;6,5;R$ 1,84
EZ9F33350;DISJUNTOR EASY9 3P 50A CURVA C 3000A;1;R$ 28,41;4;6,5;R$ 1,84
EZ9F13363;DISJUNTOR EASY9 3P 63A CURVA B - 3000A;1;R$ 42,46;4;6,5;R$ 2,75
EZ9F33363;DISJUNTOR EASY9 3P 63A CURVA C - 3000A;1;R$ 36,06;4;6,5;R$ 2,34
EZ9F13306;DISJUNTOR EASY9 3P 6A CURVA B - 3000A;1;R$ 59,28;4;6,5;R$ 3,85
EZ9F33306;DISJUNTOR EASY9 3P 6A CURVA C - 3000A;1;R$ 59,88;4;6,5;R$ 3,89
EZ9F33370;DISJUNTOR EASY9 3P 70A CURVA C 4.5KA 230/400V;1;R$ 62,18;4;6,5;R$ 4,03
EZ9F33380;DISJUNTOR EASY9 3P 80A CURVA C 4.5KA 230/400V;1;R$ 93,03;4;6,5;R$ 6,04
EZ9E33B11N;BARRAMENTO 11 TERMINAIS NEUTRO EASY9;1;R$ 15,53;7;9,75;R$ 1,51
EZ9E33B11E;BARRAMENTO 11 TERMINAIS TERRA EASY9;1;R$ 15,53;7;9,75;R$ 1,51
EZ9E33B06N;BARRAMENTO 6 TERMINAIS NEUTRO EASY9;1;R$ 11,80;7;9,75;R$ 1,15
EZ9E33B06E;BARRAMENTO 6 TERMINAIS TERRA EASY9;1;R$ 11,80;7;9,75;R$ 1,15
EZ9E33B08N;BARRAMENTO 8 TERMINAIS NEUTRO EASY9;1;R$ 13,86;7;9,75;R$ 1,35
EZ9E33B08E;BARRAMENTO 8 TERMINAIS TERRA EASY9;1;R$ 13,86;7;9,75;R$ 1,35
EZ9X33112;BARRAMENTO FASE 1P 80A 12 POLOS EASY9;1;R$ 13,09;7;0;R$ 0,00
PRODUTO;DESCRICAO;LOTE MINIMO;PRECO;%ICMS;%IPI;IPI
EZ9X33157;BARRAMENTO FASE 1P 80A 57 POLOS EASY9;1;R$ 44,20;7;0;R$ 0,00
EZ9X33212;BARRAMENTO FASE 2P 80A 12 POLOS EASY9;1;R$ 23,75;7;0;R$ 0,00
EZ9X33257;BARRAMENTO FASE 2P 80A 57 POLOS EASY9;1;R$ 104,29;7;0;R$ 0,00
EZ9X33312;BARRAMENTO FASE 3P 80A 12 POLOS EASY9;1;R$ 32,88;7;0;R$ 0,00
EZ9X33357;BARRAMENTO FASE 3P 80A 57 POLOS EASY9;1;R$ 132,53;7;0;R$ 0,00
EZ9E33B12U;BARRAMENTO N/T 12 TERMINAIS EASY9;1;R$ 17,21;7;9,75;R$ 1,67
EZ9E33B08U;BARRAMENTO N/T 8 TERMINAIS EASY9;1;R$ 15,61;7;9,75;R$ 1,52
EZ9E33B08;BARRAMENTO N/T 8 TERMINAIS EASY9;1;R$ 16,41;7;9,75;R$ 1,59
EZ9X33M50;CONECTOR GENERICO CABOS ATE 50MM2 EASY9;1;R$ 12,89;7;9,75;R$ 1,25
KITENERGIASCH;KIT PROGRAMA DE ACESSO ENERGIA SCHNEIDER;1;R$ 364,96;7;6,5;R$ 23,72
EZ9E33105;OBTURADOR 5 MODULOS EASY9 BRANCO;1;R$ 2,12;7;9,75;R$ 0,20
EZ9E3312P;PORTA QUADRO DE DISTRIBUICAO 12 MODULOS;1;R$ 8,52;7;9,75;R$ 0,83
EZ9E3412P;PORTA QUADRO DE DISTRIBUICAO 12 MODULOS TRANSP;1;R$ 15,12;7;9,75;R$ 1,47
EZ9E3316P;PORTA QUADRO DE DISTRIBUICAO 16 MODULOS;1;R$ 18,38;7;9,75;R$ 1,79
EZ9E3416P;PORTA QUADRO DE DISTRIBUICAO 16 MODULOS TRANSP;1;R$ 19,30;7;9,75;R$ 1,88
EZ9E3324P;PORTA QUADRO DE DISTRIBUICAO 24 MODULOS;1;R$ 16,43;7;9,75;R$ 1,60
EZ9E3424P;PORTA QUADRO DE DISTRIBUICAO 24 MODULOS TRANSP;1;R$ 28,86;7;9,75;R$ 2,81
EZ9X33905;PROTETOR DE BARRAMENTO 5 POLOS EASY9;1;R$ 3,04;7;9,75;R$ 0,29
SPL004005;BLOCO DE CONTATO 2NA 2 VELOC ESCALONADO Max Botton;1;R$ 85,22;4;9,75;R$ 8,30
SPL004004;BLOCO DE CONTATO NA 1VEL B;1;R$ 86,75;4;9,75;R$ 8,45
SLPL42;BLOCO DE CONTATO NA Max Botton;15;R$ 4,59;4;9,75;R$ 0,44
SLPL42FP;BLOCO DE CONTATO NA Max Botton FLOW PACK;50;R$ 5,09;7;9,75;R$ 0,49
SLPL41;BLOCO DE CONTATO NF Max Botton;15;R$ 4,72;4;9,75;R$ 0,46
SLPL41FP;BLOCO DE CONTATO NF Max Botton FLOW PACK;50;R$ 5,06;7;9,75;R$ 0,49
SPL41FP;BLOCO DE CONTATO NF Max Botton FLOW PACK;1;R$ 2,39;4;9,75;R$ 0,23
SPL004001;BLOCO DE CONTATO NF VM Max Botton;1;R$ 20,58;4;9,75;R$ 2,00
SLPLR2;BLOCO DE CONTATO SINAL 220V Max Botton;10;R$ 29,61;4;9,75;R$ 2,88
SLPL47;BLOCO DE CONTATO SINAL DIRETO Max Botton;10;R$ 7,67;4;9,75;R$ 0,74
SPL004007;BLOCO SINAL ALIM DIR MAX 380V 2.5W Max Botton;1;R$ 6,09;4;9,75;R$ 0,59
SPPRN2;BOT COMAN IMPUL MAX BOTTON VD 22.5mm;1;R$ 4,19;4;9,75;R$ 0,40
PPRN2I;BOT COMAN IMPUL MAX BOTTON VD GRAV I 22.5;1;R$ 3,16;4;9,75;R$ 0,30
SQ1M4N;BOT DE RETENCAO MAX BOTTON - TP COGUMELO;1;R$ 135,74;7;9,75;R$ 13,23
SPDN2PL;BOT DUPLO MAX BOTTON 1NA+1NF;1;R$ 25,44;4;9,75;R$ 2,48
SPRN2NA;BOT IMPUL MAX BOTTON VD + 1 NA FLOW PACK;1;R$ 3,13;4;9,75;R$ 0,30
SLCG8D0C;BOT MAX BOTTON COM C/CH PT 0-1 P0;10;R$ 13,96;4;9,75;R$ 1,36
SLCM8D0C;BOT MAX BOTTON COM C/CH PT 0-1 P0 METALICO;10;R$ 15,59;4;9,75;R$ 1,52
SLCG8D2C;BOT MAX BOTTON COM C/CH PT 0-1 RET DIR P0;10;R$ 15,77;4;9,75;R$ 1,53
SLCM8D2C;BOT MAX BOTTON COM C/CH PT 0-1 RET DIR P0 METAL;10;R$ 21,78;4;9,75;R$ 2,12
SLCG8T0C;BOT MAX BOTTON COM C/CH PT 1-0-2 P0;10;R$ 21,75;4;9,75;R$ 2,12
SLCM8T0C;BOT MAX BOTTON COM C/CH PT 1-0-2 P0 METALICO;10;R$ 32,51;4;9,75;R$ 3,16
SLCG8T3C;BOT MAX BOTTON COM C/CH PT 1-0-2 RET CEN P0;10;R$ 29,51;4;9,75;R$ 2,87
SLCM8T3C;BOT MAX BOTTON COM C/CH PT 1-0-2 RET CEN P0 METAL;10;R$ 30,12;4;9,75;R$ 2,93
SLMB8D0;BOT MAX BOTTON COM MAN CUR PT 0-1;10;R$ 5,05;4;9,75;R$ 0,49
SLMB8D0NA;BOT MAX BOTTON COM MAN CUR PT 0-1 1NA FP;25;R$ 9,83;4;9,75;R$ 0,95
SLMM8D0;BOT MAX BOTTON COM MAN CUR PT 0-1 METALICO;10;R$ 15,88;4;9,75;R$ 1,54
SLMM8D0NA;BOT MAX BOTTON COM MAN CUR PT 0-1 METALICO 1NA FP;25;R$ 6,21;4;9,75;R$ 0,60
SLMB8D2;BOT MAX BOTTON COM MAN CUR PT 0-1 RET DIR;10;R$ 4,69;4;9,75;R$ 0,45
SLMM8D2;BOT MAX BOTTON COM MAN CUR PT 0-1 RET DIR METAL;10;R$ 13,18;4;9,75;R$ 1,28
SLMB8T0;BOT MAX BOTTON COM MAN CUR PT 1-0-2;10;R$ 4,93;4;9,75;R$ 0,48
SLMB8T0NA;BOT MAX BOTTON COM MAN CUR PT 1-0-2 2NA FP;25;R$ 14,22;4;9,75;R$ 1,38
SLMM8T0NA;BOT MAX BOTTON COM MAN CUR PT 1-0-2 METALIC 2NA FP;25;R$ 9,64;4;9,75;R$ 0,93
SLMM8T0;BOT MAX BOTTON COM MAN CUR PT 1-0-2 METALICO;10;R$ 14,66;4;9,75;R$ 1,42
SLMB8T3NA;BOT MAX BOTTON COM MAN CUR PT 1-0-2 RET 2NA FP;25;R$ 5,33;4;9,75;R$ 0,51
SLMB8T3;BOT MAX BOTTON COM MAN CUR PT 1-0-2 RET CEN;10;R$ 5,85;4;9,75;R$ 0,57
SLMM8T3;BOT MAX BOTTON COM MAN CUR PT 1-0-2 RET CEN METAL;10;R$ 14,11;4;9,75;R$ 1,37
SLLB8D0;BOT MAX BOTTON COM MAN LON PT 0-1;10;R$ 4,77;4;9,75;R$ 0,46
SLLM8D0;BOT MAX BOTTON COM MAN LON PT 0-1 METALICO;10;R$ 11,59;4;9,75;R$ 1,13
SLLB8D2;BOT MAX BOTTON COM MAN LON PT 0-1 RET DIR;10;R$ 2,54;4;9,75;R$ 0,24
SLLB8D2NA;BOT MAX BOTTON COM MAN LON PT 0-1 RET DIR 1NA FP;25;R$ 12,53;4;9,75;R$ 1,22
SLLM8D2;BOT MAX BOTTON COM MAN LON PT 0-1 RET DIR METAL;10;R$ 5,59;4;9,75;R$ 0,54
SLLB8T0;BOT MAX BOTTON COM MAN LON PT 1-0-2;10;R$ 5,03;4;9,75;R$ 0,49
SLLM8T0;BOT MAX BOTTON COM MAN LON PT 1-0-2 METALICO;10;R$ 9,77;4;9,75;R$ 0,95
SLLB8T3;BOT MAX BOTTON COM MAN LON PT 1-0-2 RET CEN;10;R$ 5,15;4;9,75;R$ 0,50
SLLM8T3;BOT MAX BOTTON COM MAN LON PT 1-0-2 RET CEN METAL;10;R$ 9,24;4;9,75;R$ 0,90
SLPDN;BOT MAX BOTTON DUPLO;10;R$ 10,23;4;9,75;R$ 0,99
SLPDNNANF;BOT MAX BOTTON DUPLO 1NA/NF FP;25;R$ 19,25;4;3,25;R$ 0,62
SLPDNR;BOT MAX BOTTON DUPLO FACEADO;10;R$ 15,60;4;9,75;R$ 1,52
SLPDNRNANF;BOT MAX BOTTON DUPLO FACEADO 1NA/1NF FP;25;R$ 19,73;4;9,75;R$ 1,92
SLMDNR;BOT MAX BOTTON DUPLO FACEADO METALICO;10;R$ 20,23;4;9,75;R$ 1,97
SLPDL;BOT MAX BOTTON DUPLO LUMIN;8;R$ 11,10;4;9,75;R$ 1,08
SLPDL2;BOT MAX BOTTON DUPLO LUMIN 1NA+1NF 1PL47 C/ LAMP;1;R$ 52,51;7;9,75;R$ 5,11
SLPDLNANF;BOT MAX BOTTON DUPLO LUMIN 1NA/NF FP;25;R$ 27,31;4;9,75;R$ 2,66
SLPDLFP;BOT MAX BOTTON DUPLO LUMIN FLOW PACK;1;R$ 5,91;4;9,75;R$ 0,57
SLMDL;BOT MAX BOTTON DUPLO LUMIN METALICO;8;R$ 18,26;4;9,75;R$ 1,78
SLMDN;BOT MAX BOTTON DUPLO METALICO;10;R$ 19,78;4;9,75;R$ 1,92
SLPRN3NA;BOT MAX BOTTON IMPUL AM 1NA FP;25;R$ 10,60;4;9,75;R$ 1,03
SLPRN4NA;BOT MAX BOTTON IMPUL AZ 1NA FP;25;R$ 11,11;7;9,75;R$ 1,08
SLPRL3;BOT MAX BOTTON IMPUL LUMIN AM;10;R$ 5,28;4;9,75;R$ 0,51
SLMRL3;BOT MAX BOTTON IMPUL LUMIN AM METALICO;10;R$ 10,75;4;9,75;R$ 1,04
SLPRL4;BOT MAX BOTTON IMPUL LUMIN AZ;10;R$ 5,74;4;9,75;R$ 0,55
SLMRL4;BOT MAX BOTTON IMPUL LUMIN AZ METALICO;10;R$ 6,44;4;9,75;R$ 0,62
SLPRL5;BOT MAX BOTTON IMPUL LUMIN BR;10;R$ 5,96;4;9,75;R$ 0,58
SLPRL5NA;BOT MAX BOTTON IMPUL LUMIN BR 1NA FP;25;R$ 7,21;4;9,75;R$ 0,70
SLMRL5;BOT MAX BOTTON IMPUL LUMIN BR METALICO;10;R$ 5,52;4;9,75;R$ 0,53
SLPRL2;BOT MAX BOTTON IMPUL LUMIN VD;10;R$ 5,01;4;9,75;R$ 0,48
SLMRL2;BOT MAX BOTTON IMPUL LUMIN VD METALICO;10;R$ 8,59;4;9,75;R$ 0,83
SLPRL1;BOT MAX BOTTON IMPUL LUMIN VM;10;R$ 4,96;4;9,75;R$ 0,48
SLPRL1NA;BOT MAX BOTTON IMPUL LUMIN VM 1NA FP;25;R$ 8,08;4;9,75;R$ 0,78
SLMRL1;BOT MAX BOTTON IMPUL LUMIN VM METALICO;10;R$ 9,72;4;9,75;R$ 0,94
PRODUTO;DESCRICAO;LOTE MINIMO;PRECO;%ICMS;%IPI;IPI
SLPRN3;BOT MAX BOTTON IMPUL NORMAL AM;10;R$ 5,23;4;9,75;R$ 0,50
SLPRN3FP;BOT MAX BOTTON IMPUL NORMAL AM FLOW PACK;1;R$ 5,74;7;9,75;R$ 0,55
SLMRN3;BOT MAX BOTTON IMPUL NORMAL AM METALICO;10;R$ 8,20;4;9,75;R$ 0,79
SLPRN4;BOT MAX BOTTON IMPUL NORMAL AZ;10;R$ 5,70;4;9,75;R$ 0,55
SLMRN4;BOT MAX BOTTON IMPUL NORMAL AZ METALICO;10;R$ 8,08;4;9,75;R$ 0,78
SLPRN5;BOT MAX BOTTON IMPUL NORMAL BR;10;R$ 6,42;4;9,75;R$ 0,62
SLMRN5;BOT MAX BOTTON IMPUL NORMAL BR METALICO;10;R$ 6,58;4;9,75;R$ 0,64
SLPRN5F;BOT MAX BOTTON IMPUL NORMAL BR SETA;10;R$ 5,34;4;9,75;R$ 0,52
SLPRN5FNA;BOT MAX BOTTON IMPUL NORMAL BR SETA 1NA FP;25;R$ 4,17;4;9,75;R$ 0,40
SLPRN8;BOT MAX BOTTON IMPUL NORMAL PT;10;R$ 5,50;4;9,75;R$ 0,53
SLMRN8;BOT MAX BOTTON IMPUL NORMAL PT METALICO;10;R$ 6,58;4;9,75;R$ 0,64
SLPRN8F;BOT MAX BOTTON IMPUL NORMAL PT SETA;10;R$ 5,03;4;9,75;R$ 0,49
SLPRN8FNA;BOT MAX BOTTON IMPUL NORMAL PT SETA 1NA FP;25;R$ 4,12;4;9,75;R$ 0,40
SLPRN2;BOT MAX BOTTON IMPUL NORMAL VD;10;R$ 5,50;4;9,75;R$ 0,53
SLPRN2I;BOT MAX BOTTON IMPUL NORMAL VD I;10;R$ 7,04;4;9,75;R$ 0,68
SLMRN2;BOT MAX BOTTON IMPUL NORMAL VD METALICO;10;R$ 7,24;4;9,75;R$ 0,70
SLMRN2NA;BOT MAX BOTTON IMPUL NORMAL VD METALICO 1NA FP;25;R$ 4,12;4;9,75;R$ 0,40
SLPRN1;BOT MAX BOTTON IMPUL NORMAL VM;10;R$ 5,91;4;9,75;R$ 0,57
SLMRN1;BOT MAX BOTTON IMPUL NORMAL VM METALICO;10;R$ 8,13;4;9,75;R$ 0,79
SLPRN1O;BOT MAX BOTTON IMPUL NORMAL VM O;10;R$ 5,37;4;9,75;R$ 0,52
SLPRN8NA;BOT MAX BOTTON IMPUL PT 1NA FP;25;R$ 9,85;4;9,75;R$ 0,96
SLPFN2M4NA;BOT MAX BOTTON IMPUL SOCO VD 1NA FP;25;R$ 5,49;4;9,75;R$ 0,53
SLPFN2M4;BOT MAX BOTTON IMPUL SOCO VD 40MM;10;R$ 8,08;4;9,75;R$ 0,78
SLMFN2M4;BOT MAX BOTTON IMPUL SOCO VD 40MM METALICO;10;R$ 13,03;4;9,75;R$ 1,27
SLPFN2M6;BOT MAX BOTTON IMPUL SOCO VD 60MM;5;R$ 4,50;4;9,75;R$ 0,43
SLMFN2M6;BOT MAX BOTTON IMPUL SOCO VD 60MM METALICO;5;R$ 4,30;4;9,75;R$ 0,41
SLPFN1M4NF;BOT MAX BOTTON IMPUL SOCO VM 1NF FP;25;R$ 16,60;7;9,75;R$ 1,61
SLMFN1M4;BOT MAX BOTTON IMPUL SOCO VM 40MM METALICO;10;R$ 13,27;4;9,75;R$ 1,29
SLMFN1M4NF;BOT MAX BOTTON IMPUL SOCO VM 40MM METALICO 1NF FP;25;R$ 4,63;4;9,75;R$ 0,45
SLPFN1M4;BOT MAX BOTTON IMPUL SOCO VM 40MM Max Botton;10;R$ 8,34;4;9,75;R$ 0,81
SLPFN1M6;BOT MAX BOTTON IMPUL SOCO VM 60MM;5;R$ 10,75;4;9,75;R$ 1,04
SLMFN1M6;BOT MAX BOTTON IMPUL SOCO VM 60MM METALICO;5;R$ 13,64;4;9,75;R$ 1,32
SLPRN2NA;BOT MAX BOTTON IMPUL VD 1NA FP;25;R$ 10,39;4;9,75;R$ 1,01
SLPRN1NF;BOT MAX BOTTON IMPUL VM 1NF FP;25;R$ 10,91;7;9,75;R$ 1,06
Q0200005;BOT MAX BOTTON Q02K PRN1/O PRN2/I PL41/42;1;R$ 124,48;7;9,75;R$ 12,13
SQ0300001;BOT MAX BOTTON Q03K 1xPRN1/PRN2 1xS-CG8D0C;1;R$ 37,59;4;9,75;R$ 3,66
SLPFN2R4NA;BOT MAX BOTTON RET GIR-DEST VD 1NA FP;25;R$ 13,36;7;9,75;R$ 1,30
SLPFN2R3;BOT MAX BOTTON RET GIR-DEST VD 30MM;10;R$ 7,97;4;9,75;R$ 0,77
SLMFN2R3;BOT MAX BOTTON RET GIR-DEST VD 30MM METALICO;10;R$ 13,96;4;3,25;R$ 0,45
SLPFN2R4;BOT MAX BOTTON RET GIR-DEST VD 40MM;10;R$ 8,40;4;9,75;R$ 0,81
SLMFN2R4;BOT MAX BOTTON RET GIR-DEST VD 40MM METALICO;10;R$ 16,52;4;9,75;R$ 1,61
SLMFN2R6;BOT MAX BOTTON RET GIR-DEST VD 60MM METALICO;5;R$ 8,90;4;9,75;R$ 0,86
SLPFN1R4NF;BOT MAX BOTTON RET GIR-DEST VM 1NF FP;25;R$ 13,09;4;9,75;R$ 1,27
SLPFN1R3;BOT MAX BOTTON RET GIR-DEST VM 30MM;10;R$ 13,64;4;9,75;R$ 1,32
SLPFN1R3NF;BOT MAX BOTTON RET GIR-DEST VM 30MM 1NF FP;25;R$ 25,05;4;9,75;R$ 2,44
SLMFN1R3;BOT MAX BOTTON RET GIR-DEST VM 30MM METALICO;10;R$ 17,16;4;9,75;R$ 1,67
SLPFN1R4;BOT MAX BOTTON RET GIR-DEST VM 40MM;10;R$ 8,77;4;9,75;R$ 0,85
SLMFN1R4;BOT MAX BOTTON RET GIR-DEST VM 40MM METALICO;10;R$ 12,55;4;9,75;R$ 1,22
SLPFN1R6;BOT MAX BOTTON RET GIR-DEST VM 60MM;5;R$ 9,89;4;9,75;R$ 0,96
SLMFN1R6;BOT MAX BOTTON RET GIR-DEST VM 60MM METALICO;5;R$ 9,57;4;9,75;R$ 0,93
SQ2000001;BOT MAX BOTTON S-Q2K PRN1/O PRN2/I PL41/42;1;R$ 104,90;7;9,75;R$ 10,22
SQ3000001;BOT MAX BOTTON S-Q3K PFN1R4 PRN5/F PRN8/F NA+NF;1;R$ 302,84;7;9,75;R$ 29,52
PLB12026;BOT PLB12K 10 OPERAÇÕES + AL + EMERG;1;R$ 1.031,48;7;9,75;R$ 100,56
SPFN1R4NF;BOT RET MAX BOTTON GIR-DEST VM + 1NF FLOW PACK;1;R$ 12,33;4;9,75;R$ 1,20
SPFN1R4FP;BOT RET MAX BOTTON GIR-DEST VM 40mm FLOW PACK;1;R$ 13,61;7;9,75;R$ 1,32
P02K;BOTOEIRA FURO P/ 2X22.5MM;1;R$ 32,62;4;9,75;R$ 3,18
PLB12K;BOTOEIRA MAX BOTTON 10xOPERACOES+ALARME+EMER;1;R$ 530,28;4;9,75;R$ 51,70
PL12K;BOTOEIRA MAX BOTTON 10xOPERACOES+ALARME+EMER;1;R$ 69,14;4;9,75;R$ 6,74
PLB06;BOTOEIRA MAX BOTTON 4xOPER+COM/ALARME+EMERG;1;R$ 740,53;7;3,25;R$ 24,06
PL05D2;BOTOEIRA MAX BOTTON 4xOPERAC+EMERG+2MOV-VELO;1;R$ 656,98;7;3,25;R$ 21,35
PL05;BOTOEIRA MAX BOTTON 4xOPERACOES + EMERG;1;R$ 738,22;7;3,25;R$ 23,99
PLB06K;BOTOEIRA MAX BOTTON 4xOPRECOES+EMERG+ALARME;1;R$ 329,62;4;9,75;R$ 32,13
PLB08D2;BOTOEIRA MAX BOTTON 6xOP+COM/ALAR+EMERG 2MOV;1;R$ 1.108,70;7;3,25;R$ 36,03
PLB08D6;BOTOEIRA MAX BOTTON 6xOP+COM/ALAR+EMERG 6MOV;1;R$ 1.128,90;4;3,25;R$ 36,68
PL08;BOTOEIRA MAX BOTTON 6xOPER+COM-ALAR+EMERG;1;R$ 1.248,96;7;3,25;R$ 40,59
PL07D2;BOTOEIRA MAX BOTTON 6xOPER+EMERG 2-MOV 2-VEL;1;R$ 1.083,32;7;3,25;R$ 35,20
SPL08K;BOTOEIRA MAX BOTTON 6xOPERACOES+ALARME+EMERG;1;R$ 432,00;4;9,75;R$ 42,12
PLB08K;BOTOEIRA MAX BOTTON 6xOPERACOES+ALARME+EMERG;1;R$ 449,03;4;9,75;R$ 43,78
PL10K;BOTOEIRA MAX BOTTON 8xOPERACOES+ALARME+EMERG;1;R$ 560,20;4;9,75;R$ 54,61
PLB10K;BOTOEIRA MAX BOTTON 8xOPERACOES+ALARME+EMERG;1;R$ 583,31;4;9,75;R$ 56,87
P031;BOTOEIRA MAX BOTTON EMERG SOB-DESCE 1NA;1;R$ 534,90;7;3,25;R$ 17,38
P03K;BOTOEIRA MAX BOTTON FURO 3X22.5MM;1;R$ 291,97;4;9,75;R$ 28,46
SPL05KS;BOTOEIRA MAX BOTTON FURO C/ 5X 22.5MM (STECK);1;R$ 365,89;4;9,75;R$ 35,67
PLB04K;BOTOEIRA MAX BOTTON FURO P/ 4x22.5mm;1;R$ 278,07;4;9,75;R$ 27,11
SPL00501I;CABECOTE IMPUL COMUN VD 22.5MM;1;R$ 5,20;4;9,75;R$ 0,50
SPL00521I;CABECOTE IMPUL DESCE PT 22.5mm;1;R$ 4,30;4;9,75;R$ 0,41
PL005020;CABECOTE IMPUL DESCE PT 22.5mm;1;R$ 23,92;4;3,25;R$ 0,77
SPL005010;CABECOTE IMPUL DIR BR 22.5mm;1;R$ 21,37;4;9,75;R$ 2,08
SPL005025;CABECOTE IMPUL ESQ PT 22.5mm;1;R$ 20,31;7;9,75;R$ 1,98
SPL005024;CABECOTE IMPUL ESQUERDA PT 22.5mm;1;R$ 20,31;7;9,75;R$ 1,98
SPL00531I;CABECOTE IMPUL LEFT ROTAT 22.5MM;1;R$ 4,30;4;9,75;R$ 0,41
SPL005005;CABECOTE IMPUL SOBE BR 22.5MM;1;R$ 22,50;4;9,75;R$ 2,19
SPL00504I;CABECOTE IMPUL SOBE BR 22.5mm;1;R$ 4,30;4;9,75;R$ 0,41
SPL00506I;CABECOTE IMPUL SOBE BR 22.5mm;1;R$ 4,30;4;9,75;R$ 0,41
SPL00537I;CABECOTE IMPUL VERM 22.5mm;1;R$ 4,30;4;9,75;R$ 0,41
SPL00503I;CABECOTE IMPULSAO ALARME AM 22.5MM MAX BOTTON;1;R$ 5,12;4;9,75;R$ 0,49
SPL005003;CABECOTE IMPULSAO ALARME AM 22.5mm Max Botton;1;R$ 23,91;7;9,75;R$ 2,33
SPL005014;CABECOTE IMPULSAO AVANCA BR 22.5mm Max Botton;1;R$ 4,05;4;9,75;R$ 0,39
SPL005002;CABECOTE IMPULSAO C/ ALARME VERDE 22.5MM;1;R$ 26,29;7;9,75;R$ 2,56
PRODUTO;DESCRICAO;LOTE MINIMO;PRECO;%ICMS;%IPI;IPI
SPL005001;CABECOTE IMPULSAO COMUM VD 22.5mm Max Botton;1;R$ 3,76;4;9,75;R$ 0,36
PL005019;CABECOTE IMPULSAO DESCE PT 22.5MM MAX BOTTON;1;R$ 26,82;4;3,25;R$ 0,87
SPL005021;CABECOTE IMPULSAO DESCE PT 22.5mm Max Botton;1;R$ 5,27;4;9,75;R$ 0,51
PL005008;CABECOTE IMPULSAO DIR BR 22.5MM MAX BOTTON;1;R$ 24,14;7;3,25;R$ 0,78
SPL005036;CABECOTE IMPULSAO PRETO 22.5mm Max Botton;1;R$ 5,62;7;9,75;R$ 0,54
PL005027;CABECOTE IMPULSAO RECUAR PT 22.5mm Max Botton;1;R$ 28,51;7;3,25;R$ 0,92
SPL005004;CABECOTE IMPULSAO SOBE BR 22.5mm Max Botton;1;R$ 25,24;4;9,75;R$ 2,46
SPL005006;CABECOTE IMPULSAO SOBE BR 22.5mm Max Botton;1;R$ 5,21;4;9,75;R$ 0,50
PL005038;CABECOTE IMPULSAO VERDE 22.5mm Max Botton;1;R$ 25,42;7;3,25;R$ 0,82
SPL013001;CABECOTE SOCO GIR-DEST D30 VM C/ JANELA Max Botton;1;R$ 75,44;7;9,75;R$ 7,35
SDCP1;CAIXA BOTOEIRA BOX BOTTON 09 ATE 18A;1;R$ 25,17;4;9,75;R$ 2,45
SDCP2;CAIXA BOTOEIRA BOX BOTTON 25 ATE 32A;1;R$ 45,99;4;3,25;R$ 1,49
SLBCN;CAPA DE PROTECAO SLPDN IP65 MAX BOTTON;100;R$ 5,77;4;9,75;R$ 0,56
SLBCDFP;CAPA DE PROTECAO SLPDNR IP65 FLOW PACK;50;R$ 0,82;7;9,75;R$ 0,07
SLBCD;CAPA DE PROTECAO SLPDNR IP65 MAX BOTTON;100;R$ 6,72;4;9,75;R$ 0,65
SLBCR;CAPA DE PROTECAO SLPRN IP65 Max Botton;100;R$ 3,24;4;9,75;R$ 0,31
SQ2K;CX BOTOEIRA BOX BOTTON 110x75x57.5mm 2x22.5mm IP65;1;R$ 29,23;7;9,75;R$ 2,84
SQ3K;CX BOTOEIRA BOX BOTTON 145x75x57.5mm 3x22.5mm IP65;1;R$ 38,37;7;9,75;R$ 3,74
SQ1K;CX BOTOEIRA BOX BOTTON 75x75x57.5mm 1x22.5mm IP65;1;R$ 24,97;7;9,75;R$ 2,43
PQ05K;CX BOX BOTTON 215x75x54mm 2xM20 DIAM.5x22.5;1;R$ 113,57;4;9,75;R$ 11,07
S900BR101;PEDAL STECKELETRIC CAPA TRAV 1NA+1NF;1;R$ 365,83;7;9,75;R$ 35,66
S900BR107;PEDAL STECKELETRIC CAPA TRAV 2NA+2NF;1;R$ 464,79;7;9,75;R$ 45,31
S900BR101D;PEDAL STECKELETRIC DUPLO 1NA+1NF IP65;1;R$ 878,75;4;9,75;R$ 85,67
S900BR02;PEDAL STECKELETRIC S/CAPA TRAVA 1NA+1NF;1;R$ 310,50;7;9,75;R$ 30,27
SLPPTN8FP;PLAQUETA DE IDENTIFICACAO 22.5MM Max Botton FP;50;R$ 3,79;7;9,75;R$ 0,36
SLPPTN8;PLAQUETA DE IDENTIFICACAO 22.5mm Max Botton;100;R$ 3,29;4;9,75;R$ 0,32
SPTE1;PLAQUETA EMERGENCIA D-40 AM C/ GRAVACAO MAX BOTTON;1;R$ 7,52;4;9,75;R$ 0,73
SPTE2;PLAQUETA EMERGENCIA D-60 AM C/ GRAVACAO MAX BOTTON;1;R$ 12,29;4;9,75;R$ 1,19
SLDS1103;SINAL LED 110V AM Max Botton;10;R$ 5,91;4;9,75;R$ 0,57
SLDS1104;SINAL LED 110V AZ MAX BOTTON;10;R$ 7,62;4;9,75;R$ 0,74
SLDS1104FP;SINAL LED 110V AZ Max Botton FLOW PACK;30;R$ 2,68;4;9,75;R$ 0,26
SLDS1105;SINAL LED 110V BR Max Botton;10;R$ 8,57;4;9,75;R$ 0,83
SLDS1105FP;SINAL LED 110V BR Max Botton FLOW PACK;30;R$ 23,90;7;9,75;R$ 2,33
SLDS1102;SINAL LED 110V VD Max Botton;10;R$ 6,05;4;9,75;R$ 0,58
SLDS1102FP;SINAL LED 110V VD Max Botton FLOW PACK;30;R$ 5,98;4;9,75;R$ 0,58
SLDS1101;SINAL LED 110V VM Max Botton;10;R$ 5,75;4;9,75;R$ 0,56
SLDS1101FP;SINAL LED 110V VM Max Botton FLOW PACK;30;R$ 6,16;4;9,75;R$ 0,60
SLDS123;SINAL LED 12V AM Max Botton;10;R$ 4,51;4;9,75;R$ 0,43
SLDS124;SINAL LED 12V AZ Max Botton;10;R$ 7,71;4;9,75;R$ 0,75
SLDS125;SINAL LED 12V BR MAX BOTTON;10;R$ 10,54;4;9,75;R$ 1,02
SLDS122;SINAL LED 12V VD Max Botton;10;R$ 6,27;4;9,75;R$ 0,61
SLDS121;SINAL LED 12V VM Max Botton;10;R$ 7,90;4;9,75;R$ 0,77
SLDS2203;SINAL LED 220V AM Max Botton;10;R$ 6,21;4;9,75;R$ 0,60
SLDS2203FP;SINAL LED 220V AM Max Botton FLOW PACK;30;R$ 6,39;4;9,75;R$ 0,62
SLDS2204;SINAL LED 220V AZ Max Botton;10;R$ 7,79;4;9,75;R$ 0,75
SLDS2204FP;SINAL LED 220V AZ Max Botton FLOW PACK;30;R$ 6,64;4;9,75;R$ 0,64
SLDS2205;SINAL LED 220V BR Max Botton;10;R$ 8,87;4;9,75;R$ 0,86
SLDS2205FP;SINAL LED 220V BR Max Botton FLOW PACK;30;R$ 9,31;4;9,75;R$ 0,90
SLDS2202;SINAL LED 220V VD Max Botton;10;R$ 6,16;4;9,75;R$ 0,60
SLDS2202FP;SINAL LED 220V VD Max Botton FLOW PACK;30;R$ 6,47;4;9,75;R$ 0,63
SLDS2201;SINAL LED 220V VM Max Botton;10;R$ 6,21;4;9,75;R$ 0,60
SLDS2201FP;SINAL LED 220V VM Max Botton FLOW PACK;30;R$ 6,54;4;9,75;R$ 0,63
SLDS243;SINAL LED 24V AM Max Botton;10;R$ 6,08;4;9,75;R$ 0,59
SLDS244;SINAL LED 24V AZ Max Botton;10;R$ 8,32;4;9,75;R$ 0,81
SLDS245;SINAL LED 24V BR MAX BOTTON;10;R$ 9,10;4;9,75;R$ 0,88
SLDS242;SINAL LED 24V VD Max Botton;10;R$ 6,39;4;9,75;R$ 0,62
SLDS241;SINAL LED 24V VM Max Botton;10;R$ 6,41;4;9,75;R$ 0,62
SLDS3803;SINAL LED 380V AM Max Botton;10;R$ 5,96;4;9,75;R$ 0,58
SLDS3805;SINAL LED 380V BR Max Botton;10;R$ 15,12;4;9,75;R$ 1,47
SLDS3802;SINAL LED 380V VD Max Botton;10;R$ 6,31;4;9,75;R$ 0,61
SLDS3801;SINAL LED 380V VM Max Botton;10;R$ 8,34;4;9,75;R$ 0,81
SLLSL3;SINAL LUMIN AM Max Botton;10;R$ 11,04;4;9,75;R$ 1,07
SLLML4;SINAL LUMIN AZ METALICO;10;R$ 23,61;4;9,75;R$ 2,30
SLLSL4;SINAL LUMIN AZ Max Botton;10;R$ 11,81;4;9,75;R$ 1,15
SLLML5;SINAL LUMIN BR METALICO;10;R$ 23,61;4;9,75;R$ 2,30
SLLSL5;SINAL LUMIN BR Max Botton;10;R$ 12,89;4;9,75;R$ 1,25
SLLML2;SINAL LUMIN VD METALICO Max Botton;10;R$ 22,91;4;9,75;R$ 2,23
SLLSL2;SINAL LUMIN VD Max Botton;10;R$ 3,33;4;9,75;R$ 0,32
SLLML1;SINAL LUMIN VM METALICO Max Botton;10;R$ 23,43;4;9,75;R$ 2,28
SLG1101;SINALEIRO CIGARRA 110V CA/CC VM Max Botton;8;R$ 17,78;4;9,75;R$ 1,73
SLG2201;SINALEIRO CIGARRA 220V CA VM Max Botton;8;R$ 16,17;4;9,75;R$ 1,57
SLG241;SINALEIRO CIGARRA 24V CA/CC VM MAX BOTTON;8;R$ 17,05;4;9,75;R$ 1,66
SLG3801;SINALEIRO CIGARRA 380V CA VM Max Botton;8;R$ 12,42;4;9,75;R$ 1,21
SLDS110Y;SINALIZADOR LED 110V AMARELO IP40;1;R$ 6,20;4;9,75;R$ 0,60
SLDS110B;SINALIZADOR LED 110V AZUL IP40;1;R$ 8,00;4;9,75;R$ 0,78
SLDS110W;SINALIZADOR LED 110V BRANCO IP40;1;R$ 8,99;4;9,75;R$ 0,87
SLDS110G;SINALIZADOR LED 110V VERDE IP40;1;R$ 6,03;4;9,75;R$ 0,58
SLDS110R;SINALIZADOR LED 110V VERMELHO IP40;1;R$ 6,36;4;9,75;R$ 0,62
SLDS012Y;SINALIZADOR LED 12V AMARELO IP40;1;R$ 4,73;4;9,75;R$ 0,46
SLDS012B;SINALIZADOR LED 12V AZUL IP40;1;R$ 8,11;4;9,75;R$ 0,79
SLDS012W;SINALIZADOR LED 12V BRANCO IP40;1;R$ 11,06;4;9,75;R$ 1,07
SLDS012G;SINALIZADOR LED 12V VERDE IP40;1;R$ 8,30;4;9,75;R$ 0,80
SLDS012R;SINALIZADOR LED 12V VERMELHO IP40;1;R$ 6,58;4;9,75;R$ 0,64
SLDS220Y;SINALIZADOR LED 220V AMARELO IP40;1;R$ 6,52;4;9,75;R$ 0,63
SLDS220B;SINALIZADOR LED 220V AZUL IP40;1;R$ 8,17;4;9,75;R$ 0,79
SLDS220W;SINALIZADOR LED 220V BRANCO IP40;1;R$ 9,31;4;9,75;R$ 0,90
SLDS220G;SINALIZADOR LED 220V VERDE IP40;1;R$ 6,52;4;9,75;R$ 0,63
SLDS220R;SINALIZADOR LED 220V VERMELHO IP40;1;R$ 6,47;4;9,75;R$ 0,63
SLDS024Y;SINALIZADOR LED 24V AMARELO IP40;1;R$ 6,39;4;9,75;R$ 0,62
PRODUTO;DESCRICAO;LOTE MINIMO;PRECO;%ICMS;%IPI;IPI
SLDS024B;SINALIZADOR LED 24V AZUL IP40;1;R$ 8,73;4;9,75;R$ 0,85
SLDS024W;SINALIZADOR LED 24V BRANCO IP40;1;R$ 9,55;4;9,75;R$ 0,93
SLDS024G;SINALIZADOR LED 24V VERDE IP40;1;R$ 6,73;4;9,75;R$ 0,65
SLDS024R;SINALIZADOR LED 24V VERMELHO IP40;1;R$ 6,71;4;9,75;R$ 0,65
SLDS380Y;SINALIZADOR LED 380V AMARELO IP40;1;R$ 6,26;4;9,75;R$ 0,61
SLDS380B;SINALIZADOR LED 380V AZUL IP40;1;R$ 9,01;4;9,75;R$ 0,87
SLDS380W;SINALIZADOR LED 380V BRANCO IP40;1;R$ 15,88;4;9,75;R$ 1,54
SLDS380G;SINALIZADOR LED 380V VERDE IP40;1;R$ 8,77;4;9,75;R$ 0,85
SLDS380R;SINALIZADOR LED 380V VERMELHO IP40;1;R$ 6,63;4;9,75;R$ 0,64
SLG2208;SINALIZADOR SONORO AC 220V PRETO MAX BOTTON;8;R$ 13,95;4;9,75;R$ 1,36
SLG1108;SINALIZADOR SONORO AC/DC 110V PRETO;8;R$ 16,82;4;9,75;R$ 1,63
SLG248;SINALIZADOR SONORO AC/DC 24V PRETO Max Botton;8;R$ 24,43;4;9,75;R$ 2,38
SPL003001;SUPORTE PARA BLOCO 2 FUROS;1;R$ 8,70;4;9,75;R$ 0,84
SACBN10;ACB COSMOS FRAME 1600N 3P 1000A 690V 4NA+4NF UC-E;1;R$ 6.917,70;4;6,5;R$ 449,65
SACBN12;ACB COSMOS FRAME 1600N 3P 1250A 690V 4NA+4NF UC-E;1;R$ 7.264,61;4;6,5;R$ 472,19
SACBN16;ACB COSMOS FRAME 1600N 3P 1600A 690V 4NA+4NF UC-E;1;R$ 8.506,21;4;6,5;R$ 552,90
SACBN06;ACB COSMOS FRAME 1600N 3P 630A 690V 4NA+4NF UC-E;1;R$ 6.013,40;4;6,5;R$ 390,87
SACBN08;ACB COSMOS FRAME 1600N 3P 800A 690V 4NA+4NF UC-E;1;R$ 6.667,18;7;6,5;R$ 433,36
SACBH20;ACB COSMOS FRAME 4000H1 3P 2000A 690V 4NA+4NF UC-E;1;R$ 13.314,66;4;6,5;R$ 865,45
SACBH25;ACB COSMOS FRAME 4000H1 3P 2500A 690V 4NA+4NF UC-E;1;R$ 14.684,50;4;6,5;R$ 954,49
SACBH32;ACB COSMOS FRAME 4000H1 3P 3200A 690V 4NA+4NF UC-E;1;R$ 16.981,24;4;6,5;R$ 1.103,78
SACBH40;ACB COSMOS FRAME 4000H1 3P 4000A 690V 4NA+4NF UC-E;1;R$ 35.981,61;7;6,5;R$ 2.338,80
SSRMA;BOBINA DE DISPARO REMOTO ACB 230VAC 50/60HZ;1;R$ 184,44;4;9,75;R$ 17,98
SSRQA;BOBINA DE DISPARO REMOTO ACB 400VAC 50/60HZ;1;R$ 305,14;4;9,75;R$ 29,75
SSCMA;BOBINA DE FECHAMENTO ACB 230VAC 50/60HZ;1;R$ 244,55;4;9,75;R$ 23,84
SSCQA;BOBINA DE FECHAMENTO ACB 400VAC 50/60HZ;1;R$ 308,23;4;9,75;R$ 30,05
SUVQA;BOBINA DE MIN TENSAO ACB 400VAC 50/60HZ;1;R$ 520,19;4;0;R$ 0,00
SUVMA;BOBINA DE MIN TENSAO ACB COSMOS 230VAC 50/60HZ;1;R$ 202,09;4;0;R$ 0,00
SUVRQA;BOBINA DE MIN TENSAO C/ RETARDO ACB 400VAC 50/60HZ;1;R$ 888,31;4;0;R$ 0,00
SC3;CONECTOR CABOS 3 PIN;1;R$ 50,83;4;3,25;R$ 1,65
SAC4416A;CONTATO AUXILIAR FRAME 1600N 4NA+4NF;1;R$ 82,20;4;3,25;R$ 2,67
SAC4440A;CONTATO AUXILIAR FRAME 4000H1 4NA+4NF;1;R$ 278,82;4;3,25;R$ 9,06
SACF16A;CONTATO AUXILIAR PRONTO P/ FECHAR FRAME 1600N;1;R$ 56,74;4;3,25;R$ 1,84
SACF40A;CONTATO AUXILIAR PRONTO P/ FECHAR FRAME 4000H1;1;R$ 55,56;4;3,25;R$ 1,80
SCSF16A;CONTATO SINALIZADOR FALHA DE DISPARO FRAME 1600N;1;R$ 27,97;4;3,25;R$ 0,90
SCSF40A;CONTATO SINALIZADOR FALHA DE DISPARO FRAME 4000H1;1;R$ 70,45;4;3,25;R$ 2,28
SIC161A;INTERTRAVAMENTO CHAVE FRAME 1600N 1FECHO+1CHAVE;1;R$ 97,51;4;3,25;R$ 3,16
SIC162A;INTERTRAVAMENTO CHAVE FRAME 1600N 2FECHOS+2CHAVES;1;R$ 187,66;4;3,25;R$ 6,09
SIC163A;INTERTRAVAMENTO CHAVE FRAME 1600N 3FECHOS+3CHAVES;1;R$ 281,38;4;3,25;R$ 9,14
SIC401A;INTERTRAVAMENTO CHAVE FRAME 4000H1 1FECHO+1CHAVE;1;R$ 145,21;4;3,25;R$ 4,71
SIC402A;INTERTRAVAMENTO CHAVE FRAME 4000H1 2FECHOS+2CHAVES;1;R$ 190,76;4;3,25;R$ 6,19
SIC403A;INTERTRAVAMENTO CHAVE FRAME 4000H1 3FECHOS+3CHAVES;1;R$ 285,95;4;3,25;R$ 9,29
SIMA162A;INTERTRAVAMENTO MEC-ALAV FRAME 1600N FIXO P/ 2 ACB;1;R$ 1.840,67;4;3,25;R$ 59,82
SIMA402A;INTERTRAVAMENTO MEC-ALAV FRAME 4000H1 FIXO P/ 2ACB;1;R$ 1.067,53;4;3,25;R$ 34,69
SIMC162A;INTERTRAVAMENTO MEC-CABO FRAME 1600N FIXO P/ 2 ACB;1;R$ 1.067,52;4;3,25;R$ 34,69
SIMC402A;INTERTRAVAMENTO MEC-CABO FRAME 4000H1 FIXO P/ 2ACB;1;R$ 2.374,97;4;3,25;R$ 77,18
SIMC403A;INTERTRAVAMENTO MEC-CABO FRAME 4000H1 FIXO P/ 3ACB;1;R$ 7.590,07;4;3,25;R$ 246,67
SIS16A;ISOLADOR DE FASE FRAME 1600N FIXO;1;R$ 104,05;4;9,75;R$ 10,14
SIS40A;ISOLADOR DE FASE FRAME 4000H1 FIXO;1;R$ 609,41;4;9,75;R$ 59,41
SMT40MA;MODULO TRANSFORMADOR P/ UNID CONT 230VAC~24VCC;1;R$ 55,41;4;9,75;R$ 5,40
SMT40QA;MODULO TRANSFORMADOR P/ UNID CONT 400VAC~24VCC;1;R$ 55,41;4;9,75;R$ 5,40
SMOLD16A;MOLDURA PORTA ACB FRAME 1600N FIXO;1;R$ 171,76;4;9,75;R$ 16,74
SMOLD40A;MOLDURA PORTA ACB FRAME 4000H1 FIXO;1;R$ 263,54;4;9,75;R$ 25,69
SME40MA;MOTOR ELET ACIONAM ACB COSMOS FRAME 4000H1 230VAC;1;R$ 688,12;4;9,75;R$ 67,09
SME16MA;MOTOR ELET ACIONAMENTO ACB FRAME 1600N 230VAC;1;R$ 1.343,79;4;9,75;R$ 131,01
SME16QA;MOTOR ELET ACIONAMENTO ACB FRAME 1600N 400VAC;1;R$ 865,85;4;9,75;R$ 84,42
SME40QA;MOTOR ELET ACIONAMENTO ACB FRAME 4000H1 400VAC;1;R$ 527,77;4;9,75;R$ 51,45
STEH40A;TERMINAL DE CONEXAO EXTENDIDO HORIZ FRAME 4000H1;1;R$ 1.475,88;4;9,75;R$ 143,89
STEV40A;TERMINAL DE CONEXAO EXTENDIDO VERT FRAME 4000H1;1;R$ 1.414,95;4;9,75;R$ 137,95
STS16A;TERMINAL DE CONEXAO SPREADERS FRAME 1600N;1;R$ 1.346,25;4;9,75;R$ 131,25
STP16A;TERMINAL DE CONEXAO TRASEIRA HOR/VERT FRAME 1600N;1;R$ 549,56;4;9,75;R$ 53,58
STP40A;TERMINAL DE CONEXAO TRASEIRA HOR/VERT FRAME 4000H1;1;R$ 778,94;4;9,75;R$ 75,94
SUCE;UNIDADE DE CONTROLE ACB 24VCC TIPO-E;1;R$ 846,68;4;9,75;R$ 82,55
SSTB21;STRING BOX CC 1040VCC 16A 1/2E+1S IP67;1;R$ 361,96;7;0;R$ 0,00
SSTB22;STRING BOX CC 1040VCC 16A 1/2E+2S IP67;1;R$ 488,61;7;0;R$ 0,00
SSTB11;STRING BOX CC 1040VCC 32A 1E+1S IP67;1;R$ 316,71;7;0;R$ 0,00
SSTB31;STRING BOX CC 1040VCC 40A 3E+1S IP67;1;R$ 574,00;7;0;R$ 0,00
SSTB33;STRING BOX CC 1040VCC 40A 3E+3S IP67;1;R$ 798,42;7;0;R$ 0,00
SZ110;CAMPAINHA STECKER 110V 50/60HZ;1;R$ 31,84;4;15;R$ 4,77
SZ220;CAMPAINHA STECKER 220/240V 50/60HZ;1;R$ 49,91;4;15;R$ 7,48
SDCE61100;CHAVE SECC STECKER 1P 100A 230V 60HZ DIN;1;R$ 8,82;4;9,75;R$ 0,85
SDCE6132;CHAVE SECC STECKER 1P 32A 230V 60HZ DIN;1;R$ 13,34;4;9,75;R$ 1,30
SDCE6163;CHAVE SECC STECKER 1P 63A 230V 60HZ DIN;1;R$ 16,66;4;9,75;R$ 1,62
SDCE62100;CHAVE SECC STECKER 2P 100A 400V 60HZ DIN;1;R$ 19,42;4;9,75;R$ 1,89
SDCE6232;CHAVE SECC STECKER 2P 32A 400V 60HZ DIN;1;R$ 36,54;4;9,75;R$ 3,56
SDCE6263;CHAVE SECC STECKER 2P 63A 400V 60HZ DIN;1;R$ 16,85;4;9,75;R$ 1,64
SDCE63100;CHAVE SECC STECKER 3P 100A 400V 60HZ DIN;1;R$ 42,78;4;9,75;R$ 4,17
SDCE6332;CHAVE SECC STECKER 3P 32A 400V 60HZ DIN;1;R$ 44,71;4;9,75;R$ 4,35
SDCE6363;CHAVE SECC STECKER 3P 63A 400V 60HZ DIN;1;R$ 37,50;4;9,75;R$ 3,65
SDCE64100;CHAVE SECC STECKER 4P 100A 400V 60HZ DIN;18;R$ 48,86;4;9,75;R$ 4,76
SDCE6432;CHAVE SECC STECKER 4P 32A 400V 60HZ DIN;1;R$ 46,50;4;9,75;R$ 4,53
SW110M;MINUT STECKER 110V16A 30SEG/20MIN 50/60H;1;R$ 62,22;4;3,25;R$ 2,02
SW220M;MINUT STECKER 250V16A 30SEG/20MIN 50/60H;1;R$ 66,43;4;3,25;R$ 2,15
SCAUX160W2;ALARME AUXILIAR C/ FIO FRAME 160A E;1;R$ 40,79;4;9,75;R$ 3,97
SCAUX250W2;ALARME AUXILIAR C/ FIO FRAME 250A E;1;R$ 46,52;4;9,75;R$ 4,53
SCAUX630W2;ALARME AUXILIAR C/ FIO FRAME 400/630A E;1;R$ 60,48;4;9,75;R$ 5,89
STRD250;ALAVANCA ACION MANOP REDON MARKIS FRAME 250 T/A;1;R$ 63,32;4;9,75;R$ 6,17
STRD400;ALAVANCA ACION MANOP REDON MARKIS FRAME 400 T/A;1;R$ 42,37;4;9,75;R$ 4,13
STR100;ALAVANCA ACIONAMENTO MARKIS FRAME 100 GIRATORIA;1;R$ 19,17;4;9,75;R$ 1,86
PRODUTO;DESCRICAO;LOTE MINIMO;PRECO;%ICMS;%IPI;IPI
SDJP1600;ALAVANCA ROTATIVA ESTEND QUADRADA FRAME 1600;1;R$ 498,04;4;9,75;R$ 48,55
SDJP100;ALAVANCA ROTATIVA EXTERNA FRAME 100 3P/4P;1;R$ 91,03;4;9,75;R$ 8,87
SDJP250;ALAVANCA ROTATIVA EXTERNA FRAME 250 3P/4P;1;R$ 99,67;4;9,75;R$ 9,71
SDJP400;ALAVANCA ROTATIVA EXTERNA FRAME 400 3P/4P;1;R$ 111,09;4;9,75;R$ 10,83
SDJP63;ALAVANCA ROTATIVA EXTERNA FRAME 63 3P/4P;1;R$ 92,74;4;9,75;R$ 9,04
SDJP630;ALAVANCA ROTATIVA EXTERNA FRAME 630 3P/4P;1;R$ 125,78;4;9,75;R$ 12,26
SDJP800;ALAVANCA ROTATIVA EXTERNA FRAME 800 3P/4P;1;R$ 155,22;4;9,75;R$ 15,13
SDJI100;ALAVANCA ROTATIVA INTERNA FRAME 100 3P/4P;1;R$ 69,66;4;9,75;R$ 6,79
SDJI250;ALAVANCA ROTATIVA INTERNA FRAME 250 3P/4P;1;R$ 99,41;4;9,75;R$ 9,69
SDJI400;ALAVANCA ROTATIVA INTERNA FRAME 400 3P/4P;1;R$ 92,87;4;9,75;R$ 9,05
SDJI63;ALAVANCA ROTATIVA INTERNA FRAME 63 3P/4P;1;R$ 62,26;4;9,75;R$ 6,07
SDJI630;ALAVANCA ROTATIVA INTERNA FRAME 630 3P/4P;1;R$ 86,88;4;9,75;R$ 8,47
SDJI800;ALAVANCA ROTATIVA INTERNA FRAME 800 3P/4P;1;R$ 125,58;4;9,75;R$ 12,24
SBM160230;BOB MINIMA TENSAO 230V~ FR 160A 3P/4P;1;R$ 81,59;4;9,75;R$ 7,95
SBM250230;BOB MINIMA TENSAO 230V~ FR 250A 3P/4P;1;R$ 93,01;4;9,75;R$ 9,06
SBM630230;BOB MINIMA TENSAO 230V~ FR 630A 3P/4P;1;R$ 157,22;4;9,75;R$ 15,32
SBM160400;BOB MINIMA TENSAO 400V~ FR 160A 3P/4P;1;R$ 106,07;4;9,75;R$ 10,34
SBM250400;BOB MINIMA TENSAO 400V~ FR 250A 3P/4P;1;R$ 120,93;4;9,75;R$ 11,79
SBM630400;BOB MINIMA TENSAO 400V~ FR 630A 3P/4P;1;R$ 204,37;4;9,75;R$ 19,92
SUV1250M;BOBIN MIN TENS 230V FRAME 1250 50/60HZ E;1;R$ 59,58;4;9,75;R$ 5,80
SUV1600M;BOBIN MIN TENS 230V FRAME 1600 50/60HZ E;1;R$ 468,86;4;9,75;R$ 45,71
SUV1250Q;BOBIN MIN TENS 400V FRAME 1250 50/60HZ E;1;R$ 14,73;4;9,75;R$ 1,43
SUV1600Q;BOBIN MIN TENS 400V FRAME 1600 50/60HZ E;1;R$ 468,86;4;9,75;R$ 45,71
SDJUE1250M;BOBIN MIN TENS FRAME 1250 230V 50/60HZ LE;1;R$ 424,22;4;9,75;R$ 41,36
SDJUE1250Q;BOBIN MIN TENS FRAME 1250 400V 50/60HZ LE;1;R$ 424,22;4;9,75;R$ 41,36
SBA160230;BOBINA DISPARO 230V~ FRAME 160A 3P/4P;1;R$ 81,59;4;9,75;R$ 7,95
SBA250230;BOBINA DISPARO 230V~ FRAME 250A 3P/4P D;1;R$ 93,01;4;9,75;R$ 9,06
SBA630230;BOBINA DISPARO 230V~ FRAME 630A 3P/4P;1;R$ 157,22;4;9,75;R$ 15,32
SBA160400;BOBINA DISPARO 400V~ FRAME 160A 3P/4P;1;R$ 106,07;4;9,75;R$ 10,34
SBA250400;BOBINA DISPARO 400V~ FRAME 250A 3P/4P;1;R$ 120,93;4;9,75;R$ 11,79
SBA630400;BOBINA DISPARO 400V~ FRAME 630A 3P/4P;1;R$ 204,37;4;9,75;R$ 19,92
SBA160230W;BOBINA DISPARO C/ FIO 230V~ FRAME 160A D;1;R$ 81,59;4;9,75;R$ 7,95
SBA250230W;BOBINA DISPARO C/ FIO 230V~ FRAME 250A D;1;R$ 96,57;4;9,75;R$ 9,41
SBA630230W;BOBINA DISPARO C/ FIO 230V~ FRAME 400/630A D;1;R$ 157,22;4;9,75;R$ 15,32
SBA160400W;BOBINA DISPARO C/ FIO 400V~ FRAME 160A D;1;R$ 106,07;4;9,75;R$ 10,34
SBA250400W;BOBINA DISPARO C/ FIO 400V~ FRAME 250A D;1;R$ 125,55;4;9,75;R$ 12,24
SBA630400W;BOBINA DISPARO C/ FIO 400V~ FRAME 400/630A D;1;R$ 204,37;4;9,75;R$ 19,92
SDJYD100M;BOBINA DISPARO FRAME 100 230VCA LD;1;R$ 48,26;4;9,75;R$ 4,70
SDJYD100BC;BOBINA DISPARO FRAME 100 24VCC LD;1;R$ 55,84;4;9,75;R$ 5,44
SDJYE100M;BOBINA DISPARO FRAME 100 3P/4P 230VCA LE;1;R$ 55,74;4;9,75;R$ 5,43
SDJYE100BC;BOBINA DISPARO FRAME 100 3P/4P 24VCC LE;1;R$ 53,24;4;9,75;R$ 5,19
SDJYE100Q;BOBINA DISPARO FRAME 100 3P/4P 400VCA LE;1;R$ 53,24;4;9,75;R$ 5,19
SDJYD100Q;BOBINA DISPARO FRAME 100 400VCA LD;1;R$ 54,47;4;9,75;R$ 5,31
SDJYD1250BC;BOBINA DISPARO FRAME 1250 24VCC LD;1;R$ 447,51;4;9,75;R$ 43,63
SDJYD1250Q;BOBINA DISPARO FRAME 1250 400VCA LD;1;R$ 468,55;4;9,75;R$ 45,68
SDJYD1600M;BOBINA DISPARO FRAME 1600 230VCA LE;1;R$ 492,29;4;9,75;R$ 47,99
SDJYD1600BC;BOBINA DISPARO FRAME 1600 24VCC LE;1;R$ 492,29;4;9,75;R$ 47,99
SDJYD1600Q;BOBINA DISPARO FRAME 1600 400VCA LE;1;R$ 492,29;4;9,75;R$ 47,99
SDJYD250M;BOBINA DISPARO FRAME 250 230VCA LD;1;R$ 64,30;4;9,75;R$ 6,26
SDJYD250BC;BOBINA DISPARO FRAME 250 24VCC LD;1;R$ 58,11;4;9,75;R$ 5,66
SDJYE250M;BOBINA DISPARO FRAME 250 3P/4P 230VCA LE;1;R$ 58,09;4;9,75;R$ 5,66
SDJYE250BC;BOBINA DISPARO FRAME 250 3P/4P 24VCC LE;1;R$ 55,85;4;9,75;R$ 5,44
SDJYE250Q;BOBINA DISPARO FRAME 250 3P/4P 400VCA LE;1;R$ 56,98;4;9,75;R$ 5,55
SDJYD250Q;BOBINA DISPARO FRAME 250 400VCA LD;1;R$ 54,72;4;9,75;R$ 5,33
SDJYD400M;BOBINA DISPARO FRAME 400 230VCA LD;1;R$ 138,25;4;9,75;R$ 13,47
SDJYD400BC;BOBINA DISPARO FRAME 400 24VCC LD;1;R$ 95,36;4;9,75;R$ 9,29
SDJYE400M;BOBINA DISPARO FRAME 400 3P/4P 230VCA LE;1;R$ 141,82;4;9,75;R$ 13,82
SDJYE400BC;BOBINA DISPARO FRAME 400 3P/4P 24VCC LE;1;R$ 105,99;4;9,75;R$ 10,33
SDJYE400Q;BOBINA DISPARO FRAME 400 3P/4P 400VCA LE;1;R$ 127,64;4;9,75;R$ 12,44
SDJYD400Q;BOBINA DISPARO FRAME 400 400VCA LD;1;R$ 159,18;4;9,75;R$ 15,52
SDJYD63M;BOBINA DISPARO FRAME 63 230VCA LD;1;R$ 59,70;4;9,75;R$ 5,82
SDJYD63BC;BOBINA DISPARO FRAME 63 24VCC LD;1;R$ 50,14;4;9,75;R$ 4,88
SDJYD63Q;BOBINA DISPARO FRAME 63 400VCA LD;1;R$ 55,27;4;9,75;R$ 5,38
SDJYD630M;BOBINA DISPARO FRAME 630 230VCA LD;1;R$ 167,98;4;9,75;R$ 16,37
SDJYD630BC;BOBINA DISPARO FRAME 630 24VCC LD;1;R$ 106,77;4;9,75;R$ 10,41
SDJYE630M;BOBINA DISPARO FRAME 630 3P/4P 230VCA LE;1;R$ 141,21;4;9,75;R$ 13,76
SDJYE630BC;BOBINA DISPARO FRAME 630 3P/4P 24VCC LE;1;R$ 148,16;4;9,75;R$ 14,44
SDJYE630Q;BOBINA DISPARO FRAME 630 3P/4P 400VCA LE;1;R$ 154,82;4;9,75;R$ 15,09
SDJYD630Q;BOBINA DISPARO FRAME 630 400VCA LD;1;R$ 95,36;4;9,75;R$ 9,29
SDJYD800M;BOBINA DISPARO FRAME 800 230VCA LD;1;R$ 206,82;4;9,75;R$ 20,16
SDJYD800BC;BOBINA DISPARO FRAME 800 24VCC LD;1;R$ 239,33;4;9,75;R$ 23,33
SDJYE800M;BOBINA DISPARO FRAME 800 3P/4P 230VCA LE;1;R$ 210,88;4;9,75;R$ 20,56
SDJYE800BC;BOBINA DISPARO FRAME 800 3P/4P 24VCC LE;1;R$ 182,57;4;9,75;R$ 17,80
SDJYE800Q;BOBINA DISPARO FRAME 800 3P/4P 400VCA LE;1;R$ 173,24;4;9,75;R$ 16,89
SDJYD800Q;BOBINA DISPARO FRAME 800 400VCA LD;1;R$ 152,91;4;9,75;R$ 14,90
SUV225M;BOBINA MIN TENS 230V FRAME 225 50/60HZ D;1;R$ 185,75;4;9,75;R$ 18,11
SDJUE100M;BOBINA MINIMA FRAME 100 3P/4P 230VCA LE;1;R$ 147,38;4;9,75;R$ 14,36
SDJUE100Q;BOBINA MINIMA FRAME 100 3P/4P 400VCA LE;1;R$ 154,76;4;9,75;R$ 15,08
SDJUE250M;BOBINA MINIMA FRAME 250 3P/4P 230VCA LE;1;R$ 145,88;4;9,75;R$ 14,22
SDJUE250Q;BOBINA MINIMA FRAME 250 3P/4P 400VCA LE;1;R$ 210,96;4;9,75;R$ 20,56
SDJUE400M;BOBINA MINIMA FRAME 400 3P/4P 230VCA LE;1;R$ 316,91;4;9,75;R$ 30,89
SDJUE400Q;BOBINA MINIMA FRAME 400 3P/4P 400VCA LE;1;R$ 305,83;4;9,75;R$ 29,81
SDJUE63M;BOBINA MINIMA FRAME 63 3P/4P 230VCA LE;1;R$ 85,00;4;9,75;R$ 8,28
SDJUE63Q;BOBINA MINIMA FRAME 63 3P/4P 400VCA LE;1;R$ 89,25;4;9,75;R$ 8,70
SDJUE630M;BOBINA MINIMA FRAME 630 3P/4P 230VCA LE;1;R$ 456,51;4;9,75;R$ 44,50
SDJUE630Q;BOBINA MINIMA FRAME 630 3P/4P 400VCA LE;1;R$ 328,23;4;9,75;R$ 32,00
SDJUE800M;BOBINA MINIMA FRAME 800 3P/4P 230VCA LE;1;R$ 455,08;4;9,75;R$ 44,37
SDJUD800Q;BOBINA MINIMA FRAME 800 3P/4P 400VCA LD;1;R$ 270,82;4;9,75;R$ 26,40
SDJUE800Q;BOBINA MINIMA FRAME 800 3P/4P 400VCA LE;1;R$ 455,42;4;9,75;R$ 44,40
PRODUTO;DESCRICAO;LOTE MINIMO;PRECO;%ICMS;%IPI;IPI
SD160LOCK;CADEADO DISJ CX MOLD FRAME 160A;1;R$ 40,79;4;9,75;R$ 3,97
SD250LOCK;CADEADO DISJ CX MOLD FRAME 250A;1;R$ 46,52;4;9,75;R$ 4,53
SD630LOCK;CADEADO DISJ CX MOLD FRAME 400/630A;1;R$ 60,48;4;9,75;R$ 5,89
SD160CONTR;CONEXAO TRASEIRA FIXA FRAME 160A 3P 6PÇS;1;R$ 163,17;4;9,75;R$ 15,90
S4D160CONTR;CONEXAO TRASEIRA FIXA FRAME 160A 4P 8PÇS;1;R$ 212,13;4;9,75;R$ 20,68
SD250CONTR;CONEXAO TRASEIRA FIXA FRAME 250A 3P 6PÇS;1;R$ 241,87;4;9,75;R$ 23,58
S4D250CONTR;CONEXAO TRASEIRA FIXA FRAME 250A 4P 8PÇS;1;R$ 314,42;4;9,75;R$ 30,65
SD6300CONTR;CONEXAO TRASEIRA FIXA FRAME 400/630A 3P 6PÇS;1;R$ 1.078,54;4;9,75;R$ 105,15
S4D6300CONTR;CONEXAO TRASEIRA FIXA FRAME 400/630A 4P 8PÇS;1;R$ 1.402,11;4;9,75;R$ 136,70
SCAL160W;CONTATO ALARME C/ FIO FRAME 160A E;1;R$ 40,79;4;9,75;R$ 3,97
SCAL250W;CONTATO ALARME C/ FIO FRAME 250A E;1;R$ 46,52;4;9,75;R$ 4,53
SCAL630W;CONTATO ALARME C/ FIO FRAME 400/630A E;1;R$ 60,48;4;9,75;R$ 5,89
SDJLD100;CONTATO ALARME FRAME 100 1NA+1NF LD;1;R$ 23,85;4;9,75;R$ 2,32
SDJLE100;CONTATO ALARME FRAME 100 3P/4P 1NA+1NF LE;1;R$ 37,49;4;9,75;R$ 3,65
SDJLD1600;CONTATO ALARME FRAME 1600 1NA+1NF LD;1;R$ 86,53;4;9,75;R$ 8,43
SDJLD250;CONTATO ALARME FRAME 250 1NA+1NF LD;1;R$ 22,17;4;9,75;R$ 2,16
SDJLE250;CONTATO ALARME FRAME 250 3P/4P 1NA+1NF LE;1;R$ 30,44;4;9,75;R$ 2,96
SDJLD400;CONTATO ALARME FRAME 400 1NA+1NF LD;1;R$ 40,94;4;9,75;R$ 3,99
SDJLE400;CONTATO ALARME FRAME 400 3P/4P 1NA+1NF LE;1;R$ 41,12;4;9,75;R$ 4,00
SDJLD63;CONTATO ALARME FRAME 63 1NA+1NF LD;1;R$ 31,82;4;9,75;R$ 3,10
SDJLE63;CONTATO ALARME FRAME 63 3P/4P 1NA+1NF LE;1;R$ 31,81;4;9,75;R$ 3,10
SDJLD630;CONTATO ALARME FRAME 630 1NA+1NF LD;1;R$ 40,93;4;9,75;R$ 3,99
SDJLE630;CONTATO ALARME FRAME 630 3P/4P 1NA+1NF LE;1;R$ 41,12;4;9,75;R$ 4,00
SDJLE800;CONTATO ALARME FRAME 800 3P/4P 1NA+1NF LE;1;R$ 61,34;4;9,75;R$ 5,98
SDJXLD100;CONTATO AUX + ALARM FRAME 100 1NA+1NF LD;1;R$ 46,53;4;9,75;R$ 4,53
SDJXLE100;CONTATO AUX + ALARM FRAME 100 1NA+1NF LE;1;R$ 27,75;4;9,75;R$ 2,70
SDJXLD1600;CONTATO AUX + ALARM FRAME 1600 1NA+1NF LD;1;R$ 86,53;4;9,75;R$ 8,43
SDJXLD250;CONTATO AUX + ALARM FRAME 250 1NA+1NF LD;1;R$ 47,53;4;9,75;R$ 4,63
SDJXLE250;CONTATO AUX + ALARM FRAME 250 1NA+1NF LE;1;R$ 49,12;4;9,75;R$ 4,78
SDJXLD400;CONTATO AUX + ALARM FRAME 400 1NA+1NF LD;1;R$ 54,47;4;9,75;R$ 5,31
SDJXLE400;CONTATO AUX + ALARM FRAME 400 1NA+1NF LE;1;R$ 54,47;4;9,75;R$ 5,31
SDJXLD63;CONTATO AUX + ALARM FRAME 63 1NA+1NF LD;1;R$ 46,52;4;9,75;R$ 4,53
SDJXLE63;CONTATO AUX + ALARM FRAME 63 1NA+1NF LE;1;R$ 42,00;4;9,75;R$ 4,09
SDJXLD630;CONTATO AUX + ALARM FRAME 630 1NA+1NF LD;1;R$ 54,47;4;9,75;R$ 5,31
SDJXLE630;CONTATO AUX + ALARM FRAME 630 1NA+1NF LE;1;R$ 54,47;4;9,75;R$ 5,31
SDJXLE800;CONTATO AUX + ALARM FRAME 800 1NA+1NF LE;1;R$ 113,98;4;9,75;R$ 11,11
SDJX2D1250;CONTATO AUX DUPLO FRAME 1250 2NA+2NF LD;1;R$ 86,53;4;3,25;R$ 2,81
SDJX2E1250;CONTATO AUX DUPLO FRAME 1250 2NA+2NF LE;1;R$ 76,12;4;3,25;R$ 2,47
SDJX2D1600;CONTATO AUX DUPLO FRAME 1600 2NA+2NF LD;1;R$ 86,53;4;3,25;R$ 2,81
SDJX2D800;CONTATO AUX DUPLO FRAME 800 2NA+2NF LD;1;R$ 46,72;4;3,25;R$ 1,51
SDJX2E800;CONTATO AUX DUPLO FRAME 800 3P/4P 2NA+2NF LE;1;R$ 85,03;4;3,25;R$ 2,76
SAC100;CONTATO AUXILIAR 1NA+1NF MARKIS FRAME 100 LD;1;R$ 7,09;4;3,25;R$ 0,23
SDJXD100;CONTATO AUXILIAR FRAME 100 1NA+1NF LD;1;R$ 25,88;4;3,25;R$ 0,84
SDJXE100;CONTATO AUXILIAR FRAME 100 3P/4P 1NA+1NF LE;1;R$ 28,89;4;3,25;R$ 0,93
SDJXD250;CONTATO AUXILIAR FRAME 250 1NA+1NF LD;1;R$ 34,56;4;3,25;R$ 1,12
SDJXE250;CONTATO AUXILIAR FRAME 250 3P/4P 1NA+1NF LE;1;R$ 35,45;4;3,25;R$ 1,15
SDJXD400;CONTATO AUXILIAR FRAME 400 1NA+1NF LD;1;R$ 36,89;4;3,25;R$ 1,19
SDJXE400;CONTATO AUXILIAR FRAME 400 3P/4P 1NA+1NF LE;1;R$ 40,80;4;3,25;R$ 1,32
SDJXD63;CONTATO AUXILIAR FRAME 63 1NA+1NF LD;1;R$ 23,93;4;3,25;R$ 0,77
SDJXE63;CONTATO AUXILIAR FRAME 63 3P/4P 1NA+1NF LE;1;R$ 26,76;4;3,25;R$ 0,86
SDJXD630;CONTATO AUXILIAR FRAME 630 1NA+1NF LD;1;R$ 39,38;4;3,25;R$ 1,27
SDJXE630;CONTATO AUXILIAR FRAME 630 3P/4P 1NA+1NF LE;1;R$ 41,03;4;3,25;R$ 1,33
SDJXD800;CONTATO AUXILIAR FRAME 800 1NA+1NF LD;1;R$ 51,29;4;3,25;R$ 1,66
SDJXE800;CONTATO AUXILIAR FRAME 800 3P/4P 1NA+1NF LE;1;R$ 53,57;4;3,25;R$ 1,74
SCAL160;CONTATO DE ALARME FRAME 160A;1;R$ 40,79;4;9,75;R$ 3,97
SCAL250;CONTATO DE ALARME FRAME 250A;1;R$ 46,52;4;9,75;R$ 4,53
SCAL630;CONTATO DE ALARME FRAME 630A;1;R$ 60,48;4;9,75;R$ 5,89
SDJ1600H1600EPF;DISJ CX MOLD 1600N ELETRONICO 3P BA BF MN MO PF;1;R$ 5.520,77;4;6,5;R$ 358,85
SDJ1600H1000;DISJ CX MOLD ASGARD FRAME 1600N 1000A 3P 40C;1;R$ 2.865,57;4;6,5;R$ 186,26
SDJ1600H1250;DISJ CX MOLD ASGARD FRAME 1600N 1250A 3P 40C;1;R$ 2.865,57;4;6,5;R$ 186,26
SDJ1600H1600;DISJ CX MOLD ASGARD FRAME 1600N 1600A 3P 40C;1;R$ 3.152,13;4;6,5;R$ 204,88
SDJ1600H1600E;DISJ CX MOLD ASGARD FRAME 1600N ELETRONICO 3P;1;R$ 4.884,06;4;6,5;R$ 317,46
S4DJ1600H1600E;DISJ CX MOLD ASGARD FRAME 1600N ELETRONICO 4P;1;R$ 6.349,28;4;6,5;R$ 412,70
SD160M100;DISJ CX MOLD ASGARD M100 160A 3P MAG.AJ 400/415V;1;R$ 244,14;4;6,5;R$ 15,86
S4D160M100;DISJ CX MOLD ASGARD M100 160A 4P MAG.AJ 400/415V;1;R$ 288,20;4;6,5;R$ 18,73
SD160M125;DISJ CX MOLD ASGARD M125 160A 3P MAG.AJ 400/415V;1;R$ 313,21;4;6,5;R$ 20,35
S4D160M125;DISJ CX MOLD ASGARD M125 160A 4P MAG.AJ 400/415V;1;R$ 429,73;4;6,5;R$ 27,93
SD160M140;DISJ CX MOLD ASGARD M140 160A 3P MAG.AJ 400/415V;1;R$ 313,21;4;6,5;R$ 20,35
S4D160M140;DISJ CX MOLD ASGARD M140 160A 4P MAG.AJ 400/415V;1;R$ 602,38;4;6,5;R$ 39,15
SD250M140;DISJ CX MOLD ASGARD M140 250A 3P MAG.AJ 400/415V;1;R$ 339,10;4;6,5;R$ 22,04
S4D250M140;DISJ CX MOLD ASGARD M140 250A 4P MAG.AJ 400/415V;1;R$ 696,95;4;6,5;R$ 45,30
SD160M160;DISJ CX MOLD ASGARD M160 160A 3P MAG.AJ 400/415V;1;R$ 313,21;4;6,5;R$ 20,35
S4D160M160;DISJ CX MOLD ASGARD M160 160A 4P MAG.AJ 400/415V;1;R$ 696,95;4;6,5;R$ 45,30
SD250M160;DISJ CX MOLD ASGARD M160 250A 3P MAG.AJ 400/415V;1;R$ 339,10;4;6,5;R$ 22,04
S4D250M160;DISJ CX MOLD ASGARD M160 250A 4P MAG.AJ 400/415V;1;R$ 781,61;4;6,5;R$ 50,80
SD250M200;DISJ CX MOLD ASGARD M200 250A 3P MAG.AJ 400/415V;1;R$ 548,00;4;6,5;R$ 35,62
S4D250M200;DISJ CX MOLD ASGARD M200 250A 4P MAG.AJ 400/415V;1;R$ 781,61;4;6,5;R$ 50,80
SD250M250;DISJ CX MOLD ASGARD M250 250A 3P MAG.AJ 400/415V;1;R$ 548,00;4;6,5;R$ 35,62
S4D250M250;DISJ CX MOLD ASGARD M250 250A 4P MAG.AJ 400/415V;1;R$ 781,61;4;6,5;R$ 50,80
SD160M63;DISJ CX MOLD ASGARD M63 160A 3P MAG.AJ 400/415V;1;R$ 179,25;4;6,5;R$ 11,65
S4D160M63;DISJ CX MOLD ASGARD M63 160A 4P MAG.AJ 400/415V;1;R$ 269,49;4;6,5;R$ 17,51
SD160M80;DISJ CX MOLD ASGARD M80 160A 3P MAG.AJ 400/415V;1;R$ 244,14;4;6,5;R$ 15,86
S4D160M80;DISJ CX MOLD ASGARD M80 160A 4P MAG.AJ 400/415V;1;R$ 288,20;4;6,5;R$ 18,73
S4D160TM100;DISJ CX MOLD ASGARD T100 160A 4P TERM.AJ 400/415V;1;R$ 336,87;4;6,5;R$ 21,89
S4D160TM125;DISJ CX MOLD ASGARD T125 160A 4P TERM.AJ 400/415V;1;R$ 674,18;4;6,5;R$ 43,82
SD160TM140;DISJ CX MOLD ASGARD T140 160A 3P TERM.AJ 400/415V;1;R$ 331,96;4;6,5;R$ 21,57
S4D160TM140;DISJ CX MOLD ASGARD T140 160A 4P TERM.AJ 400/415V;1;R$ 674,18;4;6,5;R$ 43,82
SD250TM140;DISJ CX MOLD ASGARD T140 250A 3P TERM.AJ 400/415V;1;R$ 384,03;4;6,5;R$ 24,96
S4D160TM160;DISJ CX MOLD ASGARD T160 160A 4P TERM.AJ 400/415V;1;R$ 786,75;4;6,5;R$ 51,13
PRODUTO;DESCRICAO;LOTE MINIMO;PRECO;%ICMS;%IPI;IPI
SD250TM160;DISJ CX MOLD ASGARD T160 250A 3P TERM.AJ 400/415V;1;R$ 384,03;4;6,5;R$ 24,96
SD400TM250;DISJ CX MOLD ASGARD T250 400A 3P TERM.AJ 400/415V;1;R$ 1.022,15;4;6,5;R$ 66,43
SD400TM320;DISJ CX MOLD ASGARD T320 400A 3P TERM.AJ 400/415V;1;R$ 1.022,15;4;6,5;R$ 66,43
SD630TM400;DISJ CX MOLD ASGARD T400 630A 3P TERM.AJ 400/415V;1;R$ 1.661,48;4;6,5;R$ 107,99
S4D630TM400;DISJ CX MOLD ASGARD T400 630A 4P TERM.AJ 400/415V;1;R$ 2.741,45;4;6,5;R$ 178,19
S4D160TM80;DISJ CX MOLD ASGARD T80 160A 4P TERM.AJ 400/415V;1;R$ 336,87;4;6,5;R$ 21,89
SD160TM100;DISJ CX MOLD ASGARD TM100 160A 3P TERM.AJ 400/415V;1;R$ 244,14;4;6,5;R$ 15,86
SD160TM125;DISJ CX MOLD ASGARD TM125 160A 3P TERM.AJ 400/415V;1;R$ 331,96;4;6,5;R$ 21,57
S4D250TM140;DISJ CX MOLD ASGARD TM140 250A 4P TERM.AJ 400/415V;1;R$ 786,75;4;6,5;R$ 51,13
SD160TM160;DISJ CX MOLD ASGARD TM160 160A 3P TERM.AJ 400/415V;1;R$ 331,96;4;6,5;R$ 21,57
S4D250TM160;DISJ CX MOLD ASGARD TM160 250A 4P TERM.AJ 400/415V;1;R$ 826,64;4;6,5;R$ 53,73
SD250TM200;DISJ CX MOLD ASGARD TM200 250A 3P TERM.AJ 400/415V;1;R$ 548,00;4;6,5;R$ 35,62
S4D250TM200;DISJ CX MOLD ASGARD TM200 250A 4P TERM.AJ 400/415V;1;R$ 904,21;4;6,5;R$ 58,77
SD160TM25;DISJ CX MOLD ASGARD TM25 160A 3P TERM.AJ 400/415V;1;R$ 179,25;4;6,5;R$ 11,65
S4D160TM25;DISJ CX MOLD ASGARD TM25 160A 4P TERM.AJ/MAG.FX;1;R$ 244,14;4;6,5;R$ 15,86
SD250TM250;DISJ CX MOLD ASGARD TM250 250A 3P TERM.AJ 400/415V;1;R$ 548,00;4;6,5;R$ 35,62
S4D250TM250;DISJ CX MOLD ASGARD TM250 250A 4P TERM.AJ 400/415V;1;R$ 904,21;4;6,5;R$ 58,77
S4D400TM250;DISJ CX MOLD ASGARD TM250 400A 4P TERM.AJ 400/415V;1;R$ 1.686,54;4;6,5;R$ 109,62
SD160TM32;DISJ CX MOLD ASGARD TM32 160A 3P TERM.AJ/MAG.FX;1;R$ 179,25;4;6,5;R$ 11,65
S4D160TM32;DISJ CX MOLD ASGARD TM32 160A 4P TERM.AJ/MAG.FX;1;R$ 244,14;4;6,5;R$ 15,86
S4D400TM320;DISJ CX MOLD ASGARD TM320 400A 4P TERM.AJ 400/415V;1;R$ 1.686,54;4;6,5;R$ 109,62
SD160TM40;DISJ CX MOLD ASGARD TM40 160A 3P TERM.AJ 400/415V;1;R$ 179,25;4;6,5;R$ 11,65
S4D160TM40;DISJ CX MOLD ASGARD TM40 160A 4P TERM.AJ 400/415V;1;R$ 244,14;4;6,5;R$ 15,86
SD400TM400;DISJ CX MOLD ASGARD TM400 400A 3P TERM.AJ 400/415V;1;R$ 1.143,02;4;6,5;R$ 74,29
S4D400TM400;DISJ CX MOLD ASGARD TM400 400A 4P TERM.AJ 400/415V;1;R$ 1.885,99;4;6,5;R$ 122,58
SD160TM50;DISJ CX MOLD ASGARD TM50 160A 3P TERM.AJ 400/415V;1;R$ 179,25;4;6,5;R$ 11,65
S4D160TM50;DISJ CX MOLD ASGARD TM50 160A 4P TERM.AJ/MAG.FX;1;R$ 244,14;4;6,5;R$ 15,86
SD630TM500;DISJ CX MOLD ASGARD TM500 630A 3P TERM.AJ 400/415V;1;R$ 1.661,48;4;6,5;R$ 107,99
S4D630TM500;DISJ CX MOLD ASGARD TM500 630A 4P TERM.AJ 400/415V;1;R$ 2.741,45;4;6,5;R$ 178,19
SD160TM63;DISJ CX MOLD ASGARD TM63 160A 3P TERM.AJ 400/415V;1;R$ 179,25;4;6,5;R$ 11,65
S4D160TM63;DISJ CX MOLD ASGARD TM63 160A 4P TERM.AJ 400/415V;1;R$ 336,87;4;6,5;R$ 21,89
SD630TM630;DISJ CX MOLD ASGARD TM630 630A 3P TERM.AJ 400/415V;1;R$ 1.661,48;4;6,5;R$ 107,99
S4D630TM630;DISJ CX MOLD ASGARD TM630 630A 4P TERM.AJ 400/415V;1;R$ 2.741,45;4;6,5;R$ 178,19
SD160TM80;DISJ CX MOLD ASGARD TM80 160A 3P TERM.AJ 400/415V;1;R$ 244,14;4;6,5;R$ 15,86
SDJH100;DISJ CX MOLD ASGARD TRIP 100A SERIE H100 690V;1;R$ 195,43;4;6,5;R$ 12,70
SDJS100;DISJ CX MOLD ASGARD TRIP 100A SERIE S100 690V;1;R$ 177,66;4;6,5;R$ 11,54
SDJH10;DISJ CX MOLD ASGARD TRIP 10A SERIE H63 690V;1;R$ 162,96;4;6,5;R$ 10,59
SDJS10;DISJ CX MOLD ASGARD TRIP 10A SERIE S63 690V;1;R$ 148,14;4;6,5;R$ 9,62
SDJS125KIT;DISJ CX MOLD ASGARD TRIP 125A;1;R$ 127,26;4;6,5;R$ 8,27
SDJH125;DISJ CX MOLD ASGARD TRIP 125A SERIE H250 690V;1;R$ 208,81;4;6,5;R$ 13,57
SDJS125;DISJ CX MOLD ASGARD TRIP 125A SERIE S250 690V;1;R$ 189,81;4;6,5;R$ 12,33
SDJH140;DISJ CX MOLD ASGARD TRIP 140A SERIE H250 690V;1;R$ 208,81;4;6,5;R$ 13,57
SDJS140;DISJ CX MOLD ASGARD TRIP 140A SERIE S250 690V;1;R$ 189,81;4;6,5;R$ 12,33
SDJS150KIT;DISJ CX MOLD ASGARD TRIP 150A;1;R$ 103,87;4;6,5;R$ 6,75
SDJS150;DISJ CX MOLD ASGARD TRIP 150A SERIE S250 690V;1;R$ 189,81;4;6,5;R$ 12,33
SDJH160;DISJ CX MOLD ASGARD TRIP 160A SERIE H250 690V;1;R$ 208,81;4;6,5;R$ 13,57
SDJS160;DISJ CX MOLD ASGARD TRIP 160A SERIE S250 690V;1;R$ 189,81;4;6,5;R$ 12,33
SDJH16;DISJ CX MOLD ASGARD TRIP 16A SERIE H63 690V;1;R$ 162,96;4;6,5;R$ 10,59
SDJS16;DISJ CX MOLD ASGARD TRIP 16A SERIE S63 690V;1;R$ 148,14;4;6,5;R$ 9,62
SDJH175;DISJ CX MOLD ASGARD TRIP 175A SERIE H250 690V;1;R$ 208,81;4;6,5;R$ 13,57
SDJS175;DISJ CX MOLD ASGARD TRIP 175A SERIE S250 690V;1;R$ 189,81;4;6,5;R$ 12,33
SDJH180;DISJ CX MOLD ASGARD TRIP 180A SERIE H250 690V;1;R$ 208,81;4;6,5;R$ 13,57
SDJS180;DISJ CX MOLD ASGARD TRIP 180A SERIE S250 690V;1;R$ 189,81;4;6,5;R$ 12,33
SDJH200;DISJ CX MOLD ASGARD TRIP 200A SERIE H250 690V;1;R$ 208,81;4;6,5;R$ 13,57
SDJS200;DISJ CX MOLD ASGARD TRIP 200A SERIE S250 690V;1;R$ 189,81;4;6,5;R$ 12,33
SDJH20;DISJ CX MOLD ASGARD TRIP 20A SERIE H63 690V;1;R$ 162,96;4;6,5;R$ 10,59
SDJS20;DISJ CX MOLD ASGARD TRIP 20A SERIE S63 690V;1;R$ 148,14;4;6,5;R$ 9,62
SDJH225;DISJ CX MOLD ASGARD TRIP 225A SERIE H250 690V;1;R$ 208,81;4;6,5;R$ 13,57
SDJS225;DISJ CX MOLD ASGARD TRIP 225A SERIE S250 690V;1;R$ 189,81;4;6,5;R$ 12,33
SDJH250;DISJ CX MOLD ASGARD TRIP 250A SERIE H250 690V;1;R$ 208,81;4;6,5;R$ 13,57
SDJS250;DISJ CX MOLD ASGARD TRIP 250A SERIE S250 690V;1;R$ 189,81;4;6,5;R$ 12,33
SDJS25;DISJ CX MOLD ASGARD TRIP 25A SERIE S63 690V;1;R$ 148,14;4;6,5;R$ 9,62
SDJS300KIT;DISJ CX MOLD ASGARD TRIP 300A;1;R$ 240,17;4;6,5;R$ 15,61
SDJS300;DISJ CX MOLD ASGARD TRIP 300A SERIE S400 690V;1;R$ 581,61;4;6,5;R$ 37,80
SDJS315KIT;DISJ CX MOLD ASGARD TRIP 315A;1;R$ 316,87;4;6,5;R$ 20,59
SDJH315;DISJ CX MOLD ASGARD TRIP 315A SERIE H400 690V;1;R$ 639,56;4;6,5;R$ 41,57
SDJS315;DISJ CX MOLD ASGARD TRIP 315A SERIE S400 690V;1;R$ 581,41;4;6,5;R$ 37,79
SDJH32;DISJ CX MOLD ASGARD TRIP 32A SERIE H63 690V;1;R$ 162,96;4;6,5;R$ 10,59
SDJS32;DISJ CX MOLD ASGARD TRIP 32A SERIE S63 690V;1;R$ 148,14;4;6,5;R$ 9,62
SDJS350KIT;DISJ CX MOLD ASGARD TRIP 350A;1;R$ 316,87;4;6,5;R$ 20,59
SDJH350;DISJ CX MOLD ASGARD TRIP 350A SERIE H400 690V;1;R$ 639,56;4;6,5;R$ 41,57
SDJS350;DISJ CX MOLD ASGARD TRIP 350A SERIE S400 690V;1;R$ 581,41;4;6,5;R$ 37,79
SDJS400KIT;DISJ CX MOLD ASGARD TRIP 400A;1;R$ 316,87;4;6,5;R$ 20,59
SDJH400;DISJ CX MOLD ASGARD TRIP 400A SERIE H400 690V;1;R$ 639,56;4;6,5;R$ 41,57
SDJS400;DISJ CX MOLD ASGARD TRIP 400A SERIE S400 690V;1;R$ 581,41;4;6,5;R$ 37,79
SDJH40;DISJ CX MOLD ASGARD TRIP 40A SERIE H63 690V;1;R$ 162,96;4;6,5;R$ 10,59
SDJS40;DISJ CX MOLD ASGARD TRIP 40A SERIE S63 690V;1;R$ 148,14;4;6,5;R$ 9,62
SDJS450;DISJ CX MOLD ASGARD TRIP 450A SERIE S630 690V;1;R$ 1.000,08;4;6,5;R$ 65,00
SDJH500;DISJ CX MOLD ASGARD TRIP 500A SERIE H630 690V;1;R$ 1.102,73;4;6,5;R$ 71,67
SDJS500;DISJ CX MOLD ASGARD TRIP 500A SERIE S630 690V;1;R$ 1.002,50;4;6,5;R$ 65,16
SDJH50;DISJ CX MOLD ASGARD TRIP 50A SERIE H63 690V;1;R$ 162,96;4;6,5;R$ 10,59
SDJS50;DISJ CX MOLD ASGARD TRIP 50A SERIE S63 690V;1;R$ 148,14;4;6,5;R$ 9,62
SDJS600;DISJ CX MOLD ASGARD TRIP 600A SERIE S630 690V;1;R$ 1.002,50;4;6,5;R$ 65,16
SDJH630;DISJ CX MOLD ASGARD TRIP 630A SERIE H630 690V;1;R$ 1.102,73;4;6,5;R$ 71,67
SDJS630;DISJ CX MOLD ASGARD TRIP 630A SERIE S630 690V;1;R$ 1.002,50;4;6,5;R$ 65,16
SDJH63;DISJ CX MOLD ASGARD TRIP 63A SERIE H63 690V;1;R$ 162,96;4;6,5;R$ 10,59
SDJS63;DISJ CX MOLD ASGARD TRIP 63A SERIE S63 690V;1;R$ 148,14;4;6,5;R$ 9,62
SDJH700;DISJ CX MOLD ASGARD TRIP 700A SERIE H800 690V;1;R$ 1.244,31;4;6,5;R$ 80,88
SDJS700;DISJ CX MOLD ASGARD TRIP 700A SERIE S800 690V;1;R$ 1.131,20;4;6,5;R$ 73,52
PRODUTO;DESCRICAO;LOTE MINIMO;PRECO;%ICMS;%IPI;IPI
SDJS70;DISJ CX MOLD ASGARD TRIP 70A SERIE S100 690V;1;R$ 177,66;4;6,5;R$ 11,54
SDJH800;DISJ CX MOLD ASGARD TRIP 800A SERIE H800 690V;1;R$ 1.255,94;4;6,5;R$ 81,63
SDJS800;DISJ CX MOLD ASGARD TRIP 800A SERIE S800 690V;1;R$ 1.141,76;4;6,5;R$ 74,21
SDJH80;DISJ CX MOLD ASGARD TRIP 80A SERIE H100 690V;1;R$ 195,43;4;6,5;R$ 12,70
SDJS80;DISJ CX MOLD ASGARD TRIP 80A SERIE S100 690V;1;R$ 177,66;4;6,5;R$ 11,54
SDLS225;DISJ CX MOLD MARKIS TRIP 225A SERIE S225 690V;1;R$ 747,93;4;6,5;R$ 48,61
SDLH700;DISJ CX MOLD MARKIS TRIP 700A SERIE H800 690V;1;R$ 1.910,70;4;6,5;R$ 124,19
SDAM40;DISJ CX MOLD MARKIS TRIP M100 40A 690V TERM.AJ;1;R$ 369,34;4;6,5;R$ 24,00
SDAM160;DISJ CX MOLD MARKIS TRIP M250 160A 690V TERM.AJ;1;R$ 181,46;4;6,5;R$ 11,79
SDAM400;DISJ CX MOLD MARKIS TRIP M400 400A 690V TERM.AJ;1;R$ 1.008,99;4;6,5;R$ 65,58
SDAT40;DISJ CX MOLD MARKIS TRIP T100 40A 690V TERM.AJ;1;R$ 390,45;4;6,5;R$ 25,37
SIBM100F;INTER BLOQUEIO MECANICO FRAME 100 FIXO;1;R$ 28,60;4;9,75;R$ 2,78
SIBM630F;INTER BLOQUEIO MECANICO FRAME 630 FIXO;1;R$ 85,65;4;9,75;R$ 8,35
STM160;ISOLADOR ENTRE FASES FRAME 160A 3P;1;R$ 61,19;4;9,75;R$ 5,96
SD160SEPAR;ISOLADOR ENTRE FASES FRAME 160A 3P 2PÇS;1;R$ 20,40;4;9,75;R$ 1,98
S4TM160;ISOLADOR ENTRE FASES FRAME 160A 4P;1;R$ 79,55;4;9,75;R$ 7,75
S4D160SEPAR;ISOLADOR ENTRE FASES FRAME 160A 4P 4PÇS;1;R$ 30,60;4;9,75;R$ 2,98
STM250;ISOLADOR ENTRE FASES FRAME 250A 3P;1;R$ 69,77;4;9,75;R$ 6,80
SD250SEPAR;ISOLADOR ENTRE FASES FRAME 250A 3P 2PÇS;1;R$ 23,25;4;9,75;R$ 2,26
S4TM250;ISOLADOR ENTRE FASES FRAME 250A 4P;1;R$ 90,69;4;9,75;R$ 8,84
S4D250SEPAR;ISOLADOR ENTRE FASES FRAME 250A 4P 4PÇS;1;R$ 34,89;4;9,75;R$ 3,40
SD630SEPAR;ISOLADOR ENTRE FASES FRAME 400/630A 3P 2PÇS;1;R$ 30,23;4;9,75;R$ 2,94
S4D630SEPAR;ISOLADOR ENTRE FASES FRAME 400/630A 4P 4PÇS;1;R$ 45,35;4;9,75;R$ 4,42
STM630;ISOLADOR ENTRE FASES FRAME 630A 3P;1;R$ 90,69;4;9,75;R$ 8,84
S4TM630;ISOLADOR ENTRE FASES FRAME 630A 4P;1;R$ 117,92;4;9,75;R$ 11,49
SDJC1135;KIT C/ 3 TERM CASTANHA P/ DISJ CX MOLD 100A 1X35MM;1;R$ 15,48;4;10;R$ 1,54
SDJC1175;KIT C/ 3 TERM CASTANHA P/ DISJ CX MOLD 160A 1X75MM;1;R$ 42,12;4;10;R$ 4,21
SDJC41240;KIT C/ 3 TERM CASTANHA P/ DISJ CX MOLD 400A 1X240M;1;R$ 68,50;4;10;R$ 6,85
SDJC6125;KIT C/ 3 TERM CASTANHA P/ DISJ CX MOLD 63A 1X25MM;1;R$ 15,48;4;10;R$ 1,54
SMRER160;MANOP ROT PROLON ARREDOND FRAME 160A 3P;1;R$ 101,99;4;9,75;R$ 9,94
SMRER250;MANOP ROT PROLON ARREDOND FRAME 250A 3P;1;R$ 116,28;4;9,75;R$ 11,33
SMRER630;MANOP ROT PROLON ARREDOND FRAME 630A 3P;1;R$ 151,17;4;9,75;R$ 14,73
SMREQ160;MANOP ROT PROLON QUADRADO FRAME 160A 3P/4P;1;R$ 101,99;4;9,75;R$ 9,94
SMREQ250;MANOP ROT PROLON QUADRADO FRAME 250A 3P/4P;1;R$ 116,28;4;9,75;R$ 11,33
SMREQ630;MANOP ROT PROLON QUADRADO FRAME 630A 3P;1;R$ 151,17;4;9,75;R$ 14,73
SDJA100M;MOTOR DISJ CX MOLD FRAME 100 3P/4P 230VCA/220VCC;1;R$ 509,01;4;9,75;R$ 49,62
SDJA100Q;MOTOR DISJ CX MOLD FRAME 100 3P/4P 400VCA;1;R$ 532,23;4;9,75;R$ 51,89
SDJA1250Q;MOTOR DISJ CX MOLD FRAME 1250 400VCA;1;R$ 875,87;4;9,75;R$ 85,39
SDJA1600M;MOTOR DISJ CX MOLD FRAME 1600 230VCA;1;R$ 996,08;4;9,75;R$ 97,11
SDJA1600Q;MOTOR DISJ CX MOLD FRAME 1600 400VCA;1;R$ 996,08;4;9,75;R$ 97,11
SM160TM230;MOTOR DISJ CX MOLD FRAME 160A 230V~;1;R$ 305,96;4;9,75;R$ 29,83
SM160TM400;MOTOR DISJ CX MOLD FRAME 160A 400V~;1;R$ 305,96;4;9,75;R$ 29,83
SM250TM230;MOTOR DISJ CX MOLD FRAME 250A 230V~;1;R$ 453,50;4;9,75;R$ 44,21
SM250TM400;MOTOR DISJ CX MOLD FRAME 250A 400V~;1;R$ 453,50;4;9,75;R$ 44,21
SDJA250HM;MOTOR DISJ CX MOLD FRAME 250H 3P/4P 230VCA/220VCC;1;R$ 572,12;4;9,75;R$ 55,78
SDJA250HQ;MOTOR DISJ CX MOLD FRAME 250H 3P/4P 400VCA;1;R$ 572,12;4;9,75;R$ 55,78
SDJA250SM;MOTOR DISJ CX MOLD FRAME 250S 3P/4P 230VCA/220VCC;1;R$ 507,68;4;9,75;R$ 49,49
SDJA400M;MOTOR DISJ CX MOLD FRAME 400 3P/4P 230VCA/220VCC;1;R$ 927,94;4;9,75;R$ 90,47
SDJA400Q;MOTOR DISJ CX MOLD FRAME 400 3P/4P 400VCA;1;R$ 1.039,40;4;9,75;R$ 101,34
SDJA63M;MOTOR DISJ CX MOLD FRAME 63 3P/4P 230VCA/220VCC;1;R$ 433,09;4;9,75;R$ 42,22
SDJA63Q;MOTOR DISJ CX MOLD FRAME 63 3P/4P 400VCA;1;R$ 532,23;4;9,75;R$ 51,89
SDJA630M;MOTOR DISJ CX MOLD FRAME 630 3P/4P 230VCA/220VCC;1;R$ 932,98;4;9,75;R$ 90,96
SDJA630Q;MOTOR DISJ CX MOLD FRAME 630 3P/4P 400VCA;1;R$ 932,98;4;9,75;R$ 90,96
SM630TM230;MOTOR DISJ CX MOLD FRAME 630A 230V~;1;R$ 1.348,18;4;9,75;R$ 131,44
SM630TM400;MOTOR DISJ CX MOLD FRAME 630A 400V~;1;R$ 1.348,18;4;9,75;R$ 131,44
SDJA800M;MOTOR DISJ CX MOLD FRAME 800 3P/4P 230VCA;1;R$ 836,07;4;9,75;R$ 81,51
SDJA800Q;MOTOR DISJ CX MOLD FRAME 800 3P/4P 400VCA;1;R$ 788,67;4;9,75;R$ 76,89
SDJF100;SEPARADOR DE FASES FRAME 100 CONJ C/ 4 PCS;1;R$ 5,69;4;9,75;R$ 0,55
SDJF250H;SEPARADOR DE FASES FRAME 250H CONJ C/ 4 PCS;1;R$ 6,66;4;9,75;R$ 0,64
SDJF250S;SEPARADOR DE FASES FRAME 250S CONJ C/ 4 PCS;1;R$ 9,07;4;9,75;R$ 0,88
SDJF400;SEPARADOR DE FASES FRAME 400 CONJ C/ 4 PCS;1;R$ 17,72;4;9,75;R$ 1,72
SDJF63;SEPARADOR DE FASES FRAME 63 CONJ C/ 4 PCS;1;R$ 7,92;4;9,75;R$ 0,77
SDJF630;SEPARADOR DE FASES FRAME 630 CONJ C/ 4 PCS;1;R$ 27,07;4;9,75;R$ 2,63
SDJF800;SEPARADOR DE FASES FRAME 800 CONJ C/ 4 PCS;1;R$ 16,22;4;9,75;R$ 1,58
SDJTP120;TERM 120MM2 DJ CX MOLD 3 PCS 125-225A;1;R$ 65,29;7;9,75;R$ 6,36
SDJ4TP120;TERM 120MM2 DJ CX MOLD 4 PCS 125-225A;1;R$ 71,55;7;9,75;R$ 6,97
SDJTP150;TERM 150MM2 DJ CX MOLD 3 PCS 125-250A;1;R$ 65,29;7;9,75;R$ 6,36
SDJ4TP150;TERM 150MM2 DJ CX MOLD 4 PCS 125-250A;1;R$ 71,76;7;9,75;R$ 6,99
SDJTP16;TERM 16MM2 DJ CX MOLD 3 PCS 10-63A;1;R$ 29,80;7;9,75;R$ 2,90
SDJ4TP16;TERM 16MM2 DJ CX MOLD 4 PCS 10-63A;1;R$ 26,44;7;9,75;R$ 2,57
SDJTP185;TERM 185MM2 DJ CX MOLD 3 PCS 300A;1;R$ 71,01;7;9,75;R$ 6,92
SDJ4TP185;TERM 185MM2 DJ CX MOLD 4 PCS 300A;1;R$ 90,58;7;9,75;R$ 8,83
SDJTP240;TERM 240MM2 DJ CX MOLD 3 PCS 300-350A;1;R$ 76,74;7;9,75;R$ 7,48
SDJ4TP240;TERM 240MM2 DJ CX MOLD 4 PCS 300-350A;1;R$ 102,02;7;9,75;R$ 9,94
SDJTP25;TERM 25MM2 DJ CX MOLD 3 PCS 10-80A;1;R$ 29,53;7;9,75;R$ 2,87
SDJ4TP25;TERM 25MM2 DJ CX MOLD 4 PCS 10-80A;1;R$ 26,42;7;9,75;R$ 2,57
SDJTP35;TERM 35MM2 DJ CX MOLD 3 PCS 10-100A;1;R$ 27,68;7;9,75;R$ 2,69
SDJ4TP35;TERM 35MM2 DJ CX MOLD 4 PCS 10-100A;1;R$ 26,44;7;9,75;R$ 2,57
SDJTP50;TERM 50MM2 DJ CX MOLD 3 PCS 125A;1;R$ 43,53;7;9,75;R$ 4,24
SDJ4TP50;TERM 50MM2 DJ CX MOLD 4 PCS 125A;1;R$ 37,35;7;9,75;R$ 3,64
SDJ4TP70;TERM 70MM2 DJ CX MOLD 4 PCS 125-160A;1;R$ 37,53;7;9,75;R$ 3,65
SDJTP95;TERM 95MM2 DJ CX MOLD 3 PCS 125-200A;1;R$ 48,10;7;9,75;R$ 4,68
SDJ4TP95;TERM 95MM2 DJ CX MOLD 4 PCS 125-200A;1;R$ 49,76;7;9,75;R$ 4,85
SDJT100;TERMINAL EXTENSOR FRAME 100 CONJ C/ 3 PCS;1;R$ 33,66;4;9,75;R$ 3,28
SDJT1600;TERMINAL EXTENSOR FRAME 1600 3P;1;R$ 107,38;4;9,75;R$ 10,46
SDJT250;TERMINAL EXTENSOR FRAME 250 CONJ C/ 3 PCS;1;R$ 90,86;4;9,75;R$ 8,85
SDJT400;TERMINAL EXTENSOR FRAME 400 CONJ C/ 3 PCS;1;R$ 205,15;4;9,75;R$ 20,00
SDJT63;TERMINAL EXTENSOR FRAME 63 CONJ C/ 3 PCS;1;R$ 13,74;4;9,75;R$ 1,33
SDJT630;TERMINAL EXTENSOR FRAME 630 CONJ C/ 3 PCS;1;R$ 242,31;4;9,75;R$ 23,62
PRODUTO;DESCRICAO;LOTE MINIMO;PRECO;%ICMS;%IPI;IPI
SDJT800;TERMINAL EXTENSOR FRAME 800 CONJ C/ 3 PCS;1;R$ 518,50;4;9,75;R$ 50,55
SBA02;BLOCO AUXILIAR CHALLENGER CONT 06/12A 0NA+2NF;1;R$ 28,74;4;9,75;R$ 2,80
SBA04;BLOCO AUXILIAR CHALLENGER CONT 06/12A 0NA+4NF;1;R$ 16,22;4;9,75;R$ 1,58
SBA11;BLOCO AUXILIAR CHALLENGER CONT 06/12A 1NA+1NF;1;R$ 19,80;4;9,75;R$ 1,93
SBA13;BLOCO AUXILIAR CHALLENGER CONT 06/12A 1NA+3NF;1;R$ 14,31;4;9,75;R$ 1,39
SBA20;BLOCO AUXILIAR CHALLENGER CONT 06/12A 2NA+0NF;1;R$ 15,18;4;9,75;R$ 1,48
SBA22;BLOCO AUXILIAR CHALLENGER CONT 06/12A 2NA+2NF;1;R$ 22,88;4;9,75;R$ 2,23
SBA31;BLOCO AUXILIAR CHALLENGER CONT 06/12A 3NA+1NF;1;R$ 15,56;4;9,75;R$ 1,51
SBA40;BLOCO AUXILIAR CHALLENGER CONT 06/12A 4NA+0NF;1;R$ 24,47;4;9,75;R$ 2,38
ST32;BLOCO TEMPORIZADO AO REPOUSO 0.1 A 30s CHALLENGER;1;R$ 73,65;4;9,75;R$ 7,18
ST30;BLOCO TEMPORIZADO AO REPOUSO 0.1 A 3s CHALLENGER;1;R$ 61,72;4;9,75;R$ 6,01
ST34;BLOCO TEMPORIZADO AO REPOUSO 10 A 180s;1;R$ 168,68;4;9,75;R$ 16,44
ST22;BLOCO TEMPORIZADO AO TRABALHO 0.1 A 30s CHALLENGER;1;R$ 176,21;4;9,75;R$ 17,18
ST20;BLOCO TEMPORIZADO AO TRABALHO 0.1 A 3S CHALLENGER;1;R$ 95,43;4;9,75;R$ 9,30
ST24;BLOCO TEMPORIZADO AO TRABALHO 10 A 180s CHALLENGER;1;R$ 26,19;4;9,75;R$ 2,55
SB225G;BOBINA 127V~ 50/60Hz 1kV S-D2 185-225A;1;R$ 206,01;4;9,75;R$ 20,08
SB500M;BOBINA 220V~ 50/60HZ 1KV S-D2 500A;1;R$ 496,09;4;9,75;R$ 48,36
SB400M;BOBINA 220V~ 50/60Hz 1kV S-D2 400A;1;R$ 442,24;4;9,75;R$ 43,11
SB225Q;BOBINA 380V~ 50/60Hz 1kV S-D2 185-225A;1;R$ 104,18;4;9,75;R$ 10,15
SB330Q;BOBINA 380V~ 50/60Hz 1kV S-D2 265-330A;1;R$ 276,07;4;9,75;R$ 26,91
SB400Q;BOBINA 380V~ 50/60Hz 1kV S-D2 400A;1;R$ 442,26;4;9,75;R$ 43,12
SB225R;BOBINA 440V~ 50/60Hz 1kV S-D2 185-225A;1;R$ 207,00;4;9,75;R$ 20,18
SB330R;BOBINA 440V~ 50/60Hz 1kV S-D2 265-330A;1;R$ 353,83;4;9,75;R$ 34,49
SB400R;BOBINA 440V~ 50/60Hz 1kV S-D2 400A;1;R$ 453,61;4;9,75;R$ 44,22
SB500R;BOBINA 440V~ 50/60Hz 1kV S-D2 500A;1;R$ 524,43;4;9,75;R$ 51,13
SB630R;BOBINA 440V~ 50/60Hz 1kV S-D2 630A;1;R$ 727,07;4;9,75;R$ 70,88
SHX365S7;BOBINA 50/60 HZ 127V SK1 SERIE 40-65A;1;R$ 59,28;4;9,75;R$ 5,77
SHX338F7;BOBINA 50/60 HZ 110V SK1 SERIE 25-32A;1;R$ 30,97;4;9,75;R$ 3,01
SHX365F7;BOBINA 50/60 HZ 110V SK1 SERIE 40-65A;1;R$ 59,11;4;9,75;R$ 5,76
SHX395F7;BOBINA 50/60 HZ 110V SK1 SERIE 80-95A;1;R$ 54,15;4;9,75;R$ 5,27
SHX318F7;BOBINA 50/60 HZ 110V SK1 SERIE 9-18A;1;R$ 31,73;4;9,75;R$ 3,09
SHX395S7;BOBINA 50/60 HZ 127V SK1 SERIE 80-95A;1;R$ 55,86;4;9,75;R$ 5,44
SHX318S7;BOBINA 50/60 HZ 127V SK1 SERIE 9-18A;1;R$ 34,52;4;9,75;R$ 3,36
SHX338M7;BOBINA 50/60 HZ 220V SK1 SERIE 25-32A;1;R$ 32,03;4;9,75;R$ 3,12
SHX365M7;BOBINA 50/60 HZ 220V SK1 SERIE 40-65A;1;R$ 58,59;4;9,75;R$ 5,71
SHX395M7;BOBINA 50/60 HZ 220V SK1 SERIE 80-95A;1;R$ 55,82;4;9,75;R$ 5,44
SHX318M7;BOBINA 50/60 HZ 220V SK1 SERIE 9-18A;1;R$ 33,40;4;9,75;R$ 3,25
SHX338B7;BOBINA 50/60 HZ 24V SK1 SERIE 25-32A;1;R$ 34,31;4;9,75;R$ 3,34
SHX365B7;BOBINA 50/60 HZ 24V SK1 SERIE 40-65A;1;R$ 60,25;4;9,75;R$ 5,87
SHX395B7;BOBINA 50/60 HZ 24V SK1 SERIE 80-95A;1;R$ 57,15;4;9,75;R$ 5,57
SHX318B7;BOBINA 50/60 HZ 24V SK1 SERIE 9-18A;1;R$ 32,52;4;9,75;R$ 3,17
SHX338Q7;BOBINA 50/60 HZ 380V SK1 SERIE 25-32A;1;R$ 30,08;4;9,75;R$ 2,93
SHX365Q7;BOBINA 50/60 HZ 380V SK1 SERIE 40-65A;1;R$ 54,05;4;9,75;R$ 5,26
SHX395Q7;BOBINA 50/60 HZ 380V SK1 SERIE 80-95A;1;R$ 56,97;4;9,75;R$ 5,55
SHX318Q7;BOBINA 50/60 HZ 380V SK1 SERIE 9-18A;1;R$ 30,73;4;9,75;R$ 2,99
SHX338X7;BOBINA 50/60 HZ 440V SK1 SERIE 25-32A;1;R$ 32,63;4;9,75;R$ 3,18
SHX365X7;BOBINA 50/60 HZ 440V SK1 SERIE 40-65A;1;R$ 56,71;4;9,75;R$ 5,52
SHX395X7;BOBINA 50/60 HZ 440V SK1 SERIE 80-95A;1;R$ 68,32;4;9,75;R$ 6,66
SHX318X7;BOBINA 50/60 HZ 440V SK1 SERIE 9-18A;1;R$ 35,80;4;9,75;R$ 3,49
SHX365E7;BOBINA 50/60 HZ 48V SK1 SERIE 40-65A;1;R$ 83,08;4;9,75;R$ 8,10
SHX395E7;BOBINA 50/60 HZ 48V SK1 SERIE 80-95A;1;R$ 82,38;4;9,75;R$ 8,03
SHX318E7;BOBINA 50/60 HZ 48V SK1 SERIE 9-18A;1;R$ 48,03;4;9,75;R$ 4,68
SDE725A;BOBINA 50/60HZ 48V S-D1 SERIE 25~32A;1;R$ 29,36;4;9,75;R$ 2,86
SB150M;BOBINA CHALLENGER 220V~ 50/60HZ 1KV S-D2 115-150A;1;R$ 85,01;4;0;R$ 0,00
SB225M;BOBINA CHALLENGER 220V~ 50/60Hz 1kV S-D2 185-225A;1;R$ 205,45;4;0;R$ 0,00
SDF725A;BOBINA CHALLENGER 50/60HZ 110V S-D1 SERIE 25-32A;1;R$ 43,41;4;9,75;R$ 4,23
SDF740A;BOBINA CHALLENGER 50/60HZ 110V S-D1 SERIE 40-95A;1;R$ 29,81;4;9,75;R$ 2,90
SDG740A;BOBINA CHALLENGER 50/60HZ 127V S-D1 SERIE 40-95A;1;R$ 52,86;4;9,75;R$ 5,15
SDR725A;BOBINA CHALLENGER 50/60HZ 440V S-D1 SERIE 25-32A;1;R$ 7,49;4;9,75;R$ 0,73
SDE709A;BOBINA CHALLENGER 50/60HZ 48V S-D1 SERIE 9-18A;1;R$ 38,99;4;9,75;R$ 3,80
SCR622G;CONT AUX CHALLENGER 2NA 2NF BOB 127VCA 50/60HZ;1;R$ 36,00;4;3,25;R$ 1,17
SCR631G;CONT AUX CHALLENGER 3NA 1NF BOB 127VCA 50/60HZ;1;R$ 32,27;4;3,25;R$ 1,04
SCR631M;CONT AUX CHALLENGER 3NA 1NF BOB 220VCA 50/60HZ;1;R$ 36,47;4;3,25;R$ 1,18
SCR640G;CONT AUX CHALLENGER 4NA BOB 127VCA 50/60HZ;1;R$ 33,81;4;3,25;R$ 1,09
SCR640M;CONT AUX CHALLENGER 4NA BOB 220VCA 50/60HZ;1;R$ 33,52;4;3,25;R$ 1,08
SDM2502M;CONT MOD 0NA+2NF 25A 230VAC 50/60HZ BOB230V;1;R$ 64,26;4;3,25;R$ 2,08
SDM4002M;CONT MOD 0NA+2NF 40A 230VAC 50/60HZ BOB230V;1;R$ 113,19;4;3,25;R$ 3,67
SDM6302M;CONT MOD 0NA+2NF 63A 230VAC 50/60HZ BOB230V;1;R$ 160,93;4;3,25;R$ 5,23
SDM2504M;CONT MOD 0NA+4NF 25A 400VAC 50/60HZ BOB230V;1;R$ 82,11;4;3,25;R$ 2,66
SDM4004M;CONT MOD 0NA+4NF 40A 400VAC 50/60HZ BOB230V;1;R$ 144,64;4;3,25;R$ 4,70
SDM6304M;CONT MOD 0NA+4NF 63A 400VAC 50/60HZ BOB230V;1;R$ 172,42;4;3,25;R$ 5,60
SDM2511M;CONT MOD 1NA+1NF 25A 230VAC 50/60HZ BOB230V;1;R$ 64,26;4;3,25;R$ 2,08
SDM4011M;CONT MOD 1NA+1NF 40A 230VAC 50/60HZ BOB230V;1;R$ 113,19;4;3,25;R$ 3,67
SDM6311M;CONT MOD 1NA+1NF 63A 230VAC 50/60HZ BOB230V;1;R$ 160,93;4;3,25;R$ 5,23
SDM2520M;CONT MOD 2NA+0NF 25A 230VAC 50/60HZ BOB230V;1;R$ 64,26;4;3,25;R$ 2,08
SDM4020M;CONT MOD 2NA+0NF 40A 230VAC 50/60HZ BOB230V;1;R$ 113,19;4;3,25;R$ 3,67
SDM6320M;CONT MOD 2NA+0NF 63A 230VAC 50/60HZ BOB230V;1;R$ 160,93;4;3,25;R$ 5,23
SDM4022M;CONT MOD 2NA+2NF 40A 400VAC 50/60HZ BOB230V;1;R$ 144,64;4;3,25;R$ 4,70
SDM6322M;CONT MOD 2NA+2NF 63A 400VAC 50/60HZ BOB230V;1;R$ 172,42;4;3,25;R$ 5,60
SDM2531M;CONT MOD 3NA+1NF 25A 400VAC 50/60HZ BOB230V;1;R$ 82,11;4;3,25;R$ 2,66
SDM4031M;CONT MOD 3NA+1NF 40A 400VAC 50/60HZ BOB230V;1;R$ 144,64;4;3,25;R$ 4,70
SDM6331M;CONT MOD 3NA+1NF 63A 400VAC 50/60HZ BOB230V;1;R$ 172,42;4;3,25;R$ 5,60
SDM2540M;CONT MOD 4NA+0NF 25A 400VAC 50/60HZ BOB230V;1;R$ 82,11;4;3,25;R$ 2,66
SDM4040M;CONT MOD 4NA+0NF 40A 400VAC 50/60HZ BOB230V;1;R$ 144,64;4;3,25;R$ 4,70
SDM6340M;CONT MOD 4NA+0NF 63A 400VAC 50/60HZ BOB230V;1;R$ 172,42;4;3,25;R$ 5,60
SD109A01M;CONT POT CHALLENGER SD109 3P 1NF 660V BOB 220VCA;1;R$ 19,24;4;3,25;R$ 0,62
SD150A11M;CONT POT CHALLENGER SD150 3P 1NA+1NF 660VBOB220VCA;1;R$ 200,31;4;3,25;R$ 6,51
SD2115AF;CONT POT CHALLENGER SD2115 3P 1000V BOB 110VCA;1;R$ 560,60;4;3,25;R$ 18,21
SD2115AG;CONT POT CHALLENGER SD2115 3P 1000V BOB 127VCA;1;R$ 560,60;4;3,25;R$ 18,21
PRODUTO;DESCRICAO;LOTE MINIMO;PRECO;%ICMS;%IPI;IPI
SD2115AM;CONT POT CHALLENGER SD2115 3P 1000V BOB 220VCA;1;R$ 560,60;4;3,25;R$ 18,21
SD2115AQ;CONT POT CHALLENGER SD2115 3P 1000V BOB 380VCA;1;R$ 560,60;4;3,25;R$ 18,21
SD2150AF;CONT POT CHALLENGER SD2150 3P 1000V BOB 110VCA;1;R$ 757,68;4;3,25;R$ 24,62
SD2150AG;CONT POT CHALLENGER SD2150 3P 1000V BOB 127VCA;1;R$ 757,68;4;3,25;R$ 24,62
SD2150AM;CONT POT CHALLENGER SD2150 3P 1000V BOB 220VCA;1;R$ 757,68;4;3,25;R$ 24,62
SD2150AQ;CONT POT CHALLENGER SD2150 3P 1000V BOB 380VCA;1;R$ 757,68;4;3,25;R$ 24,62
SD2185AF;CONT POT CHALLENGER SD2185 3P 1000V BOB 110VCA;1;R$ 926,45;4;3,25;R$ 30,10
SD2185AM;CONT POT CHALLENGER SD2185 3P 1000V BOB 220VCA;1;R$ 926,45;4;3,25;R$ 30,10
SD2225AF;CONT POT CHALLENGER SD2225 3P 1000V BOB 110VCA;1;R$ 1.106,23;4;3,25;R$ 35,95
SD2225AM;CONT POT CHALLENGER SD2225 3P 1000V BOB 220VCA;1;R$ 1.106,23;4;3,25;R$ 35,95
SD2265AG;CONT POT CHALLENGER SD2265 3P 1000V BOB 127VCA;1;R$ 1.915,10;4;3,25;R$ 62,24
SD2265AM;CONT POT CHALLENGER SD2265 3P 1000V BOB 220VCA;1;R$ 1.915,10;4;3,25;R$ 62,24
SD2265AQ;CONT POT CHALLENGER SD2265 3P 1000V BOB 380VCA;1;R$ 1.915,10;4;3,25;R$ 62,24
SD2330AM;CONT POT CHALLENGER SD2330 3P 1000V BOB 220VCA;1;R$ 2.615,26;4;3,25;R$ 84,99
SD2400AM;CONT POT CHALLENGER SD2400 3P 1000V BOB 220VCA;1;R$ 2.944,75;4;3,25;R$ 95,70
SD2400AQ;CONT POT CHALLENGER SD2400 3P 1000V BOB 380VCA;1;R$ 2.944,75;4;3,25;R$ 95,70
SD2500AG;CONT POT CHALLENGER SD2500 3P 1000V BOB 127VCA;1;R$ 2.628,93;4;3,25;R$ 85,44
SD2500AM;CONT POT CHALLENGER SD2500 3P 1000V BOB 220VCA;1;R$ 4.366,34;4;3,25;R$ 141,90
SD2630AM;CONT POT CHALLENGER SD2630 3P 1000V BOB 220VCA;1;R$ 5.916,56;4;3,25;R$ 192,28
SK109A10F;CONT POT CHALLENGER SK109 3P 1NA 690V BOB 110VCA;1;R$ 40,85;4;3,25;R$ 1,32
SK109A10G;CONT POT CHALLENGER SK109 3P 1NA 690V BOB 127VCA;1;R$ 40,85;4;3,25;R$ 1,32
SK109A10M;CONT POT CHALLENGER SK109 3P 1NA 690V BOB 220VCA;1;R$ 40,85;4;3,25;R$ 1,32
SK109A10B;CONT POT CHALLENGER SK109 3P 1NA 690V BOB 24VCA;1;R$ 40,85;4;3,25;R$ 1,32
SK109A10Q;CONT POT CHALLENGER SK109 3P 1NA 690V BOB 380VCA;1;R$ 40,85;4;3,25;R$ 1,32
SK109A10R;CONT POT CHALLENGER SK109 3P 1NA 690V BOB 440VCA;1;R$ 40,85;4;3,25;R$ 1,32
SK109A01F;CONT POT CHALLENGER SK109 3P 1NF 690V BOB 110VCA;1;R$ 40,85;4;3,25;R$ 1,32
SK109A01G;CONT POT CHALLENGER SK109 3P 1NF 690V BOB 127VCA;1;R$ 35,90;4;3,25;R$ 1,16
SK109A01M;CONT POT CHALLENGER SK109 3P 1NF 690V BOB 220VCA;1;R$ 40,85;4;3,25;R$ 1,32
SK109A01B;CONT POT CHALLENGER SK109 3P 1NF 690V BOB 24VCA;1;R$ 40,85;4;3,25;R$ 1,32
SK112A10F;CONT POT CHALLENGER SK112 3P 1NA 690V BOB 110VCA;1;R$ 43,60;4;3,25;R$ 1,41
SK112A10G;CONT POT CHALLENGER SK112 3P 1NA 690V BOB 127VCA;1;R$ 43,60;4;3,25;R$ 1,41
SK112A10M;CONT POT CHALLENGER SK112 3P 1NA 690V BOB 220VCA;1;R$ 43,60;4;3,25;R$ 1,41
SK112A10B;CONT POT CHALLENGER SK112 3P 1NA 690V BOB 24VCA;1;R$ 43,60;4;3,25;R$ 1,41
SK112A10Q;CONT POT CHALLENGER SK112 3P 1NA 690V BOB 380VCA;1;R$ 43,60;4;3,25;R$ 1,41
SK112A10R;CONT POT CHALLENGER SK112 3P 1NA 690V BOB 440VCA;1;R$ 43,60;4;3,25;R$ 1,41
SK112A01G;CONT POT CHALLENGER SK112 3P 1NF 690V BOB 127VCA;1;R$ 43,60;4;3,25;R$ 1,41
SK112A01M;CONT POT CHALLENGER SK112 3P 1NF 690V BOB 220VCA;1;R$ 43,60;4;3,25;R$ 1,41
SK112A01B;CONT POT CHALLENGER SK112 3P 1NF 690V BOB 24VCA;1;R$ 43,60;4;3,25;R$ 1,41
SK112A01Q;CONT POT CHALLENGER SK112 3P 1NF 690V BOB 380VCA;1;R$ 43,60;4;3,25;R$ 1,41
SK118A10F;CONT POT CHALLENGER SK118 3P 1NA 690V BOB 110VCA;1;R$ 50,57;4;3,25;R$ 1,64
SK118A10G;CONT POT CHALLENGER SK118 3P 1NA 690V BOB 127VCA;1;R$ 50,57;4;3,25;R$ 1,64
SK118A10M;CONT POT CHALLENGER SK118 3P 1NA 690V BOB 220VCA;1;R$ 50,57;4;3,25;R$ 1,64
SK118A10B;CONT POT CHALLENGER SK118 3P 1NA 690V BOB 24VCA;1;R$ 50,57;4;3,25;R$ 1,64
SK118A10Q;CONT POT CHALLENGER SK118 3P 1NA 690V BOB 380VCA;1;R$ 50,57;4;3,25;R$ 1,64
SK118A10E;CONT POT CHALLENGER SK118 3P 1NA 690V BOB 48VCA;1;R$ 50,57;4;3,25;R$ 1,64
SK118A01M;CONT POT CHALLENGER SK118 3P 1NF 690V BOB 220VCA;1;R$ 50,57;4;3,25;R$ 1,64
SK118A01B;CONT POT CHALLENGER SK118 3P 1NF 690V BOB 24VCA;1;R$ 50,57;4;3,25;R$ 1,64
SK118A01Q;CONT POT CHALLENGER SK118 3P 1NF 690V BOB 380VCA;1;R$ 50,57;4;3,25;R$ 1,64
SK125A10F;CONT POT CHALLENGER SK125 3P 1NA 690V BOB 110VCA;1;R$ 71,41;4;3,25;R$ 2,32
SK125A10G;CONT POT CHALLENGER SK125 3P 1NA 690V BOB 127VCA;1;R$ 71,41;4;3,25;R$ 2,32
SK125A10M;CONT POT CHALLENGER SK125 3P 1NA 690V BOB 220VCA;1;R$ 71,41;4;3,25;R$ 2,32
SK125A10B;CONT POT CHALLENGER SK125 3P 1NA 690V BOB 24VCA;1;R$ 71,41;4;3,25;R$ 2,32
SK125A10Q;CONT POT CHALLENGER SK125 3P 1NA 690V BOB 380VCA;1;R$ 71,41;4;3,25;R$ 2,32
SK125A10R;CONT POT CHALLENGER SK125 3P 1NA 690V BOB 440VCA;1;R$ 71,41;4;3,25;R$ 2,32
SK125A01M;CONT POT CHALLENGER SK125 3P 1NF 690V BOB 220VCA;1;R$ 71,41;4;3,25;R$ 2,32
SK125A01Q;CONT POT CHALLENGER SK125 3P 1NF 690V BOB 380VCA;1;R$ 71,41;4;3,25;R$ 2,32
SK132A10M;CONT POT CHALLENGER SK132 3P 1NA 660V BOB 220VCA;1;R$ 101,48;4;3,25;R$ 3,29
SK132A10Q;CONT POT CHALLENGER SK132 3P 1NA 660V BOB 380VCA;1;R$ 101,48;4;3,25;R$ 3,29
SK132A10R;CONT POT CHALLENGER SK132 3P 1NA 660V BOB 440VCA;1;R$ 101,48;4;3,25;R$ 3,29
SK132A10F;CONT POT CHALLENGER SK132 3P 1NA 690V BOB 110VCA;1;R$ 101,48;4;3,25;R$ 3,29
SK132A10G;CONT POT CHALLENGER SK132 3P 1NA 690V BOB 127VCA;1;R$ 101,48;4;3,25;R$ 3,29
SK132A10B;CONT POT CHALLENGER SK132 3P 1NA 690V BOB 24VCA;1;R$ 101,48;4;3,25;R$ 3,29
SK132A10E;CONT POT CHALLENGER SK132 3P 1NA 690V BOB 48VCA;1;R$ 90,89;4;3,25;R$ 2,95
SK132A01M;CONT POT CHALLENGER SK132 3P 1NF 690V BOB 220VCA;1;R$ 101,48;4;3,25;R$ 3,29
SK132A01B;CONT POT CHALLENGER SK132 3P 1NF 690V BOB 24VCA;1;R$ 101,48;4;3,25;R$ 3,29
SK132A01Q;CONT POT CHALLENGER SK132 3P 1NF 690V BOB 380VCA;1;R$ 101,48;4;3,25;R$ 3,29
SK140A11F;CONT POT CHALLENGER SK140 3P 1NA+1NF 660V BOB 110V;1;R$ 125,77;4;3,25;R$ 4,08
SK140A11G;CONT POT CHALLENGER SK140 3P 1NA+1NF 660V BOB 127V;1;R$ 125,77;4;3,25;R$ 4,08
SK140A11M;CONT POT CHALLENGER SK140 3P 1NA+1NF 660V BOB 220V;1;R$ 125,77;4;3,25;R$ 4,08
SK140A11B;CONT POT CHALLENGER SK140 3P 1NA+1NF 660V BOB 24V;1;R$ 125,77;4;3,25;R$ 4,08
SK140A11Q;CONT POT CHALLENGER SK140 3P 1NA+1NF 660V BOB 380V;1;R$ 125,77;4;3,25;R$ 4,08
SK140A11R;CONT POT CHALLENGER SK140 3P 1NA+1NF 660V BOB 440V;1;R$ 125,77;4;3,25;R$ 4,08
SK140A11E;CONT POT CHALLENGER SK140 3P 1NA+1NF 660V BOB 48V;1;R$ 125,77;4;3,25;R$ 4,08
SK150A11F;CONT POT CHALLENGER SK150 3P 1NA+1NF 660V BOB 110V;1;R$ 207,74;4;3,25;R$ 6,75
SK150A11G;CONT POT CHALLENGER SK150 3P 1NA+1NF 660V BOB 127V;1;R$ 207,74;4;3,25;R$ 6,75
SK150A11M;CONT POT CHALLENGER SK150 3P 1NA+1NF 660V BOB 220V;1;R$ 207,74;4;3,25;R$ 6,75
SK150A11B;CONT POT CHALLENGER SK150 3P 1NA+1NF 660V BOB 24V;1;R$ 207,74;4;3,25;R$ 6,75
SK150A11Q;CONT POT CHALLENGER SK150 3P 1NA+1NF 660V BOB 380V;1;R$ 207,74;4;3,25;R$ 6,75
SK150A11E;CONT POT CHALLENGER SK150 3P 1NA+1NF 660V BOB 48V;1;R$ 178,66;4;3,25;R$ 5,80
SK165A11F;CONT POT CHALLENGER SK165 3P 1NA+1NF 660V BOB 110V;1;R$ 229,89;4;3,25;R$ 7,47
SK165A11G;CONT POT CHALLENGER SK165 3P 1NA+1NF 660V BOB 127V;1;R$ 229,89;4;3,25;R$ 7,47
SK165A11M;CONT POT CHALLENGER SK165 3P 1NA+1NF 660V BOB 220V;1;R$ 229,89;4;3,25;R$ 7,47
SK165A11B;CONT POT CHALLENGER SK165 3P 1NA+1NF 660V BOB 24V;1;R$ 229,89;4;3,25;R$ 7,47
SK165A11Q;CONT POT CHALLENGER SK165 3P 1NA+1NF 660V BOB 380V;1;R$ 229,89;4;3,25;R$ 7,47
SK165A11R;CONT POT CHALLENGER SK165 3P 1NA+1NF 660V BOB 440V;1;R$ 229,89;4;3,25;R$ 7,47
SK180A11F;CONT POT CHALLENGER SK180 3P 1NA+1NF 660V BOB 110V;1;R$ 314,06;4;3,25;R$ 10,20
SK180A11G;CONT POT CHALLENGER SK180 3P 1NA+1NF 660V BOB 127V;1;R$ 314,06;4;3,25;R$ 10,20
SK180A11M;CONT POT CHALLENGER SK180 3P 1NA+1NF 660V BOB 220V;1;R$ 314,06;4;3,25;R$ 10,20
SK180A11B;CONT POT CHALLENGER SK180 3P 1NA+1NF 660V BOB 24VC;1;R$ 314,06;4;3,25;R$ 10,20
PRODUTO;DESCRICAO;LOTE MINIMO;PRECO;%ICMS;%IPI;IPI
SK180A11Q;CONT POT CHALLENGER SK180 3P 1NA+1NF 660V BOB 380V;1;R$ 314,06;4;3,25;R$ 10,20
SK195A11F;CONT POT CHALLENGER SK195 3P 1NA+1NF 660V BOB 110V;1;R$ 457,25;4;3,25;R$ 14,86
SK195A11G;CONT POT CHALLENGER SK195 3P 1NA+1NF 660V BOB 127V;1;R$ 457,25;4;3,25;R$ 14,86
SK195A11M;CONT POT CHALLENGER SK195 3P 1NA+1NF 660V BOB 220V;1;R$ 457,25;4;3,25;R$ 14,86
SK195A11B;CONT POT CHALLENGER SK195 3P 1NA+1NF 660V BOB 24VC;1;R$ 457,25;4;3,25;R$ 14,86
SCAUX160;CONTATO AUXILIAR 1NA+1NF FRAME 160A 3P;1;R$ 44,56;4;3,25;R$ 1,44
SCAUX250;CONTATO AUXILIAR 1NA+1NF FRAME 250A 3P;1;R$ 50,80;4;3,25;R$ 1,65
SCAUX630;CONTATO AUXILIAR 1NA+1NF FRAME 630A 3P;1;R$ 66,05;4;3,25;R$ 2,14
SCAUX160W;CONTATO AUXILIAR C/ FIO 1NA+1NF FRAME 160A E;1;R$ 44,56;4;3,25;R$ 1,44
SCAUX250W;CONTATO AUXILIAR C/ FIO 1NA+1NF FRAME 250A E;1;R$ 50,80;4;3,25;R$ 1,65
SCAUX630W;CONTATO AUXILIAR C/ FIO 1NA+1NF FRAME 400/630A E;1;R$ 66,05;4;3,25;R$ 2,14
SF02;CONTATO AUXILIAR FRONTAL 0NA+2NF CHALLENGER;1;R$ 12,57;4;9,75;R$ 1,22
SF04;CONTATO AUXILIAR FRONTAL 0NA+4NF CHALLENGER;1;R$ 19,94;4;9,75;R$ 1,94
SF11;CONTATO AUXILIAR FRONTAL 1NA+1NF CHALLENGER;1;R$ 14,59;4;9,75;R$ 1,42
SF13;CONTATO AUXILIAR FRONTAL 1NA+3NF CHALLENGER;1;R$ 21,35;4;9,75;R$ 2,08
SF20;CONTATO AUXILIAR FRONTAL 2NA+0NF CHALLENGER;1;R$ 14,29;4;9,75;R$ 1,39
SF22;CONTATO AUXILIAR FRONTAL 2NA+2NF CHALLENGER;1;R$ 19,07;4;9,75;R$ 1,85
SF31;CONTATO AUXILIAR FRONTAL 3NA+1NF CHALLENGER;1;R$ 19,17;4;9,75;R$ 1,86
SF40;CONTATO AUXILIAR FRONTAL 4NA+0NF CHALLENGER;1;R$ 19,86;4;9,75;R$ 1,93
SL02;CONTATO AUXILIAR LATERAL 0NA+2NF CHALLENGER;1;R$ 11,86;4;9,75;R$ 1,15
SL11;CONTATO AUXILIAR LATERAL 1NA+1NF CHALLENGER;1;R$ 26,41;4;9,75;R$ 2,57
SL20;CONTATO AUXILIAR LATERAL 2NA+0NF CHALLENGER;1;R$ 25,39;4;9,75;R$ 2,47
SDM2520F;CONTATOR MODULAR 2NA+0NF 25A 110VAC 50/60HZ;1;R$ 132,90;4;3,25;R$ 4,31
SK1120F;Contator SK1 120A 2NA+2NF AC/DC 110V 50/60Hz;1;R$ 599,84;4;3,25;R$ 19,49
SK1120G;Contator SK1 120A 2NA+2NF AC/DC 127V 50/60Hz;1;R$ 599,84;4;3,25;R$ 19,49
SK1120M;Contator SK1 120A 2NA+2NF AC/DC 230V 50/60Hz;1;R$ 599,84;4;3,25;R$ 19,49
SK1120Q;Contator SK1 120A 2NA+2NF AC/DC 380/400V 50/60Hz;1;R$ 599,84;4;3,25;R$ 19,49
SK1160F;Contator SK1 160A 2NA+2NF AC/DC 110V 50/60Hz;1;R$ 795,56;4;3,25;R$ 25,85
SK1160G;Contator SK1 160A 2NA+2NF AC/DC 127V 50/60Hz;1;R$ 795,56;4;3,25;R$ 25,85
SK1160M;Contator SK1 160A 2NA+2NF AC/DC 230V 50/60Hz;1;R$ 795,56;4;3,25;R$ 25,85
SK1160Q;Contator SK1 160A 2NA+2NF AC/DC 380/400V 50/60Hz;1;R$ 795,56;4;3,25;R$ 25,85
SK1185F;Contator SK1 185A 2NA+2NF AC/DC 110V 50/60Hz;1;R$ 972,76;4;3,25;R$ 31,61
SK1185G;Contator SK1 185A 2NA+2NF AC/DC 127V 50/60Hz;1;R$ 972,76;4;3,25;R$ 31,61
SK1185M;Contator SK1 185A 2NA+2NF AC/DC 230V 50/60Hz;1;R$ 972,76;4;3,25;R$ 31,61
SK1185Q;Contator SK1 185A2NA+2NF AC/DC 380/400V 50/60Hz;1;R$ 972,76;4;3,25;R$ 31,61
SK1225F;Contator SK1 225A 2NA+2NF AC/DC 110V 50/60Hz;1;R$ 1.161,54;4;3,25;R$ 37,75
SK1225G;Contator SK1 225A 2NA+2NF AC/DC 127V 50/60Hz;1;R$ 1.161,54;4;3,25;R$ 37,75
SK1225M;Contator SK1 225A 2NA+2NF AC/DC 230V 50/60Hz;1;R$ 1.161,54;4;3,25;R$ 37,75
SK1225Q;Contator SK1 225A 2NA+2NF AC/DC 380/400V 50/60Hz;1;R$ 1.161,54;4;3,25;R$ 37,75
SK1265F;Contator SK1 265A 2NA+2NF AC/DC 110V 50/60Hz;1;R$ 2.010,86;4;3,25;R$ 65,35
SK1265G;Contator SK1 265A 2NA+2NF AC/DC 127V 50/60Hz;1;R$ 2.010,86;4;3,25;R$ 65,35
SK1265M;Contator SK1 265A 2NA+2NF AC/DC 230V 50/60Hz;1;R$ 2.010,86;4;3,25;R$ 65,35
SK1265Q;Contator SK1 265A 2NA+2NF AC/DC 380/400V 50/60Hz;1;R$ 2.010,86;4;3,25;R$ 65,35
SK1330F;Contator SK1 330A 2NA+2NF AC/DC 110V 50/60Hz;1;R$ 2.746,01;4;3,25;R$ 89,24
SK1330G;Contator SK1 330A 2NA+2NF AC/DC 127V 50/60Hz;1;R$ 2.746,01;4;3,25;R$ 89,24
SK1330M;Contator SK1 330A 2NA+2NF AC/DC 230V 50/60Hz;1;R$ 2.746,01;4;3,25;R$ 89,24
SK1330Q;Contator SK1 330A 2NA+2NF AC/DC 380/400V 50/60Hz;1;R$ 2.746,01;4;3,25;R$ 89,24
SK1400G;Contator SK1 400A 2NA+2NF AC/DC 127V 50/60Hz;1;R$ 3.091,98;4;3,25;R$ 100,48
SK1400M;Contator SK1 400A 2NA+2NF AC/DC 230V 50/60Hz;1;R$ 3.091,98;4;3,25;R$ 100,48
SK1400Q;Contator SK1 400A 2NA+2NF AC/DC 380/400V 50/60Hz;1;R$ 3.091,98;4;3,25;R$ 100,48
SMIF;INTERBLOQUEIO MECANICO CHALLENGER S-D2 115-150A;1;R$ 9,30;4;9,75;R$ 0,90
SMIG;INTERBLOQUEIO MECANICO CHALLENGER S-D2 185-225A;1;R$ 11,87;4;9,75;R$ 1,15
SMIH;INTERBLOQUEIO MECANICO CHALLENGER S-D2 265-330A;1;R$ 36,17;4;9,75;R$ 3,52
SMIL;INTERBLOQUEIO MECANICO CHALLENGER S-D2 630A;1;R$ 36,46;4;9,75;R$ 3,55
SMI2D;INTERBLOQUEIO MECANICO CHALLENGER SD1 40-95A;1;R$ 75,24;4;9,75;R$ 7,33
SMI1D;INTERBLOQUEIO MECANICO CHALLENGER SD1 9-32A;1;R$ 37,49;4;9,75;R$ 3,65
SMIK;INTERBLOQUEIO MECANICO S-D2 400~500A;1;R$ 19,73;4;9,75;R$ 1,92
SKIH;Intertravamento mecanico lateral para contator SK1;100;R$ 0,20;4;9,75;R$ 0,01
SKIF;Intertravamento mecanico lateral para contator SK1;100;R$ 0,20;4;9,75;R$ 0,01
SKIG;Intertravamento mecanico lateral para contator SK1;100;R$ 0,20;4;9,75;R$ 0,01
SJ115D;JOGO DE CONTATOS S-D2115A;1;R$ 410,86;4;3,25;R$ 13,35
SJ150D;JOGO DE CONTATOS S-D2150A;1;R$ 572,05;4;3,25;R$ 18,59
SJ185D;JOGO DE CONTATOS S-D2185A;1;R$ 810,03;4;3,25;R$ 26,32
SJ225D;JOGO DE CONTATOS S-D2225A;1;R$ 824,06;4;3,25;R$ 26,78
SJ265D;JOGO DE CONTATOS S-D2265A;1;R$ 1.011,15;4;3,25;R$ 32,86
SC06A01G30;MINI CONT 06A 3P NA + 1NF AUX 127V 50/60HZ;1;R$ 43,43;4;3,25;R$ 1,41
SC12A10B30;MINI CONT 12A 3P NA + 1NA AUX 24V 50/60HZ;1;R$ 49,38;4;3,25;R$ 1,60
SC12A01M30;MINI CONT 12A 3P NA + 1NF AUX 220V 50/60HZ;1;R$ 61,59;4;3,25;R$ 2,00
SC12A01B30;MINI CONT 12A 3P NA + 1NF AUX 24V 50/60HZ;1;R$ 52,49;4;3,25;R$ 1,70
SC12A10F30;MINI CONT CHALLENGER 12A 3NA +1NA AUX 110V 50/60HZ;1;R$ 66,02;4;3,25;R$ 2,14
SC12A10M30;MINI CONT CHALLENGER 12A 3NA +1NA AUX 220V 50/60HZ;1;R$ 53,99;4;3,25;R$ 1,75
SC06A00M22;MINI CONT CHALLENGER 6A 2NA+2NF S/AUX 220V 50/60HZ;1;R$ 40,47;4;3,25;R$ 1,31
SC06A10F30;MINI CONT CHALLENGER 6A 3NA + 1NA AUX 110V 50/60HZ;1;R$ 35,62;4;3,25;R$ 1,15
SC06A10G30;MINI CONT CHALLENGER 6A 3NA + 1NA AUX 127V 50/60HZ;1;R$ 43,43;4;3,25;R$ 1,41
SC06A10M30;MINI CONT CHALLENGER 6A 3NA + 1NA AUX 220V 50/60HZ;1;R$ 38,85;4;3,25;R$ 1,26
SC06A10B30;MINI CONT CHALLENGER 6A 3NA + 1NA AUX 24V 50/60HZ;1;R$ 29,36;4;3,25;R$ 0,95
SC06A10Q30;MINI CONT CHALLENGER 6A 3NA + 1NA AUX 380V 50/60HZ;1;R$ 34,85;4;3,25;R$ 1,13
SC06A01F30;MINI CONT CHALLENGER 6A 3NA + 1NF AUX 110V 50/60HZ;1;R$ 36,64;4;3,25;R$ 1,19
SC06A01M30;MINI CONT CHALLENGER 6A 3NA + 1NF AUX 220V 50/60HZ;1;R$ 38,28;4;3,25;R$ 1,24
SC06A01B30;MINI CONT CHALLENGER 6A 3NA + 1NF AUX 24V 50/60HZ;1;R$ 35,88;4;3,25;R$ 1,16
SC09A10F30;MINI CONT CHALLENGER 9A 3NA + 1NA AUX 110V 50/60HZ;1;R$ 42,73;4;3,25;R$ 1,38
SC09A10G30;MINI CONT CHALLENGER 9A 3NA + 1NA AUX 127V 50/60HZ;1;R$ 40,86;4;3,25;R$ 1,32
SC09A10M30;MINI CONT CHALLENGER 9A 3NA + 1NA AUX 220V 50/60HZ;1;R$ 44,85;4;3,25;R$ 1,45
SC09A10B30;MINI CONT CHALLENGER 9A 3NA + 1NA AUX 24V 50/60HZ;1;R$ 42,63;4;3,25;R$ 1,38
SC09A10Q30;MINI CONT CHALLENGER 9A 3NA + 1NA AUX 380V 50/60HZ;1;R$ 41,10;4;3,25;R$ 1,33
SC09A01F30;MINI CONT CHALLENGER 9A 3NA + 1NF AUX 110V 50/60HZ;1;R$ 42,58;4;3,25;R$ 1,38
SC09A01G30;MINI CONT CHALLENGER 9A 3NA + 1NF AUX 127V 50/60HZ;1;R$ 50,98;4;3,25;R$ 1,65
SC09A01M30;MINI CONT CHALLENGER 9A 3NA + 1NF AUX 220V 50/60HZ;1;R$ 43,69;4;3,25;R$ 1,41
SC09A01B30;MINI CONT CHALLENGER 9A 3NA + 1NF AUX 24V 50/60HZ;1;R$ 49,96;4;3,25;R$ 1,62
PRODUTO;DESCRICAO;LOTE MINIMO;PRECO;%ICMS;%IPI;IPI
SC09A01Q30;MINI CONT CHALLENGER 9A 3NA + 1NF AUX 380V 50/60HZ;1;R$ 40,17;4;3,25;R$ 1,30
SHPCS65;TAMPA DE PROTEÇAO TRANSPARENTE SK1 40-65A;1;R$ 3,31;4;9,75;R$ 0,32
SHPCS38;TAMPA DE PROTEÇAO TRANSPARENTE SK1 9-32A;1;R$ 2,66;4;9,75;R$ 0,25
CS91322NCOG;1HP MANUAL (START 120/150 RUN 1X50 MFD CS91322NCOG;1;R$ 68,92;4;9,75;R$ 6,71
S4606KIT;KIT TAMPA TRAVA BQ 125/200A;1;R$ 142,23;7;9,75;R$ 13,86
NS868030;MODULO INTERRUPTOR BIPOLAR SIMPLES 10A 250V~;1;R$ 319,15;7;9,75;R$ 31,11
SPW101;MÓDULO TOMADA 2P+T 10A 250V~;1;R$ 135,45;7;9,75;R$ 13,20
SUPM600BI;UPS STECK MONOFÁSICO 600VA BIVOLT 120/220V;1;R$ 202,56;4;0;R$ 0,00
SUPM600120;UPS STECK MONOFÁSICO 600VA MONOVOLT 120V;1;R$ 178,35;7;9,75;R$ 17,38
SUPM600220;UPS STECK MONOFÁSICO 600VA MONOVOLT 220V;1;R$ 172,17;4;0;R$ 0,00
SUPM800BI;UPS STECK MONOFÁSICO 800VA BIVOLT 120/220V;1;R$ 232,37;4;0;R$ 0,00
SUPM800120;UPS STECK MONOFÁSICO 800VA MONOVOLT 120V;1;R$ 209,14;4;0;R$ 0,00
SUPM800220;UPS STECK MONOFÁSICO 800VA MONOVOLT 220V;1;R$ 209,14;4;0;R$ 0,00
S431611;CAIXA DE SOBREPOR PARA 1 MODULO PRETA;1;R$ 5,37;7;3,25;R$ 0,17
S432621;CAIXA DE SOBREPOR PARA 2 MODULOS PRETA;1;R$ 5,37;7;3,25;R$ 0,17
S432901;CAIXA SOBRE INT SIM + TOM BR 2P+T 10A PT;1;R$ 16,77;7;9,75;R$ 1,63
S431001;CAIXA SOBREPOR 1 INT SIM 10AX 250V PT;1;R$ 10,23;7;3,25;R$ 0,33
S431101;CAIXA SOBREPOR 1 TOM BR 2P+T 10A 250V PT;1;R$ 11,84;7;9,75;R$ 1,15
S431111;CAIXA SOBREPOR 1 TOM BR 2P+T 20A 250V PT;1;R$ 12,58;7;9,75;R$ 1,22
S432001;CAIXA SOBREPOR 2 INT SIM 10AX 250V PT;1;R$ 15,17;7;3,25;R$ 0,49
S432101;CAIXA SOBREPOR 2 TOM BR 2P+T 10A 250V PT;1;R$ 18,11;7;9,75;R$ 1,76
S412920;CONJ 1 INTER PARAL +1 TOM BR 2P+T 10A BC BRILHANTE;1;R$ 15,11;7;9,75;R$ 1,47
S412927;CONJ 1 INTER PARAL 1 TOM BR 2P+T 10A BC FOSCO;1;R$ 14,03;7;9,75;R$ 1,36
S412027;CONJ 1 INTER SIMP + 1 INTER PARAL 10AX BC FOSCO;1;R$ 13,71;7;3,25;R$ 0,44
S413007;CONJ 1 INTER SIMP + 2 INTER PARAL 10AX BC FOSCO;1;R$ 20,30;7;3,25;R$ 0,65
S412900;CONJ 1 INTER SIMP +1 TOM BR 2P+T 10A BC BRILHANTE;1;R$ 12,67;7;9,75;R$ 1,23
S412907;CONJ 1 INTER SIMP +1 TOM BR 2P+T 10A BC FOSCO;1;R$ 11,77;7;9,75;R$ 1,14
S412901;CONJ 1 INTER SIMP +1 TOM BR 2P+T 10A GRAF FOSCO;1;R$ 13,93;7;9,75;R$ 1,35
S413900;CONJ 2 INTER SIMP +1 TOM BR 2P+T 10A BC BRILHANTE;1;R$ 16,84;7;9,75;R$ 1,64
S413907;CONJ 2 INTER SIMP +1 TOM BR 2P+T 10A BC FOSCO;1;R$ 15,64;7;9,75;R$ 1,52
S413901;CONJ 2 INTER SIMP +1 TOM BR 2P+T 10A GRAF FOSCO;1;R$ 21,06;7;9,75;R$ 2,05
S412000;CONJ 2 INTER SIMP 10AX BC BRILHANTE;1;R$ 12,02;7;3,25;R$ 0,39
S412007;CONJ 2 INTER SIMP 10AX BC FOSCO;1;R$ 11,28;7;3,25;R$ 0,36
S412001;CONJ 2 INTER SIMP 10AX GRAF FOSCO;1;R$ 14,43;7;3,25;R$ 0,46
S412010;CONJ 2 INTERRRUP PARAL 10AX BC BRILHANTE;1;R$ 17,20;7;3,25;R$ 0,55
S412017;CONJ 2 INTERRRUP PARAL 10AX BC FOSCO;1;R$ 16,14;7;3,25;R$ 0,52
S412100;CONJ 2 TOMADAS BR 2P+T 10A BC BRILHANTE;1;R$ 14,03;7;9,75;R$ 1,36
S412107;CONJ 2 TOMADAS BR 2P+T 10A BC FOSCO;1;R$ 13,03;7;9,75;R$ 1,27
S412101;CONJ 2 TOMADAS BR 2P+T 10A GRAF FOSCO;1;R$ 15,43;7;9,75;R$ 1,50
S413037;CONJ 3 INTER PARAL 10AX BC FOSCO;1;R$ 22,73;7;3,25;R$ 0,73
S413020;CONJ 3 INTERRRUP SIMP 10AX BC BRILHANTE;1;R$ 16,45;7;3,25;R$ 0,53
S413027;CONJ 3 INTERRRUP SIMP 10AX BC FOSCO;1;R$ 15,45;7;3,25;R$ 0,50
S413021;CONJ 3 INTERRRUP SIMP 10AX GRAF FOSCO;1;R$ 19,74;7;3,25;R$ 0,64
S411057;CONJ INTER BIPOL SIMP 25AX BC FOSCO;1;R$ 37,15;7;3,25;R$ 1,20
S411010;CONJ INTER PARAL 10AX BC BRILHANTE;1;R$ 7,33;7;3,25;R$ 0,23
S411017;CONJ INTER PARAL 10AX BC FOSCO;1;R$ 6,58;7;3,25;R$ 0,21
S411011;CONJ INTER PARAL 10AX GRAF FOSCO;1;R$ 9,53;7;3,25;R$ 0,30
S411000;CONJ INTER SIMP 10AX BC BRILHANTE;1;R$ 5,55;7;3,25;R$ 0,18
S411007;CONJ INTER SIMP 10AX BC FOSCO;1;R$ 4,96;7;3,25;R$ 0,16
S411001;CONJ INTER SIMP 10AX GRAF FOSCO;1;R$ 7,50;7;3,25;R$ 0,24
S411307;CONJ MOD CAMPAINHA CIGARRA 127V BC FOSCO;1;R$ 20,24;7;9,75;R$ 1,97
S411317;CONJ MOD CAMPAINHA CIGARRA 220V BC FOSCO;1;R$ 20,24;7;9,75;R$ 1,97
S411020;CONJ PULS PARA CAMPAINHA 10A BC BRILHANTE;1;R$ 10,35;7;3,25;R$ 0,33
S411027;CONJ PULS PARA CAMPAINHA 10A BC FOSCO;1;R$ 9,62;7;3,25;R$ 0,31
S411400;CONJ SAIDA DE FIO BC BRILHANTE;1;R$ 4,16;7;3,25;R$ 0,13
S411407;CONJ SAIDA DE FIO BC FOSCO;1;R$ 3,90;7;3,25;R$ 0,12
S411401;CONJ SAIDA DE FIO GRAF FOSCO;1;R$ 5,40;7;3,25;R$ 0,17
S411207;CONJ TOM ANT TV P CABO COAXIAL 9MM BC FOSCO;1;R$ 11,93;7;6,5;R$ 0,77
S411100;CONJ TOMADA BR 2P+T 10A BC BRILHANTE;1;R$ 6,29;7;9,75;R$ 0,61
S411107;CONJ TOMADA BR 2P+T 10A BC FOSCO;1;R$ 5,57;7;9,75;R$ 0,54
S411101;CONJ TOMADA BR 2P+T 10A GRAF FOSCO;1;R$ 7,55;7;9,75;R$ 0,73
S411110;CONJ TOMADA BR 2P+T 20A BC BRILHANTE;1;R$ 9,07;7;9,75;R$ 0,88
S411117;CONJ TOMADA BR 2P+T 20A BC FOSCO;1;R$ 8,52;7;9,75;R$ 0,83
S411111;CONJ TOMADA BR 2P+T 20A GRAF FOSCO;1;R$ 10,90;7;9,75;R$ 1,06
S411210;CONJ TOMADA RJ11 (2 F) BC BRILHANTE;1;R$ 12,74;7;7,5;R$ 0,95
S411217;CONJ TOMADA RJ11 (2 F) BC FOSCO;1;R$ 11,83;7;7,5;R$ 0,88
S411211;CONJ TOMADA RJ11 (2 F) GRAF FOSCO;1;R$ 15,28;7;7,5;R$ 1,14
S401520;MOD 2 TOM USB 2.1A 127/220V TP A 2M BC BRILHANTE;1;R$ 49,29;7;9,75;R$ 4,80
S403207;MOD CAMP ELETR 2 TONS 90 A 230V 3 F 3M BC FOSCO;1;R$ 44,12;7;9,75;R$ 4,30
S403100;MOD CAMPAINHA CIGARRA 127V 1M BC BRILHANTE;1;R$ 18,84;7;9,75;R$ 1,83
S403107;MOD CAMPAINHA CIGARRA 127V 1M BC FOSCO;1;R$ 17,65;7;9,75;R$ 1,72
S403110;MOD CAMPAINHA CIGARRA 220V 1M BC BRILHANTE;1;R$ 18,84;7;9,75;R$ 1,83
S403117;MOD CAMPAINHA CIGARRA 220V 1M BC FOSCO;1;R$ 17,65;7;9,75;R$ 1,72
S404107;MOD CEGO 1M (EMB 2 PECAS) BC FOSCO;1;R$ 1,89;7;3,25;R$ 0,06
S404101;MOD CEGO 1M (EMB 2 PECAS) GRAF FOSCO;1;R$ 2,10;7;3,25;R$ 0,06
S404100;MOD CEGO 1M (EMB2 PECAS) BC BRILHANTE;1;R$ 2,02;7;3,25;R$ 0,06
S405100;MOD DIMMER ROTAT 127V 300W P LAMP RESIST 1M BC BRI;1;R$ 33,34;7;3,25;R$ 1,08
S405107;MOD DIMMER ROTAT 127V 300W P LAMP RESIST 1M BCFOSC;1;R$ 31,25;7;3,25;R$ 1,01
S405110;MOD DIMMER ROTAT 220V 600W P LAMP RESIST 1M BC BRI;1;R$ 33,34;7;3,25;R$ 1,08
S405117;MOD DIMMER ROTAT 220V 600W P LAMP RESIST 1M BC FOS;1;R$ 31,25;7;3,25;R$ 1,01
S400420;MOD INTER BIPOL PARAL 10AX 1M BC BRILHANTE;1;R$ 20,44;7;3,25;R$ 0,66
S400427;MOD INTER BIPOL PARAL 10AX 1M BC FOSCO;1;R$ 19,57;7;3,25;R$ 0,63
S400400;MOD INTER BIPOL SIMP 10AX 1M BC BRILHANTE;1;R$ 16,72;7;3,25;R$ 0,54
S400407;MOD INTER BIPOL SIMP 10AX 1M BC FOSCO;1;R$ 15,66;7;3,25;R$ 0,50
S400410;MOD INTER BIPOL SIMP 25AX 1M BC BRILHANTE;1;R$ 35,69;7;3,25;R$ 1,15
S400417;MOD INTER BIPOL SIMP 25AX 1M BC FOSCO;1;R$ 33,44;7;3,25;R$ 1,08
S400500;MOD INTER INTER 10AX 1M BC BRILHANTE;1;R$ 18,83;7;3,25;R$ 0,61
S400507;MOD INTER INTER 10AX 1M BC FOSCO;1;R$ 18,14;7;3,25;R$ 0,58
S400501;MOD INTER INTER 10AX 1M GRAF FOSCO;1;R$ 21,47;7;3,25;R$ 0,69
PRODUTO;DESCRICAO;LOTE MINIMO;PRECO;%ICMS;%IPI;IPI
S400200;MOD INTER PARAL 10AX 1M BC BRILHANTE;1;R$ 6,55;7;3,25;R$ 0,21
S400207;MOD INTER PARAL 10AX 1M BC FOSCO;1;R$ 5,98;7;3,25;R$ 0,19
S400201;MOD INTER PARAL 10AX 1M GRAF FOSCO;1;R$ 7,38;7;3,25;R$ 0,23
S400100;MOD INTER SIMP 10AX 1M BC BRILHANTE;1;R$ 4,43;7;3,25;R$ 0,14
S400107;MOD INTER SIMP 10AX 1M BC FOSCO;1;R$ 4,17;7;3,25;R$ 0,13
S400101;MOD INTER SIMP 10AX 1M GRAF FOSCO;1;R$ 4,66;7;3,25;R$ 0,15
S400310;MOD PULS PARA CAMPAINHA 10A 1M BC BRILHANTE;1;R$ 6,93;7;3,25;R$ 0,22
S400317;MOD PULS PARA CAMPAINHA 10A 1M BC FOSCO;1;R$ 6,55;7;3,25;R$ 0,21
S400311;MOD PULS PARA CAMPAINHA 10A 1M GRAF FOSCO;1;R$ 7,58;7;3,25;R$ 0,24
S400300;MOD PULS UNIVERSAL 10A 1M BC BRILHANTE;1;R$ 6,93;7;3,25;R$ 0,22
S400307;MOD PULS UNIVERSAL 10A 1M BC FOSCO;1;R$ 6,55;7;3,25;R$ 0,21
S404200;MOD SAIDA DE FIO 1M (EMB 2 PECAS) BC BRILHANTE;1;R$ 2,02;7;3,25;R$ 0,06
S404207;MOD SAIDA DE FIO 1M (EMB 2 PECAS) BC FOSCO;1;R$ 1,89;7;3,25;R$ 0,06
S404201;MOD SAIDA DE FIO 1M (EMB 2 PECAS) GRAF FOSCO;1;R$ 2,10;7;3,25;R$ 0,06
S405507;MOD SENSOR DE PRES COM 3 F 90 A 230V 2M BC FOSCO;1;R$ 44,63;7;3,25;R$ 1,45
S402107;MOD TOM ANT TV (P CABO COAXIAL ) 1M BC FOSCO;1;R$ 9,19;7;6,5;R$ 0,59
S402101;MOD TOM ANT TV (P CABO COAXIAL ) 1M GRAF FOSCO;1;R$ 10,29;7;6,5;R$ 0,66
S402100;MOD TOM ANT TV (P CABO COAXIAL) 1M BC BRILHAN;1;R$ 9,81;7;6,5;R$ 0,63
S401100;MOD TOMADA BR 2P+T 10A 1M BC BRILHANTE;1;R$ 4,80;7;9,75;R$ 0,46
S401107;MOD TOMADA BR 2P+T 10A 1M BC FOSCO;1;R$ 4,53;7;9,75;R$ 0,44
S401101;MOD TOMADA BR 2P+T 10A 1M GRAF FOSCO;1;R$ 5,82;7;9,75;R$ 0,56
S401110;MOD TOMADA BR 2P+T 20A 1M BC BRILHANTE;1;R$ 6,14;7;9,75;R$ 0,59
S401117;MOD TOMADA BR 2P+T 20A 1M BC FOSCO;1;R$ 5,75;7;9,75;R$ 0,56
S401111;MOD TOMADA BR 2P+T 20A 1M GRAF FOSCO;1;R$ 6,43;7;9,75;R$ 0,62
S401119;MOD TOMADA BR 2P+T 20A 1M VERMELHA;1;R$ 5,75;7;9,75;R$ 0,56
S402200;MOD TOMADA RJ11 2F 1M BC BRILHANTE;1;R$ 9,71;7;7,5;R$ 0,72
S402207;MOD TOMADA RJ11 2F 1M BC FOSCO;1;R$ 9,10;7;7,5;R$ 0,68
S402201;MOD TOMADA RJ11 2F 1M GRAF FOSCO;1;R$ 10,19;7;7,5;R$ 0,76
S402217;MOD TOMADA RJ11 4F 1M BC FOSCO;1;R$ 14,56;7;7,5;R$ 1,09
S402300;MOD TOMADA RJ45 8F CAT.5E TOOL 1M BC BRILHANTE;1;R$ 21,04;7;7,5;R$ 1,57
S402307;MOD TOMADA RJ45 8F CAT.5E TOOL 1M BC FOSCO;1;R$ 19,71;7;7,5;R$ 1,47
S402301;MOD TOMADA RJ45 8F CAT.5E TOOL 1M GRAF FOSCO;1;R$ 22,09;7;7,5;R$ 1,65
S402310;MOD TOMADA RJ45 8F CAT.6 TOOL 1M BC BRILHANTE;1;R$ 26,70;7;7,5;R$ 2,00
S402317;MOD TOMADA RJ45 8F CAT.6 TOOL 1M BC FOSCO;1;R$ 25,04;7;7,5;R$ 1,87
S401500;MOD TOMADA USB 1A 127/220V Tp A 1M BC BRILHANTE;1;R$ 32,84;7;9,75;R$ 3,20
S401507;MOD TOMADA USB 1A 127/220V Tp A 1M BC FOSCO;1;R$ 30,78;7;9,75;R$ 3,00
S401501;MOD TOMADA USB 1A 127/220V Tp A 1M GRAF FOSCO;1;R$ 32,84;7;9,75;R$ 3,20
S401530;MODULO TOMADA CARREG USB A+C 2.4A BRANCO BRILHANTE;1;R$ 53,92;4;9,75;R$ 5,25
S401537;MODULO TOMADA CARREG USB A+C 2.4A BRANCO FOSCO;1;R$ 52,50;4;9,75;R$ 5,11
S401531;MODULO TOMADA CARREG USB A+C 2.4A GRAFITE;1;R$ 62,48;4;9,75;R$ 6,09
S421202;PLACA+SUP 4X2 CEGA ALUM;1;R$ 4,23;7;3,25;R$ 0,13
S421200;PLACA+SUP 4X2 CEGA BC BRILHANTE;1;R$ 3,23;7;3,25;R$ 0,10
S421203;PLACA+SUP 4X2 CEGA DOURADA;1;R$ 4,23;7;3,25;R$ 0,13
S421201;PLACA+SUP 4X2 CEGA GRAF FOSCO;1;R$ 4,23;7;3,25;R$ 0,13
S421208;PLACA+SUP 4X2 CEGA ONIX;1;R$ 4,23;7;3,25;R$ 0,13
S421212;PLACA+SUP 4X2 DE 1 POSTO ALUM;1;R$ 4,23;7;3,25;R$ 0,13
S421210;PLACA+SUP 4X2 DE 1 POSTO BC BRILHANTE;1;R$ 3,23;7;3,25;R$ 0,10
S421217;PLACA+SUP 4X2 DE 1 POSTO BC FOSCA;1;R$ 2,88;7;3,25;R$ 0,09
S421213;PLACA+SUP 4X2 DE 1 POSTO DOURADA;1;R$ 4,23;7;3,25;R$ 0,13
S421211;PLACA+SUP 4X2 DE 1 POSTO GRAF FOSCO;1;R$ 4,23;7;3,25;R$ 0,13
S421218;PLACA+SUP 4X2 DE 1 POSTO ONIX;1;R$ 4,23;7;3,25;R$ 0,13
S421222;PLACA+SUP 4X2 DE 2 POSTOS SEP ALUM;1;R$ 4,23;7;3,25;R$ 0,13
S421220;PLACA+SUP 4X2 DE 2 POSTOS SEP BC BRILHANTE;1;R$ 3,23;7;3,25;R$ 0,10
S421227;PLACA+SUP 4X2 DE 2 POSTOS SEP BC FOSCA;1;R$ 2,93;7;3,25;R$ 0,09
S421223;PLACA+SUP 4X2 DE 2 POSTOS SEP DOURADA;1;R$ 4,23;7;3,25;R$ 0,13
S421221;PLACA+SUP 4X2 DE 2 POSTOS SEP GRAF FOSCO;1;R$ 4,23;7;3,25;R$ 0,13
S421228;PLACA+SUP 4X2 DE 2 POSTOS SEP ONIX;1;R$ 4,23;7;3,25;R$ 0,13
S421232;PLACA+SUP 4X2 DE 3 POSTOS ALUM;1;R$ 4,23;7;3,25;R$ 0,13
S421230;PLACA+SUP 4X2 DE 3 POSTOS BC BRILHANTE;1;R$ 3,23;7;3,25;R$ 0,10
S421237;PLACA+SUP 4X2 DE 3 POSTOS BC FOSCA;1;R$ 2,88;7;3,25;R$ 0,09
S421233;PLACA+SUP 4X2 DE 3 POSTOS DOURADA;1;R$ 4,23;7;3,25;R$ 0,13
S421231;PLACA+SUP 4X2 DE 3 POSTOS GRAF FOSCO;1;R$ 4,23;7;3,25;R$ 0,13
S421238;PLACA+SUP 4X2 DE 3 POSTOS ONIX;1;R$ 4,23;7;3,25;R$ 0,13
S421402;PLACA+SUP 4X4 CEGA ALUM;1;R$ 8,42;7;3,25;R$ 0,27
S421400;PLACA+SUP 4X4 CEGA BC BRILHANTE;1;R$ 5,26;7;3,25;R$ 0,17
S421407;PLACA+SUP 4X4 CEGA BC FOSCA;1;R$ 4,82;7;3,25;R$ 0,15
S421403;PLACA+SUP 4X4 CEGA DOURADA;1;R$ 8,42;7;3,25;R$ 0,27
S421401;PLACA+SUP 4X4 CEGA GRAF FOSCO;1;R$ 8,42;7;3,25;R$ 0,27
S421408;PLACA+SUP 4X4 CEGA ONIX;1;R$ 8,42;7;3,25;R$ 0,27
S421422;PLACA+SUP 4X4 DE 2 POSTOS SEP ALUM;1;R$ 8,42;7;3,25;R$ 0,27
S421420;PLACA+SUP 4X4 DE 2 POSTOS SEP BC BRILHANTE;1;R$ 5,26;7;3,25;R$ 0,17
S421427;PLACA+SUP 4X4 DE 2 POSTOS SEP BC FOSCA;1;R$ 4,82;7;3,25;R$ 0,15
S421423;PLACA+SUP 4X4 DE 2 POSTOS SEP DOURADA;1;R$ 8,42;7;3,25;R$ 0,27
S421421;PLACA+SUP 4X4 DE 2 POSTOS SEP GRAF FOSCO;1;R$ 8,42;7;3,25;R$ 0,27
S421428;PLACA+SUP 4X4 DE 2 POSTOS SEP ONIX;1;R$ 8,42;7;3,25;R$ 0,27
S421462;PLACA+SUP 4X4 DE 6 POSTOS ALUM;1;R$ 8,42;7;3,25;R$ 0,27
S421460;PLACA+SUP 4X4 DE 6 POSTOS BC BRILHANTE;1;R$ 5,26;7;3,25;R$ 0,17
S421467;PLACA+SUP 4X4 DE 6 POSTOS BC FOSCA;1;R$ 4,82;7;3,25;R$ 0,15
S421463;PLACA+SUP 4X4 DE 6 POSTOS DOURADA;1;R$ 8,42;7;3,25;R$ 0,27
S421461;PLACA+SUP 4X4 DE 6 POSTOS GRAF FOSCO;1;R$ 8,42;7;3,25;R$ 0,27
S421468;PLACA+SUP 4X4 DE 6 POSTOS ONIX;1;R$ 8,42;7;3,25;R$ 0,27
S421207;PLACA+SUPORTE 4X2 CEGA BC FOSCA;1;R$ 2,93;7;3,25;R$ 0,09
S404300;TAMPA CONECTOR RJ45 KEYST EMB 2 PEC BC BRILHANTE;1;R$ 3,73;7;3,25;R$ 0,12
S404307;TAMPA CONECTOR RJ45 KEYST EMB 2 PEC BC FOSCO;1;R$ 3,50;7;3,25;R$ 0,11
HNW31C02;DISJUNTOR HIMEL HNW3 1P 02A CURVA C 3KA;1;R$ 14,06;4;6,5;R$ 0,91
HNW31C04;DISJUNTOR HIMEL HNW3 1P 04A CURVA C 3KA;1;R$ 14,06;4;6,5;R$ 0,91
HNW31C06;DISJUNTOR HIMEL HNW3 1P 06A CURVA C 3KA;1;R$ 9,76;4;6,5;R$ 0,63
HNW31C10;DISJUNTOR HIMEL HNW3 1P 10A CURVA C 3KA;1;R$ 4,39;4;6,5;R$ 0,28
HNW31C16;DISJUNTOR HIMEL HNW3 1P 16A CURVA C 3KA;1;R$ 4,39;4;6,5;R$ 0,28
PRODUTO;DESCRICAO;LOTE MINIMO;PRECO;%ICMS;%IPI;IPI
HNW31C20;DISJUNTOR HIMEL HNW3 1P 20A CURVA C 3KA;1;R$ 4,39;4;6,5;R$ 0,28
HNW31C25;DISJUNTOR HIMEL HNW3 1P 25A CURVA C 3KA;1;R$ 4,39;4;6,5;R$ 0,28
HNW31C32;DISJUNTOR HIMEL HNW3 1P 32A CURVA C 3KA;1;R$ 4,39;4;6,5;R$ 0,28
HNW31C40;DISJUNTOR HIMEL HNW3 1P 40A CURVA C 3KA;1;R$ 5,24;4;6,5;R$ 0,34
HNW31C50;DISJUNTOR HIMEL HNW3 1P 50A CURVA C 3KA;1;R$ 5,24;4;6,5;R$ 0,34
HNW31C63;DISJUNTOR HIMEL HNW3 1P 63A CURVA C 3KA;1;R$ 6,75;4;6,5;R$ 0,43
HNW32C02;DISJUNTOR HIMEL HNW3 2P 02A CURVA C 3KA;1;R$ 38,03;4;6,5;R$ 2,47
HNW32C04;DISJUNTOR HIMEL HNW3 2P 04A CURVA C 3KA;1;R$ 38,03;4;6,5;R$ 2,47
HNW32C06;DISJUNTOR HIMEL HNW3 2P 06A CURVA C 3KA;1;R$ 33,90;4;6,5;R$ 2,20
HNW32C10;DISJUNTOR HIMEL HNW3 2P 10A CURVA C 3KA;1;R$ 17,11;4;6,5;R$ 1,11
HNW32C16;DISJUNTOR HIMEL HNW3 2P 16A CURVA C 3KA;1;R$ 17,11;4;6,5;R$ 1,11
HNW32C20;DISJUNTOR HIMEL HNW3 2P 20A CURVA C 3KA;1;R$ 17,11;4;6,5;R$ 1,11
HNW32C25;DISJUNTOR HIMEL HNW3 2P 25A CURVA C 3KA;1;R$ 17,11;4;6,5;R$ 1,11
HNW32C32;DISJUNTOR HIMEL HNW3 2P 32A CURVA C 3KA;1;R$ 17,11;4;6,5;R$ 1,11
HNW32C40;DISJUNTOR HIMEL HNW3 2P 40A CURVA C 3KA;1;R$ 19,01;4;6,5;R$ 1,23
HNW32C50;DISJUNTOR HIMEL HNW3 2P 50A CURVA C 3KA;1;R$ 19,01;4;6,5;R$ 1,23
HNW32C63;DISJUNTOR HIMEL HNW3 2P 63A CURVA C 3KA;1;R$ 25,53;4;6,5;R$ 1,65
HNW33C02;DISJUNTOR HIMEL HNW3 3P 02A CURVA C 3KA;1;R$ 46,91;4;6,5;R$ 3,04
HNW33C04;DISJUNTOR HIMEL HNW3 3P 04A CURVA C 3KA;1;R$ 46,91;4;6,5;R$ 3,04
HNW33C06;DISJUNTOR HIMEL HNW3 3P 06A CURVA C 3KA;1;R$ 42,72;4;6,5;R$ 2,77
HNW33C10;DISJUNTOR HIMEL HNW3 3P 10A CURVA C 3KA;1;R$ 23,70;4;6,5;R$ 1,54
HNW33C16;DISJUNTOR HIMEL HNW3 3P 16A CURVA C 3KA;1;R$ 23,70;4;6,5;R$ 1,54
HNW33C20;DISJUNTOR HIMEL HNW3 3P 20A CURVA C 3KA;1;R$ 23,70;4;6,5;R$ 1,54
HNW33C25;DISJUNTOR HIMEL HNW3 3P 25A CURVA C 3KA;1;R$ 23,70;4;6,5;R$ 1,54
HNW33C32;DISJUNTOR HIMEL HNW3 3P 32A CURVA C 3KA;1;R$ 23,70;4;6,5;R$ 1,54
HNW33C40;DISJUNTOR HIMEL HNW3 3P 40A CURVA C 3KA;1;R$ 25,20;4;6,5;R$ 1,63
HNW33C50;DISJUNTOR HIMEL HNW3 3P 50A CURVA C 3KA;1;R$ 25,20;4;6,5;R$ 1,63
HNW33C63;DISJUNTOR HIMEL HNW3 3P 63A CURVA C 3KA;1;R$ 30,37;4;6,5;R$ 1,97
HDR22530;INTERRUPTOR DIFERENCIAL HIMEL 2P 25A 30MA TIPO AC;1;R$ 51,85;4;9,75;R$ 5,05
HDR24030;INTERRUPTOR DIFERENCIAL HIMEL 2P 40A 30MA TIPO AC;1;R$ 57,02;4;9,75;R$ 5,55
HDR26330;INTERRUPTOR DIFERENCIAL HIMEL 2P 63A 30MA TIPO AC;1;R$ 62,73;4;9,75;R$ 6,11
HDR42530;INTERRUPTOR DIFERENCIAL HIMEL 4P 25A 30MA TIPO AC;1;R$ 62,20;4;9,75;R$ 6,06
HDR44030;INTERRUPTOR DIFERENCIAL HIMEL 4P 40A 30MA TIPO AC;1;R$ 66,56;4;9,75;R$ 6,48
HDR46330;INTERRUPTOR DIFERENCIAL HIMEL 4P 63A 30MA TIPO AC;1;R$ 73,22;4;9,75;R$ 7,13
ST-ALI200;ALICATE AMPERIMETRO DIGITAL 200;1;R$ 83,58;4;3,25;R$ 2,71
ST-DTE01;DETECTOR DE TENSÃO PRO;1;R$ 17,75;4;3,25;R$ 0,57
ST-MUL002;MULTIMETRO DIGITAL 02;1;R$ 44,02;4;3,25;R$ 1,43
ST-MULT07;Multimetro Digital 07;1;R$ 133,52;4;3,25;R$ 4,33
ST-TL1058;PONTA DE PROVA MULTÍMETROS STECK;1;R$ 7,58;4;3,25;R$ 0,24
QUA1601;BASE PARA EMBUTIR TOMADAS 16/32A;1;R$ 99,51;4;9,75;R$ 9,70
QUA1602;BASE PARA SOBREPOR TOMADAS 16/32A QUASAR;1;R$ 76,76;4;9,75;R$ 7,48
QUA3044Q;TOM ANG QUASAR 2P+T 16A 110/130V 4H AM IP44;1;R$ 29,78;4;9,75;R$ 2,90
QUA3044;TOM ANG QUASAR 2P+T 16A 110/130V 4H AM IP67;1;R$ 97,25;4;9,75;R$ 9,48
QUA3046Q;TOM ANG QUASAR 2P+T 16A 200/250V 6H AZ IP44;1;R$ 37,05;4;9,75;R$ 3,61
QUA3046;TOM ANG QUASAR 2P+T 16A 200/250V 6H AZ IP67;1;R$ 79,04;4;9,75;R$ 7,70
QUA3049;TOM ANG QUASAR 2P+T 16A 380/415V 9H VM IP67;1;R$ 97,25;4;9,75;R$ 9,48
QUA3246Q;TOM ANG QUASAR 2P+T 32A 200/250V 6H AZ IP44;1;R$ 74,22;4;9,75;R$ 7,23
QUA3246;TOM ANG QUASAR 2P+T 32A 200/250V 6H AZ IP67;1;R$ 176,73;4;9,75;R$ 17,23
QUA5046Q;TOM ANG QUASAR 3P+N+T 16A 380/415V 6H VM IP44;1;R$ 39,70;4;9,75;R$ 3,87
QUA5046;TOM ANG QUASAR 3P+N+T 16A 380/415V 6H VM IP67;1;R$ 128,82;4;9,75;R$ 12,55
QUA5047;TOM ANG QUASAR 3P+N+T 16A 480/500V 7H PT IP67;1;R$ 155,33;4;9,75;R$ 15,14
QUA5249;TOM ANG QUASAR 3P+N+T 32A 200/250V 9H AZ IP67;1;R$ 201,21;4;9,75;R$ 19,61
QUA5246Q;TOM ANG QUASAR 3P+N+T 32A 380/415V 6H VM IP44;1;R$ 55,46;4;9,75;R$ 5,40
QUA5246;TOM ANG QUASAR 3P+N+T 32A 380/415V 6H VM IP67;1;R$ 117,97;4;9,75;R$ 11,50
QUA4049;TOM ANG QUASAR 3P+T 16A 220/250V 9H AZ IP67;1;R$ 57,43;4;9,75;R$ 5,59
QUA4046Q;TOM ANG QUASAR 3P+T 16A 380/415V 6H VM IP44;1;R$ 37,26;4;9,75;R$ 3,63
QUA4046;TOM ANG QUASAR 3P+T 16A 380/415V 6H VM IP67;1;R$ 57,43;4;9,75;R$ 5,59
QUA4243;TOM ANG QUASAR 3P+T 32A 380/415V 3H VM IP67;1;R$ 96,38;4;9,75;R$ 9,39
QUA4246Q;TOM ANG QUASAR 3P+T 32A 380/415V 6H VM IP44;1;R$ 63,28;4;9,75;R$ 6,16
QUA4246;TOM ANG QUASAR 3P+T 32A 380/415V 6H VM IP67;1;R$ 94,77;4;9,75;R$ 9,24
QUA4247;TOM ANG QUASAR 3P+T 32A 480/500V 7H PT IP67;1;R$ 136,81;4;9,75;R$ 13,33
QUA4546;TOM ANG QUASAR 3P+T 63A 380/415V 6H VM IP67;1;R$ 219,54;4;9,75;R$ 21,40
QUA4547;TOM ANG QUASAR 3P+T 63A 480/500V 7H PT IP67;1;R$ 423,98;4;9,75;R$ 41,33
QUA3044B;TOM BLOQ EMB QUASAR 2P+T 16A 110/130V 4H AM IP65;1;R$ 537,98;4;9,75;R$ 52,45
QUA3046B;TOM BLOQ EMB QUASAR 2P+T 16A 220/250V 6H AZ IP65;1;R$ 304,17;4;9,75;R$ 29,65
QUA3049B;TOM BLOQ EMB QUASAR 2P+T 16A 380/415V 9H VM IP65;1;R$ 571,60;4;9,75;R$ 55,73
QUA3244B;TOM BLOQ EMB QUASAR 2P+T 32A 110/130V 4H AM IP65;1;R$ 606,91;4;9,75;R$ 59,17
QUA3246B;TOM BLOQ EMB QUASAR 2P+T 32A 220/250V 6H AZ IP65;1;R$ 606,91;4;9,75;R$ 59,17
QUA3249B;TOM BLOQ EMB QUASAR 2P+T 32A 380/415V 9H VM IP65;1;R$ 606,91;4;9,75;R$ 59,17
QUA3546B;TOM BLOQ EMB QUASAR 2P+T 63A 200/250V 6H AZ IP65;1;R$ 1.472,91;4;9,75;R$ 143,60
QUA5049B;TOM BLOQ EMB QUASAR 3P+N+T 16A 200/250V 9H AZ IP65;1;R$ 726,28;4;9,75;R$ 70,81
QUA5046B;TOM BLOQ EMB QUASAR 3P+N+T 16A 380/415V 6H VM IP65;1;R$ 726,28;4;9,75;R$ 70,81
QUA5249B;TOM BLOQ EMB QUASAR 3P+N+T 32A 200/250V 9H AZ IP65;1;R$ 748,10;4;9,75;R$ 72,93
QUA5246B;TOM BLOQ EMB QUASAR 3P+N+T 32A 380/415V 6H VM IP65;1;R$ 805,17;4;9,75;R$ 78,50
QUA5546B;TOM BLOQ EMB QUASAR 3P+N+T 63A 380/415V 6H VM IP65;1;R$ 1.729,94;4;9,75;R$ 168,66
QUA4049B;TOM BLOQ EMB QUASAR 3P+T 16A 220/250V 9H AZ IP65;1;R$ 605,23;4;9,75;R$ 59,00
QUA4046B;TOM BLOQ EMB QUASAR 3P+T 16A 380/415V 6H VM IP65;1;R$ 316,96;4;9,75;R$ 30,90
QUA4249B;TOM BLOQ EMB QUASAR 3P+T 32A 200/250V 9H AZ IP65;1;R$ 325,79;4;9,75;R$ 31,76
QUA4246B;TOM BLOQ EMB QUASAR 3P+T 32A 380/415V 6H VM IP65;1;R$ 387,40;4;9,75;R$ 37,77
QUA4243B;TOM BLOQ EMB QUASAR 3P+T 32A 380/440V 3H VM IP65;1;R$ 429,53;4;9,75;R$ 41,87
QUA4544B;TOM BLOQ EMB QUASAR 3P+T 63A 100/130V 4H AM IP65;1;R$ 1.504,44;4;9,75;R$ 146,68
QUA4549B;TOM BLOQ EMB QUASAR 3P+T 63A 200/250V 9H AZ IP65;1;R$ 1.504,44;4;9,75;R$ 146,68
QUA4546B;TOM BLOQ EMB QUASAR 3P+T 63A 380/415V 6H VM IP65;1;R$ 1.504,44;4;9,75;R$ 146,68
QUA3206B;TOM BLOQ SOB QUASAR 2P+T 32A 220/250V 6H AZ IP65;1;R$ 149,54;4;9,75;R$ 14,58
QUA4006B;TOM BLOQ SOB QUASAR 3P+T 16A 380/415V 6H VM IP65;1;R$ 517,97;4;9,75;R$ 50,50
QUA4206B;TOM BLOQ SOB QUASAR 3P+T 32A 380/415V 6H VM IP65;1;R$ 524,73;4;9,75;R$ 51,16
QUA5546;TOM QUASAR 3P+N+T 63A 380/415V 6H VM IP67;1;R$ 138,49;4;9,75;R$ 13,50
QUA4507;TOM SOB QUASAR 3P+T 63A 480/500V 7H PT IP67;1;R$ 67,88;4;9,75;R$ 6,61
SACB8BA110;BOBINA DE ABERTURA PARA SACB8 110VCA;1;R$ 511,03;4;6,5;R$ 33,21
PRODUTO;DESCRICAO;LOTE MINIMO;PRECO;%ICMS;%IPI;IPI
SACB8BA127;BOBINA DE ABERTURA PARA SACB8 127VCA;1;R$ 74,45;4;6,5;R$ 4,83
SACB8BA220;BOBINA DE ABERTURA PARA SACB8 220VCA;1;R$ 74,45;4;6,5;R$ 4,83
SACB8BA24;BOBINA DE ABERTURA PARA SACB8 24VCC;1;R$ 74,45;4;6,5;R$ 4,83
SACB8BA415;BOBINA DE ABERTURA PARA SACB8 415VCA;1;R$ 74,45;4;6,5;R$ 4,83
SACB8BA48;BOBINA DE ABERTURA PARA SACB8 48VCC;1;R$ 74,45;4;6,5;R$ 4,83
SD8BA220;BOBINA DE DISPARO DISJ CX MOLDADA SD8 220V;1;R$ 74,45;4;6,5;R$ 4,83
SACB8BF110;BOBINA DE FECHAMENTO PARA SACB8 110VCA;1;R$ 715,95;4;6,5;R$ 46,53
SACB8BF127;BOBINA DE FECHAMENTO PARA SACB8 127VCA;1;R$ 74,45;4;6,5;R$ 4,83
SACB8BF220;BOBINA DE FECHAMENTO PARA SACB8 220VCA;1;R$ 74,45;4;6,5;R$ 4,83
SACB8BF24;BOBINA DE FECHAMENTO PARA SACB8 24VCC;1;R$ 74,45;4;6,5;R$ 4,83
SACB8BF415;BOBINA DE FECHAMENTO PARA SACB8 415VCA;1;R$ 74,45;4;6,5;R$ 4,83
SACB8BF48;BOBINA DE FECHAMENTO PARA SACB8 48VCC;1;R$ 74,45;4;6,5;R$ 4,83
SD8CPA;CAPA TERMINAL DE DISJ CX MOLDADA SD8 FRAME A;1;R$ 36,67;4;6,5;R$ 2,38
SD8CPB;CAPA TERMINAL DE DISJ CX MOLDADA SD8 FRAME B;1;R$ 38,71;4;6,5;R$ 2,51
SD8CA;CONTATO AUXILIAR DISJ CX MOLDADA SD8;1;R$ 27,18;4;6,5;R$ 1,76
SACB8N08;DISJ ABERTO SACB8N08 800A 3P 800VCA BA BF MO;1;R$ 7.080,28;4;6,5;R$ 460,21
SACB8N10;DISJ ABERTO SACB8N10 1000A 3P 800VCA BA BF MO;1;R$ 5.337,50;4;6,5;R$ 346,93
SACB8N12;DISJ ABERTO SACB8N12 1250A 3P 800VCA BA BF MO;1;R$ 5.605,17;4;6,5;R$ 364,33
SACB8N16;DISJ ABERTO SACB8N16 1600A 3P 800VCA BA BF MO;1;R$ 6.563,17;4;6,5;R$ 426,60
SACB8N20;DISJ ABERTO SACB8N20 2000A 3P 800VCA BA BF MO;1;R$ 10.273,23;4;6,5;R$ 667,75
SACB8N25;DISJ ABERTO SACB8N25 2500A 3P 800VCA BA BF MO;1;R$ 11.330,17;4;6,5;R$ 736,46
SACB8N32;DISJ ABERTO SACB8N32 3200A 3P 800VCA BA BF MO;1;R$ 21.141,60;4;6,5;R$ 1.374,20
SACB8N40;DISJ ABERTO SACB8N40 4000A 3P 800VCA BA BF MO;1;R$ 25.369,92;4;6,5;R$ 1.649,04
SACB8N50;DISJ ABERTO SACB8N50 5000A 3P 800VCA BA BF MO;1;R$ 30.443,90;4;6,5;R$ 1.978,85
SD8AST1125;DISJ CX MOLDADA SD8 125A 800VCA ICU 25 PROTECAO T1;1;R$ 175,16;4;6,5;R$ 11,38
SD8AHT1125;DISJ CX MOLDADA SD8 125A 800VCA ICU 36 PROTECAO T1;1;R$ 585,43;4;6,5;R$ 38,05
SD8APT1125;DISJ CX MOLDADA SD8 125A 800VCA ICU 50 PROTECAO T1;1;R$ 614,71;4;6,5;R$ 39,95
SD8AST1160;DISJ CX MOLDADA SD8 160A 800VCA ICU 25 PROTECAO T1;1;R$ 192,46;4;6,5;R$ 12,50
SD8AHT1160;DISJ CX MOLDADA SD8 160A 800VCA ICU 36 PROTECAO T1;1;R$ 702,52;4;6,5;R$ 45,66
SD8APT1160;DISJ CX MOLDADA SD8 160A 800VCA ICU 50 PROTECAO T1;1;R$ 737,65;4;6,5;R$ 47,94
SD8AST1200;DISJ CX MOLDADA SD8 200A 800VCA ICU 25 PROTECAO T1;1;R$ 836,33;4;6,5;R$ 54,36
SD8AST3200;DISJ CX MOLDADA SD8 200A 800VCA ICU 25 PROTECAO T3;1;R$ 1.003,60;4;6,5;R$ 65,23
SD8ASTM200;DISJ CX MOLDADA SD8 200A 800VCA ICU 25 PROTECAO TM;1;R$ 210,15;4;6,5;R$ 13,65
SD8AHT1200;DISJ CX MOLDADA SD8 200A 800VCA ICU 36 PROTECAO T1;1;R$ 843,03;4;6,5;R$ 54,79
SD8AHT3200;DISJ CX MOLDADA SD8 200A 800VCA ICU 36 PROTECAO T3;1;R$ 843,03;4;6,5;R$ 54,79
SD8AHTM200;DISJ CX MOLDADA SD8 200A 800VCA ICU 36 PROTECAO TM;1;R$ 843,03;4;6,5;R$ 54,79
SD8APT1200;DISJ CX MOLDADA SD8 200A 800VCA ICU 50 PROTECAO T1;1;R$ 885,17;4;6,5;R$ 57,53
SD8APT3200;DISJ CX MOLDADA SD8 200A 800VCA ICU 50 PROTECAO T3;1;R$ 885,17;4;6,5;R$ 57,53
SD8APTM200;DISJ CX MOLDADA SD8 200A 800VCA ICU 50 PROTECAO TM;1;R$ 885,17;4;6,5;R$ 57,53
SD8AST1250;DISJ CX MOLDADA SD8 250A 800VCA ICU 25 PROTECAO T1;1;R$ 1.204,32;4;6,5;R$ 78,28
SD8AST3250;DISJ CX MOLDADA SD8 250A 800VCA ICU 25 PROTECAO T3;1;R$ 1.204,32;4;6,5;R$ 78,28
SD8ASTM250;DISJ CX MOLDADA SD8 250A 800VCA ICU 25 PROTECAO TM;1;R$ 379,36;4;6,5;R$ 24,65
SD8AHT1250;DISJ CX MOLDADA SD8 250A 800VCA ICU 36 PROTECAO T1;1;R$ 1.011,63;4;6,5;R$ 65,75
SD8AHT3250;DISJ CX MOLDADA SD8 250A 800VCA ICU 36 PROTECAO T3;1;R$ 1.011,63;4;6,5;R$ 65,75
SD8AHTM250;DISJ CX MOLDADA SD8 250A 800VCA ICU 36 PROTECAO TM;1;R$ 1.011,63;4;6,5;R$ 65,75
SD8APT1250;DISJ CX MOLDADA SD8 250A 800VCA ICU 50 PROTECAO T1;1;R$ 1.062,21;4;6,5;R$ 69,04
SD8APT3250;DISJ CX MOLDADA SD8 250A 800VCA ICU 50 PROTECAO T3;1;R$ 1.062,21;4;6,5;R$ 69,04
SD8APTM250;DISJ CX MOLDADA SD8 250A 800VCA ICU 50 PROTECAO TM;1;R$ 1.062,21;4;6,5;R$ 69,04
SD8AST1320;DISJ CX MOLDADA SD8 320A 800VCA ICU 25 PROTECAO T1;1;R$ 1.445,19;4;6,5;R$ 93,93
SD8AST3320;DISJ CX MOLDADA SD8 320A 800VCA ICU 25 PROTECAO T3;1;R$ 1.445,19;4;6,5;R$ 93,93
SD8ASTM320;DISJ CX MOLDADA SD8 320A 800VCA ICU 25 PROTECAO TM;1;R$ 768,77;4;6,5;R$ 49,97
SD8AHT1320;DISJ CX MOLDADA SD8 320A 800VCA ICU 36 PROTECAO T1;1;R$ 1.213,96;4;6,5;R$ 78,90
SD8AHT3320;DISJ CX MOLDADA SD8 320A 800VCA ICU 36 PROTECAO T3;1;R$ 1.213,96;4;6,5;R$ 78,90
SD8AHTM320;DISJ CX MOLDADA SD8 320A 800VCA ICU 36 PROTECAO TM;1;R$ 1.213,96;4;6,5;R$ 78,90
SD8APT1320;DISJ CX MOLDADA SD8 320A 800VCA ICU 50 PROTECAO T1;1;R$ 1.274,66;4;6,5;R$ 82,85
SD8APT3320;DISJ CX MOLDADA SD8 320A 800VCA ICU 50 PROTECAO T3;1;R$ 1.274,66;4;6,5;R$ 82,85
SD8APTM320;DISJ CX MOLDADA SD8 320A 800VCA ICU 50 PROTECAO TM;1;R$ 1.274,66;4;6,5;R$ 82,85
SD8AST1400;DISJ CX MOLDADA SD8 400A 800VCA ICU 25 PROTECAO T1;1;R$ 1.734,22;4;6,5;R$ 112,72
SD8AST3400;DISJ CX MOLDADA SD8 400A 800VCA ICU 25 PROTECAO T3;1;R$ 1.734,22;4;6,5;R$ 112,72
SD8ASTM400;DISJ CX MOLDADA SD8 400A 800VCA ICU 25 PROTECAO TM;1;R$ 1.734,22;4;6,5;R$ 112,72
SD8AHT1400;DISJ CX MOLDADA SD8 400A 800VCA ICU 36 PROTECAO T1;1;R$ 1.456,75;4;6,5;R$ 94,68
SD8BHT1400;DISJ CX MOLDADA SD8 400A 800VCA ICU 36 PROTECAO T1;1;R$ 1.456,75;4;6,5;R$ 94,68
SD8AHT3400;DISJ CX MOLDADA SD8 400A 800VCA ICU 36 PROTECAO T3;1;R$ 1.456,75;4;6,5;R$ 94,68
SD8BHT3400;DISJ CX MOLDADA SD8 400A 800VCA ICU 36 PROTECAO T3;1;R$ 1.456,75;4;6,5;R$ 94,68
SD8AHTM400;DISJ CX MOLDADA SD8 400A 800VCA ICU 36 PROTECAO TM;1;R$ 1.456,75;4;6,5;R$ 94,68
SD8APT1400;DISJ CX MOLDADA SD8 400A 800VCA ICU 50 PROTECAO T1;1;R$ 1.529,58;4;6,5;R$ 99,42
SD8BPT1400;DISJ CX MOLDADA SD8 400A 800VCA ICU 50 PROTECAO T1;1;R$ 1.529,58;4;6,5;R$ 99,42
SD8BPT3400;DISJ CX MOLDADA SD8 400A 800VCA ICU 50 PROTECAO T3;1;R$ 1.529,58;4;6,5;R$ 99,42
SD8APT3400;DISJ CX MOLDADA SD8 400A 800VCA ICU 50 PROTECAO T3;1;R$ 1.529,58;4;6,5;R$ 99,42
SD8APTM400;DISJ CX MOLDADA SD8 400A 800VCA ICU 50 PROTECAO TM;1;R$ 1.529,58;4;6,5;R$ 99,42
SD8BHT1500;DISJ CX MOLDADA SD8 500A 800VCA ICU 36 PROTECAO T1;1;R$ 876,55;4;6,5;R$ 56,97
SD8BHT3500;DISJ CX MOLDADA SD8 500A 800VCA ICU 36 PROTECAO T3;1;R$ 1.748,09;4;6,5;R$ 113,62
SD8BPT1500;DISJ CX MOLDADA SD8 500A 800VCA ICU 50 PROTECAO T1;1;R$ 1.835,50;4;6,5;R$ 119,30
SD8BPT3500;DISJ CX MOLDADA SD8 500A 800VCA ICU 50 PROTECAO T3;1;R$ 1.835,50;4;6,5;R$ 119,30
SD8BHT1630;DISJ CX MOLDADA SD8 630A 800VCA ICU 36 PROTECAO T1;1;R$ 1.445,02;4;6,5;R$ 93,92
SD8BHT3630;DISJ CX MOLDADA SD8 630A 800VCA ICU 36 PROTECAO T3;1;R$ 2.097,72;4;6,5;R$ 136,35
SD8BPT1630;DISJ CX MOLDADA SD8 630A 800VCA ICU 50 PROTECAO T1;1;R$ 2.202,60;4;6,5;R$ 143,16
SD8BPT3630;DISJ CX MOLDADA SD8 630A 800VCA ICU 50 PROTECAO T3;1;R$ 2.202,60;4;6,5;R$ 143,16
SD8BHT1800;DISJ CX MOLDADA SD8 800A 800VCA ICU 36 PROTECAO T1;1;R$ 2.171,35;4;6,5;R$ 141,13
SD8BHT3800;DISJ CX MOLDADA SD8 800A 800VCA ICU 36 PROTECAO T3;1;R$ 2.517,25;4;6,5;R$ 163,62
SD8BPT1800;DISJ CX MOLDADA SD8 800A 800VCA ICU 50 PROTECAO T1;1;R$ 2.643,12;4;6,5;R$ 171,80
SD8BPT3800;DISJ CX MOLDADA SD8 800A 800VCA ICU 50 PROTECAO T3;1;R$ 2.643,12;4;6,5;R$ 171,80
SD8ETA;EXTENSOR DE TERMINAL DISJ CX MOLDADA SD8 FRAME A;1;R$ 117,58;4;6,5;R$ 7,64
SD8ETB;EXTENSOR DE TERMINAL DISJ CX MOLDADA SD8 FRAME B;1;R$ 117,58;4;6,5;R$ 7,64
SD8ETD;EXTENSOR DE TERMINAL DISJ CX MOLDADA SD8 FRAME C;1;R$ 117,58;4;6,5;R$ 7,64
SD8ETC;EXTENSOR DE TERMINAL DISJ CX MOLDADA SD8 FRAME D;1;R$ 117,58;4;6,5;R$ 7,64
SACB8ETA;EXTENSOR DE TERMINAL PARA SACB8 FRAME A;1;R$ 37,97;4;6,5;R$ 2,46
SACB8ETB;EXTENSOR DE TERMINAL PARA SACB8 FRAME B;1;R$ 40,77;4;6,5;R$ 2,65
SACB8ETC;EXTENSOR DE TERMINAL PARA SACB8 FRAME C;1;R$ 43,74;4;6,5;R$ 2,84
PRODUTO;DESCRICAO;LOTE MINIMO;PRECO;%ICMS;%IPI;IPI
SACB8ETD;EXTENSOR DE TERMINAL PARA SACB8 FRAME D;1;R$ 159,83;4;6,5;R$ 10,38
SACB8ETF;EXTENSOR DE TERMINAL PARA SACB8 FRAME F;1;R$ 183,80;4;6,5;R$ 11,94
SD8TESTKIT;KIT DE TESTE DISJ CX MOLDADA SD8;1;R$ 186,59;4;6,5;R$ 12,12
SD8MPA;MANOPLA ROTATIVA DISJ CX MOLDADA SD8 FRAME A;1;R$ 186,59;4;6,5;R$ 12,12
SD8MPB;MANOPLA ROTATIVA DISJ CX MOLDADA SD8 FRAME B;1;R$ 186,59;4;6,5;R$ 12,12
SACB8COMM;MODULO DE COMUNICACAO PARA SACB8;1;R$ 96,42;4;6,5;R$ 6,26
SACB8MO110;MOTORIZAÇÃO PARA SACB8 110VCA;1;R$ 829,31;4;6,5;R$ 53,90
SACB8MO220;MOTORIZAÇÃO PARA SACB8 220VCA;1;R$ 192,46;4;6,5;R$ 12,50
SACB8MO240;MOTORIZAÇÃO PARA SACB8 240VCA;1;R$ 1.023,84;4;6,5;R$ 66,54
SACB8MO24;MOTORIZAÇÃO PARA SACB8 24VCC;1;R$ 192,46;4;6,5;R$ 12,50
SACB8MO415;MOTORIZAÇÃO PARA SACB8 415VCA;1;R$ 192,46;4;6,5;R$ 12,50
SACB8MO48;MOTORIZAÇÃO PARA SACB8 48VCC;1;R$ 192,46;4;6,5;R$ 12,50
SACB8SF;SEPARADOR DE FASES PARA SACB8;1;R$ 10,43;4;6,5;R$ 0,67
SACB8TCA;TC EXTERNO PARA SACB8 FRAME A;1;R$ 90,86;4;6,5;R$ 5,90
SACB8TCB;TC EXTERNO PARA SACB8 FRAME B;1;R$ 205,15;4;6,5;R$ 13,33
SACB8TCC;TC EXTERNO PARA SACB8 FRAME C;1;R$ 266,70;4;6,5;R$ 17,33
SACB8TCD;TC EXTERNO PARA SACB8 FRAME D;1;R$ 346,70;4;6,5;R$ 22,53
SACB8TCE;TC EXTERNO PARA SACB8 FRAME E;1;R$ 450,72;4;6,5;R$ 29,29
TSLBLAA;BLOQ CHAVE PARA SECC TSL FRAME 250 VAR A;1;R$ 66,46;4;6,5;R$ 4,31
TSLBLAB;BLOQ CHAVE PARA SECC TSL FRAME 250 VAR B;1;R$ 66,46;4;6,5;R$ 4,31
TSLBLAC;BLOQ CHAVE PARA SECC TSL FRAME 250 VAR C;1;R$ 66,46;4;6,5;R$ 4,31
TSLBLAD;BLOQ CHAVE PARA SECC TSL FRAME 250 VAR D;1;R$ 66,46;4;6,5;R$ 4,31
TSLBLBA;BLOQ CHAVE PARA SECC TSL FRAME 800 VAR A;1;R$ 245,72;4;6,5;R$ 15,97
TSLBLBB;BLOQ CHAVE PARA SECC TSL FRAME 800 VAR B;1;R$ 245,72;4;6,5;R$ 15,97
TSLBLBC;BLOQ CHAVE PARA SECC TSL FRAME 800 VAR C;1;R$ 245,72;4;6,5;R$ 15,97
TSLBLBD;BLOQ CHAVE PARA SECC TSL FRAME 800 VAR D;1;R$ 245,72;4;6,5;R$ 15,97
TSLCPA;CAPA PARA TERMINAL SECC TSL FRAME A;1;R$ 25,46;4;6,5;R$ 1,65
TSLCPB;CAPA PARA TERMINAL SECC TSL FRAME B;1;R$ 26,87;4;6,5;R$ 1,74
TSLCPC;CAPA PARA TERMINAL SECC TSL FRAME C;1;R$ 37,58;4;6,5;R$ 2,44
TSLCPD;CAPA PARA TERMINAL SECC TSL FRAME D;1;R$ 39,79;4;6,5;R$ 2,58
TSLCPDE;CAPA PARA TERMINAL SECC TSL FRAME E;1;R$ 42,01;4;6,5;R$ 2,73
TSLCMNA100;COMUT TSLCMNA100 100A 4P OP DIR 415VCA;1;R$ 243,01;4;6,5;R$ 15,79
TSLCMNA100D;COMUT TSLCMNA100D 100A 4P MAN EST 415VCA;1;R$ 343,65;4;6,5;R$ 22,33
TSLCMNA125;COMUT TSLCMNA125 125A 4P OP DIR 415VCA;1;R$ 450,73;4;6,5;R$ 29,29
TSLCMNA63;COMUT TSLCMNA6363A 4P OP DIR 415VCA;1;R$ 240,94;4;6,5;R$ 15,66
TSLCMNA63D;COMUT TSLCMNA63D 63A 4P MAN EST 415VCA;1;R$ 340,96;4;6,5;R$ 22,16
TSLCMNB160;COMUT TSLCMNB160 160A 4P OP DIR 415VCA;1;R$ 450,73;4;6,5;R$ 29,29
TSLCMNB200;COMUT TSLCMNB200 200A 4P OP DIR 415VCA;1;R$ 451,76;4;6,5;R$ 29,36
TSLCMNC250;COMUT TSLCMNC250 250A 4P OP DIR 415VCA;1;R$ 1.090,04;4;6,5;R$ 70,85
TSLCMNC315;COMUTADORA TSLCMNC315 MAN 315A 4P MAN ESTEN 415VCA;1;R$ 833,94;4;6,5;R$ 54,20
TSLCMND400;COMUTADORA TSLCMND400 MAN 400A 4P MAN ESTEN 415VCA;1;R$ 1.501,51;4;6,5;R$ 97,59
TSLCMND630;COMUTADORA TSLCMND630 MAN 630A 4P MAN ESTEN 415VCA;1;R$ 2.713,83;4;6,5;R$ 176,39
TSLCMNE1000;COMUTADORA TSLCMNE1000 MAN 1000A 4P MAN EST 415VCA;1;R$ 3.589,03;4;6,5;R$ 233,28
TSLCMNE800;COMUTADORA TSLCMNE800 MAN 800A 4P MAN ESTEN 415VCA;1;R$ 3.120,90;4;6,5;R$ 202,85
TSLCMNF1250;COMUTADORA TSLCMNF1250 MAN 1250A 4P MAN EST 415VCA;1;R$ 4.127,39;4;6,5;R$ 268,28
TSLCMNF1600;COMUTADORA TSLCMNF1600 MAN 1600A 4P MAN EST 415VCA;1;R$ 4.746,50;4;6,5;R$ 308,52
TSLCMNF2000;COMUTADORA TSLCMNF2000 MAN 2000A 4P MAN EST 415VCA;1;R$ 5.458,47;4;6,5;R$ 354,80
TSLCMOA100;COMUTADORA TSLCMOA100 MOT 100A 4P 415VCA;1;R$ 948,69;4;6,5;R$ 61,66
TSLCMOA125;COMUTADORA TSLCMOA125 MOT 125A 4P 415VCA;1;R$ 1.264,92;4;6,5;R$ 82,21
TSLCMOA40;COMUTADORA TSLCMOA40 MOT 40A 4P 415VCA;1;R$ 533,64;4;6,5;R$ 34,68
TSLCMOA63;COMUTADORA TSLCMOA63 MOT 63A 4P 415VCA;1;R$ 711,52;4;6,5;R$ 46,24
TSLCMOB160;COMUTADORA TSLCMOB160 MOT 160A 4P 415VCA;1;R$ 1.686,56;4;6,5;R$ 109,62
TSLCMOB200;COMUTADORA TSLCMOB200 MOT 200A 4P 415VCA;1;R$ 1.939,54;4;6,5;R$ 126,07
TSLCMOC250;COMUTADORA TSLCMOC250 MOT 250A 4P 415VCA;1;R$ 2.230,48;4;6,5;R$ 144,98
TSLCMOC315;COMUTADORA TSLCMOC315 MOT 315A 4P 415VCA;1;R$ 2.565,05;4;6,5;R$ 166,72
TSLCMOD400;COMUTADORA TSLCMOD400 MOT 400A 4P 415VCA;1;R$ 2.949,81;4;6,5;R$ 191,73
TSLCMOD630;COMUTADORA TSLCMOD630 MOT 630A 4P 415VCA;1;R$ 3.392,28;4;6,5;R$ 220,49
TSLCMOE1000;COMUTADORA TSLCMOE1000 MOT 1000A 4P 415VCA;1;R$ 4.486,29;4;6,5;R$ 291,60
TSLCMOE800;COMUTADORA TSLCMOE800 MOT 800A 4P 415VCA;1;R$ 3.901,12;4;6,5;R$ 253,57
TSLCMOF1250;COMUTADORA TSLCMOF1250 MOT 1250A 4P 415VCA;1;R$ 5.159,24;4;6,5;R$ 335,35
TSLCMOF1600;COMUTADORA TSLCMOF1600 MOT 1600A 4P 415VCA;1;R$ 5.933,12;4;6,5;R$ 385,65
TSLCMOF2000;COMUTADORA TSLCMOF2000 MOT 2000A 4P 415VCA;1;R$ 6.823,09;4;6,5;R$ 443,50
TSLCCAE;CONTATO AUXILIAR COMUT TSLC;1;R$ 43,62;4;6,5;R$ 2,83
TSLCCAC;CONTATO AUXILIAR COMUT TSLC;1;R$ 38,32;4;6,5;R$ 2,49
TSLCCAB;CONTATO AUXILIAR COMUT TSLC;1;R$ 69,17;4;6,5;R$ 4,49
TSLCCAD;CONTATO AUXILIAR COMUT TSLC;1;R$ 53,39;4;6,5;R$ 3,47
TSLCCAA;CONTATO AUXILIAR COMUT TSLC FRAME A;1;R$ 32,50;4;6,5;R$ 2,11
TSLCAA;CONTATO AUXILIAR PARA SECC TSL FRAME A;1;R$ 26,46;4;6,5;R$ 1,71
TSLCAB;CONTATO AUXILIAR PARA SECC TSL FRAME B;1;R$ 29,50;4;6,5;R$ 1,91
TSLCAC;CONTATO AUXILIAR PARA SECC TSL FRAME C;1;R$ 29,50;4;6,5;R$ 1,91
TSLCAD;CONTATO AUXILIAR PARA SECC TSL FRAME D;1;R$ 29,50;4;6,5;R$ 1,91
TSLCAE;CONTATO AUXILIAR PARA SECC TSL FRAME E;1;R$ 29,50;4;6,5;R$ 1,91
TSLCMOAC;KIT DE ACIONAM POR BOTOES 240VCA COMUT MOT TSLCMO;1;R$ 123,10;4;6,5;R$ 8,00
TSLCMOMPB;MANOPLA ACION MAN COMUT MOT TSLCMO FRAME ATE 250;1;R$ 84,01;4;6,5;R$ 5,46
TSLCMOMPA;MANOPLA ACION MAN COMUT MOT TSLCMO FRAME ATE 63;1;R$ 84,01;4;6,5;R$ 5,46
TSLCMOMPC;MANOPLA ACION MAN COMUT MOT TSLCMO FRAME ATE 800;1;R$ 84,01;4;6,5;R$ 5,46
TSLCMNMPB;MANOPLA ACION MAN COMUT TSLC FRAME ATE 250;1;R$ 84,01;4;6,5;R$ 5,46
TSLCMNMPE;MANOPLA ACION MAN COMUT TSLC FRAME ATE 250;1;R$ 84,01;4;6,5;R$ 5,46
TSLCMNMPA;MANOPLA ACION MAN COMUT TSLC FRAME ATE 63;1;R$ 84,01;4;6,5;R$ 5,46
TSLCMNMPD;MANOPLA ACION MAN COMUT TSLC FRAME ATE 63;1;R$ 84,01;4;6,5;R$ 5,46
TSLCMNMPC;MANOPLA ACION MAN COMUT TSLC FRAME ATE 800;1;R$ 127,60;4;6,5;R$ 8,29
TSLCMNMPF;MANOPLA ACION MAN COMUT TSLC FRAME ATE 800;1;R$ 127,60;4;6,5;R$ 8,29
TSLMPB;MANOPLA ACION SECC TSL FRAME ATE 250;1;R$ 84,01;4;6,5;R$ 5,46
TSLMPA;MANOPLA ACION SECC TSL FRAME ATE 63;1;R$ 84,01;4;6,5;R$ 5,46
TSLMPC;MANOPLA ACION SECC TSL FRAME ATE 800;1;R$ 127,60;4;6,5;R$ 8,29
TSL3NB100;SECCIONADORA TSL3NB100 100A 3PN 415VCA;1;R$ 343,65;4;6,5;R$ 22,33
TSL3NB125;SECCIONADORA TSL3NB125 125A 3PN 415VCA;1;R$ 343,65;4;6,5;R$ 22,33
TSL3NC200;SECCIONADORA TSL3NC200 200A 3PN 415VCA;1;R$ 451,76;4;6,5;R$ 29,36
TSL3NC250;SECCIONADORA TSL3NC250 250A 3PN 415VCA;1;R$ 1.090,04;4;6,5;R$ 70,85
PRODUTO;DESCRICAO;LOTE MINIMO;PRECO;%ICMS;%IPI;IPI
TSL3ND315;SECCIONADORA TSL3ND 315 315A 3PN 415VCA;1;R$ 2.161,81;4;6,5;R$ 140,51
TSL3ND400;SECCIONADORA TSL3ND400 400A 3PN 415VCA;1;R$ 1.501,51;4;6,5;R$ 97,59
TSL3NE1000;SECCIONADORA TSL3NE1000 1000A 3PN 415VCA;1;R$ 3.735,59;4;6,5;R$ 242,81
TSL3NE630;SECCIONADORA TSL3NE630 630A 3PN 415VCA;1;R$ 1.305,44;4;6,5;R$ 84,85
TSL3NE800;SECCIONADORA TSL3NE800 800A 3PN 415VCA;1;R$ 2.328,40;4;6,5;R$ 151,34
TSL4A32;SECCIONADORA TSL4A32 32A 3PN 415VCA;1;R$ 340,96;4;6,5;R$ 22,16
TSL4A63;SECCIONADORA TSL4A63 63A 3PN 415VCA;1;R$ 340,96;4;6,5;R$ 22,16
TSL4F1000;SECCIONADORA TSL4F1000 1000A 4P 415VCA;1;R$ 5.975,81;4;6,5;R$ 388,42
TSL4F1250;SECCIONADORA TSL4F1250 1250A 4P 415VCA;1;R$ 7.469,78;4;6,5;R$ 485,53
TSL4F1600;SECCIONADORA TSL4F1600 1600A 4P 415VCA;1;R$ 9.337,22;4;6,5;R$ 606,91
TSL4F2000;SECCIONADORA TSL4F2000 2000A 4P 415VCA;1;R$ 11.671,52;4;6,5;R$ 758,64
TSLH3A125;SECCIONADORA TSLH3A125 125A 3P MAN EST 690VCA;1;R$ 450,73;4;6,5;R$ 29,29
TSLH3A125D;SECCIONADORA TSLH3A125D 125A 3P OP DIR 690VCA;1;R$ 450,73;4;6,5;R$ 29,29
TSLH3A160;SECCIONADORA TSLH3A160 160A 3P MAN EST 690VCA;1;R$ 450,73;4;6,5;R$ 29,29
TSLH3A160D;SECCIONADORA TSLH3A160D 160A 3P OP DIR 690VCA;1;R$ 450,73;4;6,5;R$ 29,29
TSLH3A200;SECCIONADORA TSLH3A200 200A 3P MAN EST 690VCA;1;R$ 451,76;4;6,5;R$ 29,36
TSLH3A200D;SECCIONADORA TSLH3A200D 200A 3P OP DIR 690VCA;1;R$ 451,76;4;6,5;R$ 29,36
TSLH3A250;SECCIONADORA TSLH3A250 250A 3P MAN EST 690VCA;1;R$ 1.090,04;4;6,5;R$ 70,85
TSLH3A250D;SECCIONADORA TSLH3A250D 250A 3P OP DIR 690VCA;1;R$ 1.090,04;4;6,5;R$ 70,85
TSLH3A315;SECCIONADORA TSLH3A315 315A 3P MAN EST 690VCA;1;R$ 833,94;4;6,5;R$ 54,20
TSLH3A315D;SECCIONADORA TSLH3A315D 315A 3P OP DIR 690VCA;1;R$ 833,94;4;6,5;R$ 54,20
TSLH3B315;SECCIONADORA TSLH3B315 315A 3P MAN EST 690VCA;1;R$ 833,94;4;6,5;R$ 54,20
TSLH3B315D;SECCIONADORA TSLH3B315D 315A 3P OP DIR 690VCA;1;R$ 833,94;4;6,5;R$ 54,20
TSLH3B400;SECCIONADORA TSLH3B400 400A 3P MAN EST 690VCA;1;R$ 1.501,51;4;6,5;R$ 97,59
TSLH3B400D;SECCIONADORA TSLH3B400D 400A 3P OP DIR 690VCA;1;R$ 1.501,51;4;6,5;R$ 97,59
TSLH3B630;SECCIONADORA TSLH3B630 630A 3P MAN EST 690VCA;1;R$ 1.305,44;4;6,5;R$ 84,85
TSLH3B630D;SECCIONADORA TSLH3B630D 630A 3P OP DIR 690VCA;1;R$ 1.305,44;4;6,5;R$ 84,85
TSLH4A125;SECCIONADORA TSLH4A125 125A 4P MAN EST 690VCA;1;R$ 1.621,36;4;6,5;R$ 105,38
TSLH4A125D;SECCIONADORA TSLH4A125D 125A 4P OP DIR 690VCA;1;R$ 1.566,53;4;6,5;R$ 101,82
TSLH4A160;SECCIONADORA TSLH4A160 160A 4P MAN EST 690VCA;1;R$ 1.864,55;4;6,5;R$ 121,19
TSLH4A160D;SECCIONADORA TSLH4A160D 160A 4P OP DIR 690VCA;1;R$ 1.958,16;4;6,5;R$ 127,28
TSLH4A250;SECCIONADORA TSLH4A250 250A 4P MAN EST 690VCA;1;R$ 2.144,24;4;6,5;R$ 139,37
TSLH4A250D;SECCIONADORA TSLH4A250D 250A 4P OP DIR 690VCA;1;R$ 2.447,70;4;6,5;R$ 159,10
TSLH4A315;SECCIONADORA TSLH4A315 315A 4P MAN EST 690VCA;1;R$ 2.465,88;4;6,5;R$ 160,28
TSLH4A315D;SECCIONADORA TSLH4A315D 315A 4P OP DIR 690VCA;1;R$ 3.059,62;4;6,5;R$ 198,87
TSLH4B315;SECCIONADORA TSLH4B315 315A 4P MAN EST 690VCA;1;R$ 2.465,88;4;6,5;R$ 160,28
TSLH4B315D;SECCIONADORA TSLH4B315D 315A 4P OP DIR 690VCA;1;R$ 3.059,62;4;6,5;R$ 198,87
TSLH4B400;SECCIONADORA TSLH4B400 400A 4P MAN EST 690VCA;1;R$ 1.409,88;4;6,5;R$ 91,64
TSLH4B400D;SECCIONADORA TSLH4B400D 400A 4P OP DIR 690VCA;1;R$ 3.824,52;4;6,5;R$ 248,59
TSLH4B630;SECCIONADORA TSLH4B630 630A 4P MAN EST 690VCA;1;R$ 2.835,76;4;6,5;R$ 184,32
TSLH4B630D;SECCIONADORA TSLH4B630D 630A 4P OP DIR 690VCA;1;R$ 4.780,65;4;6,5;R$ 310,74
TSLSFA;SEPARADOR DE FASES SECC TSL FRAME 200;1;R$ 7,48;4;6,5;R$ 0,48
TSLSFB;SEPARADOR DE FASES SECC TSL FRAME 400;1;R$ 11,31;4;6,5;R$ 0,73
TSLSFC;SEPARADOR DE FASES SECC TSL FRAME 800;1;R$ 14,85;4;6,5;R$ 0,96
CS91332NCOE;1 HP AUTO + WLC (START 120/150, RUN 1X36);1;R$ 68,90;4;3,25;R$ 2,23
CS91335NEOH;3 HP AUTO + WLC (START 200/250, RUN 2X50);1;R$ 68,90;4;3,25;R$ 2,23
CS91325NEOH;3 HP MANUAL (START 200/250, RUN 2X50 MFD);1;R$ 68,90;4;3,25;R$ 2,23
PPM05220A;PAINEL DE CONT E PROTEÇÃO MONOFAS 0,5CV 220V AUTO;1;R$ 269,16;4;3,25;R$ 8,74
PPM05220M;PAINEL DE CONT E PROTEÇÃO MONOFAS 0,5CV 220V MANU;1;R$ 197,38;4;3,25;R$ 6,41
PPM15220A;PAINEL DE CONT E PROTEÇÃO MONOFAS 1,5CV 220V AUTO;1;R$ 297,49;4;3,25;R$ 9,66
PPM15220M;PAINEL DE CONT E PROTEÇÃO MONOFAS 1,5CV 220V MANU;1;R$ 218,16;4;3,25;R$ 7,09
PPM10220M;PAINEL DE CONT E PROTEÇÃO MONOFAS 1CV 220V MANUAL;1;R$ 207,77;4;3,25;R$ 6,75
PPM20220A;PAINEL DE CONT E PROTEÇÃO MONOFAS 2CV 220V AUTO;1;R$ 311,66;4;3,25;R$ 10,12
PPM20220M;PAINEL DE CONT E PROTEÇÃO MONOFAS 2CV 220V MANUAL;1;R$ 228,54;4;3,25;R$ 7,42
PPM30220A;PAINEL DE CONT E PROTEÇÃO MONOFAS 3CV 220V AUTO;1;R$ 325,83;4;3,25;R$ 10,58
PPM30220M;PAINEL DE CONT E PROTEÇÃO MONOFAS 3CV 220V MANUAL;1;R$ 238,94;4;3,25;R$ 7,76
PPM10220A;PAINEL DE CONT E PROTEÇÃO MONOFÁSICO 1CV 220V AUTO;1;R$ 283,33;4;3,25;R$ 9,20
